,slide,TILs,Stromal,Epithelial,fold
TCGA-AR-A0TU-DX1_left-89903_top-23884_bottom-25129_right-91148.png,TCGA-AR-A0TU-DX1,0.16666666666666666,0.5,0.0,2
TCGA-AR-A0TU-DX1_left-89643_top-23896_bottom-25141_right-90888.png,TCGA-AR-A0TU-DX1,0.05263157894736842,0.05263157894736842,0.3157894736842105,2
TCGA-AR-A0TU-DX1_left-88624_top-23113_bottom-24358_right-89869.png,TCGA-AR-A0TU-DX1,0.0,0.75,0.0,2
TCGA-AR-A0TU-DX1_left-90153_top-24126_bottom-25371_right-91398.png,TCGA-AR-A0TU-DX1,0.05555555555555555,0.16666666666666666,0.5555555555555556,2
TCGA-D8-A143-DX1_left-58588_top-19753_bottom-20992_right-59827.png,TCGA-D8-A143-DX1,0.6944444444444444,0.0,0.0,0
TCGA-D8-A143-DX1_left-58084_top-20002_bottom-21241_right-59322.png,TCGA-D8-A143-DX1,0.5,0.16666666666666666,0.0,0
TCGA-D8-A143-DX1_left-57057_top-22556_bottom-23795_right-58295.png,TCGA-D8-A143-DX1,0.08823529411764706,0.058823529411764705,0.5588235294117647,0
TCGA-D8-A143-DX1_left-58339_top-20005_bottom-21244_right-59578.png,TCGA-D8-A143-DX1,0.6,0.0,0.0,0
TCGA-D8-A143-DX1_left-57812_top-20007_bottom-21246_right-59050.png,TCGA-D8-A143-DX1,0.39285714285714285,0.21428571428571427,0.0,0
TCGA-D8-A143-DX1_left-58591_top-19492_bottom-20731_right-59829.png,TCGA-D8-A143-DX1,0.9117647058823529,0.029411764705882353,0.0,0
TCGA-D8-A143-DX1_left-56025_top-22574_bottom-23813_right-57264.png,TCGA-D8-A143-DX1,0.058823529411764705,0.0,0.5588235294117647,0
TCGA-D8-A143-DX1_left-57064_top-20532_bottom-21771_right-58303.png,TCGA-D8-A143-DX1,0.26666666666666666,0.3333333333333333,0.0,0
TCGA-D8-A1JG-DX1_left-18255_top-69739_bottom-70978_right-19494.png,TCGA-D8-A1JG-DX1,0.7894736842105263,0.02631578947368421,0.0,1
TCGA-D8-A1JG-DX1_left-15699_top-75367_bottom-76606_right-16938.png,TCGA-D8-A1JG-DX1,0.6956521739130435,0.21739130434782608,0.0,1
TCGA-D8-A1JG-DX1_left-20059_top-74588_bottom-75827_right-21297.png,TCGA-D8-A1JG-DX1,0.0,0.0,0.9090909090909091,1
TCGA-D8-A1JG-DX1_left-16976_top-69223_bottom-70462_right-18215.png,TCGA-D8-A1JG-DX1,0.6666666666666666,0.0,0.0,1
TCGA-D8-A1JG-DX1_left-18500_top-70781_bottom-72020_right-19739.png,TCGA-D8-A1JG-DX1,0.0,0.0,1.0,1
TCGA-D8-A1JG-DX1_left-19802_top-72547_bottom-73786_right-21041.png,TCGA-D8-A1JG-DX1,0.0,0.8235294117647058,0.0,1
TCGA-D8-A1JG-DX1_left-16465_top-72043_bottom-73282_right-17704.png,TCGA-D8-A1JG-DX1,0.25,0.4204545454545454,0.0,1
TCGA-D8-A1JG-DX1_left-20830_top-69744_bottom-70983_right-22069.png,TCGA-D8-A1JG-DX1,0.0,0.625,0.375,1
TCGA-A2-A0YE-DX1_left-61785_top-35072_bottom-36299_right-63012.png,TCGA-A2-A0YE-DX1,0.0,0.0,1.0,1
TCGA-A2-A0YE-DX1_left-61787_top-35834_bottom-37061_right-63013.png,TCGA-A2-A0YE-DX1,0.8888888888888888,0.041666666666666664,0.027777777777777776,1
TCGA-A2-A0YE-DX1_left-61274_top-33781_bottom-35008_right-62500.png,TCGA-A2-A0YE-DX1,0.4878048780487805,0.43902439024390244,0.0,1
TCGA-A2-A0YE-DX1_left-61799_top-36095_bottom-37322_right-63025.png,TCGA-A2-A0YE-DX1,0.8777777777777778,0.022222222222222223,0.044444444444444446,1
TCGA-A2-A0YE-DX1_left-61539_top-34047_bottom-35274_right-62765.png,TCGA-A2-A0YE-DX1,0.475,0.325,0.175,1
TCGA-A2-A0YE-DX1_left-62050_top-35829_bottom-37056_right-63277.png,TCGA-A2-A0YE-DX1,0.9080459770114943,0.06896551724137931,0.0,1
TCGA-A2-A0YE-DX1_left-60761_top-34810_bottom-36037_right-61988.png,TCGA-A2-A0YE-DX1,0.22727272727272727,0.5909090909090909,0.18181818181818182,1
TCGA-A2-A0YE-DX1_left-60772_top-36863_bottom-38089_right-61999.png,TCGA-A2-A0YE-DX1,0.14814814814814814,0.5925925925925926,0.2222222222222222,1
TCGA-A2-A0YE-DX1_left-61539_top-36348_bottom-37574_right-62765.png,TCGA-A2-A0YE-DX1,0.8205128205128205,0.15384615384615385,0.0,1
TCGA-A2-A0YE-DX1_left-60001_top-36093_bottom-37319_right-61227.png,TCGA-A2-A0YE-DX1,0.08333333333333333,0.3333333333333333,0.5416666666666666,1
TCGA-A2-A0YE-DX1_left-60515_top-34037_bottom-35264_right-61741.png,TCGA-A2-A0YE-DX1,0.06,0.8,0.06,1
TCGA-A2-A0YE-DX1_left-61782_top-33525_bottom-34751_right-63008.png,TCGA-A2-A0YE-DX1,0.08333333333333333,0.2916666666666667,0.625,1
TCGA-A2-A0YE-DX1_left-61800_top-33792_bottom-35018_right-63026.png,TCGA-A2-A0YE-DX1,0.40909090909090906,0.5,0.045454545454545456,1
TCGA-A2-A0YE-DX1_left-62305_top-35838_bottom-37064_right-63532.png,TCGA-A2-A0YE-DX1,0.8202247191011236,0.11235955056179775,0.0,1
TCGA-A2-A0YE-DX1_left-60766_top-36604_bottom-37831_right-61993.png,TCGA-A2-A0YE-DX1,0.33333333333333337,0.6666666666666666,0.0,1
TCGA-A2-A0YE-DX1_left-61280_top-33522_bottom-34749_right-62506.png,TCGA-A2-A0YE-DX1,0.2727272727272727,0.6363636363636364,0.045454545454545456,1
TCGA-A2-A0YE-DX1_left-60255_top-35850_bottom-37076_right-61481.png,TCGA-A2-A0YE-DX1,0.0,0.10714285714285714,0.8928571428571429,1
TCGA-A2-A0YE-DX1_left-62298_top-35573_bottom-36799_right-63525.png,TCGA-A2-A0YE-DX1,0.8289473684210527,0.11842105263157894,0.0,1
TCGA-A2-A0YE-DX1_left-61795_top-35567_bottom-36793_right-63021.png,TCGA-A2-A0YE-DX1,0.4722222222222222,0.05555555555555555,0.1527777777777778,1
TCGA-A2-A0YE-DX1_left-60763_top-34553_bottom-35779_right-61989.png,TCGA-A2-A0YE-DX1,0.0,0.2826086956521739,0.717391304347826,1
TCGA-A2-A0YE-DX1_left-60260_top-35592_bottom-36819_right-61486.png,TCGA-A2-A0YE-DX1,0.03571428571428571,0.07142857142857142,0.8928571428571429,1
TCGA-A2-A0YE-DX1_left-60000_top-34294_bottom-35520_right-61226.png,TCGA-A2-A0YE-DX1,0.0,0.9545454545454546,0.0,1
TCGA-A2-A0YE-DX1_left-59997_top-34048_bottom-35275_right-61224.png,TCGA-A2-A0YE-DX1,0.0,0.5,0.46875,1
TCGA-A2-A0YE-DX1_left-61278_top-36347_bottom-37573_right-62504.png,TCGA-A2-A0YE-DX1,0.2833333333333333,0.65,0.016666666666666666,1
TCGA-A2-A0YE-DX1_left-61027_top-34047_bottom-35274_right-62254.png,TCGA-A2-A0YE-DX1,0.723404255319149,0.1702127659574468,0.0,1
TCGA-A2-A0YE-DX1_left-61524_top-33779_bottom-35005_right-62751.png,TCGA-A2-A0YE-DX1,0.0,0.9473684210526315,0.0,1
TCGA-A2-A0YE-DX1_left-61775_top-34560_bottom-35786_right-63001.png,TCGA-A2-A0YE-DX1,0.574468085106383,0.1702127659574468,0.0,1
TCGA-A2-A0YE-DX1_left-59742_top-35315_bottom-36542_right-60969.png,TCGA-A2-A0YE-DX1,0.05555555555555555,0.2222222222222222,0.6111111111111112,1
TCGA-A2-A0YE-DX1_left-61282_top-34057_bottom-35283_right-62509.png,TCGA-A2-A0YE-DX1,0.7666666666666667,0.19999999999999998,0.0,1
TCGA-A2-A0YE-DX1_left-59747_top-34804_bottom-36031_right-60973.png,TCGA-A2-A0YE-DX1,0.045454545454545456,0.0,0.9545454545454546,1
TCGA-A2-A0YE-DX1_left-61275_top-35583_bottom-36809_right-62502.png,TCGA-A2-A0YE-DX1,0.3333333333333333,0.3472222222222222,0.0,1
TCGA-EW-A1P1-DX1_left-50600_top-40553_bottom-41789_right-51837.png,TCGA-EW-A1P1-DX1,0.0,0.7222222222222222,0.2222222222222222,1
TCGA-EW-A1P1-DX1_left-52121_top-40301_bottom-41537_right-53358.png,TCGA-EW-A1P1-DX1,0.5,0.47619047619047616,0.023809523809523808,1
TCGA-EW-A1P1-DX1_left-50844_top-40282_bottom-41518_right-52080.png,TCGA-EW-A1P1-DX1,0.0,0.13333333333333333,0.8666666666666667,1
TCGA-EW-A1P1-DX1_left-52633_top-39016_bottom-40253_right-53869.png,TCGA-EW-A1P1-DX1,0.72,0.24,0.0,1
TCGA-EW-A1P1-DX1_left-53652_top-41806_bottom-43043_right-54888.png,TCGA-EW-A1P1-DX1,0.0,0.0,1.0,1
TCGA-EW-A1P1-DX1_left-53407_top-39016_bottom-40253_right-54643.png,TCGA-EW-A1P1-DX1,0.09523809523809523,0.9047619047619048,0.0,1
TCGA-EW-A1P1-DX1_left-50602_top-39282_bottom-40518_right-51838.png,TCGA-EW-A1P1-DX1,0.0,0.3103448275862069,0.6896551724137931,1
TCGA-EW-A1P1-DX1_left-52126_top-40554_bottom-41791_right-53362.png,TCGA-EW-A1P1-DX1,0.625,0.375,0.0,1
TCGA-EW-A1P1-DX1_left-52899_top-39516_bottom-40752_right-54135.png,TCGA-EW-A1P1-DX1,0.16666666666666666,0.5833333333333334,0.0,1
TCGA-EW-A1P1-DX1_left-52631_top-41330_bottom-42566_right-53867.png,TCGA-EW-A1P1-DX1,0.4444444444444444,0.5555555555555556,0.0,1
TCGA-EW-A1P1-DX1_left-53416_top-42338_bottom-43574_right-54652.png,TCGA-EW-A1P1-DX1,0.16,0.4,0.16,1
TCGA-EW-A1P1-DX1_left-52628_top-39513_bottom-40749_right-53865.png,TCGA-EW-A1P1-DX1,0.08,0.88,0.0,1
TCGA-EW-A1P1-DX1_left-53139_top-39014_bottom-40250_right-54375.png,TCGA-EW-A1P1-DX1,0.14285714285714285,0.7142857142857143,0.0,1
TCGA-EW-A1P1-DX1_left-51855_top-39003_bottom-40239_right-53091.png,TCGA-EW-A1P1-DX1,0.2894736842105263,0.7105263157894737,0.0,1
TCGA-EW-A1P1-DX1_left-52381_top-39009_bottom-40245_right-53617.png,TCGA-EW-A1P1-DX1,0.835820895522388,0.1044776119402985,0.0,1
TCGA-EW-A1P1-DX1_left-51617_top-42347_bottom-43583_right-52853.png,TCGA-EW-A1P1-DX1,0.0,0.0,1.0,1
TCGA-EW-A1P1-DX1_left-51864_top-40280_bottom-41517_right-53100.png,TCGA-EW-A1P1-DX1,0.34615384615384615,0.6538461538461539,0.0,1
TCGA-EW-A1P1-DX1_left-53139_top-42089_bottom-43325_right-54375.png,TCGA-EW-A1P1-DX1,0.0,1.0,0.0,1
TCGA-EW-A1P1-DX1_left-52127_top-39018_bottom-40254_right-53364.png,TCGA-EW-A1P1-DX1,0.7169811320754716,0.24528301886792453,0.0,1
TCGA-EW-A1P1-DX1_left-51107_top-40550_bottom-41786_right-52344.png,TCGA-EW-A1P1-DX1,0.0,0.7894736842105263,0.0,1
TCGA-EW-A1P1-DX1_left-52890_top-39266_bottom-40503_right-54127.png,TCGA-EW-A1P1-DX1,0.15789473684210525,0.7368421052631579,0.0,1
TCGA-EW-A1P1-DX1_left-52899_top-41311_bottom-42548_right-54135.png,TCGA-EW-A1P1-DX1,0.23529411764705882,0.7647058823529411,0.0,1
TCGA-EW-A1P1-DX1_left-52631_top-39785_bottom-41022_right-53867.png,TCGA-EW-A1P1-DX1,0.5,0.47058823529411764,0.0,1
TCGA-EW-A1P1-DX1_left-51364_top-40274_bottom-41511_right-52601.png,TCGA-EW-A1P1-DX1,0.0,0.7647058823529411,0.17647058823529413,1
TCGA-EW-A1P1-DX1_left-51360_top-40556_bottom-41792_right-52596.png,TCGA-EW-A1P1-DX1,0.0,1.0,0.0,1
TCGA-EW-A1P1-DX1_left-51867_top-40806_bottom-42042_right-53103.png,TCGA-EW-A1P1-DX1,0.4883720930232558,0.46511627906976744,0.0,1
TCGA-EW-A1P1-DX1_left-52888_top-39788_bottom-41024_right-54124.png,TCGA-EW-A1P1-DX1,0.05263157894736842,0.8947368421052632,0.0,1
TCGA-EW-A1P1-DX1_left-52377_top-41566_bottom-42802_right-53614.png,TCGA-EW-A1P1-DX1,0.14285714285714285,0.7857142857142857,0.0,1
TCGA-BH-A1EW-DX1_left-70347_top-44518_bottom-45744_right-71574.png,TCGA-BH-A1EW-DX1,0.0,0.3333333333333333,0.6666666666666666,1
TCGA-BH-A1EW-DX1_left-67282_top-42738_bottom-43964_right-68509.png,TCGA-BH-A1EW-DX1,0.0,0.13636363636363635,0.5,1
TCGA-BH-A1EW-DX1_left-67532_top-42991_bottom-44217_right-68759.png,TCGA-BH-A1EW-DX1,0.0,0.0,0.43333333333333335,1
TCGA-BH-A1EW-DX1_left-66779_top-43763_bottom-44990_right-68006.png,TCGA-BH-A1EW-DX1,0.0,0.04,0.84,1
TCGA-BH-A1EW-DX1_left-67762_top-43519_bottom-44745_right-68989.png,TCGA-BH-A1EW-DX1,0.0,0.0,1.0,1
TCGA-BH-A1EW-DX1_left-70862_top-43247_bottom-44473_right-72089.png,TCGA-BH-A1EW-DX1,0.034482758620689655,0.1724137931034483,0.7241379310344828,1
TCGA-D8-A142-DX1_left-68814_top-46471_bottom-47709_right-70053.png,TCGA-D8-A142-DX1,0.0,0.3333333333333333,0.5333333333333333,4
TCGA-D8-A142-DX1_left-63943_top-46486_bottom-47725_right-65182.png,TCGA-D8-A142-DX1,0.0,0.0,0.8461538461538461,4
TCGA-D8-A142-DX1_left-69578_top-45960_bottom-47199_right-70817.png,TCGA-D8-A142-DX1,0.2608695652173913,0.43478260869565216,0.0,4
TCGA-D8-A142-DX1_left-64999_top-44950_bottom-46189_right-66238.png,TCGA-D8-A142-DX1,0.0,0.1111111111111111,0.7777777777777778,4
TCGA-D8-A142-DX1_left-68566_top-49286_bottom-50525_right-69805.png,TCGA-D8-A142-DX1,0.0,0.7,0.05,4
TCGA-D8-A142-DX1_left-68066_top-44190_bottom-45429_right-69305.png,TCGA-D8-A142-DX1,0.4444444444444444,0.5185185185185185,0.0,4
TCGA-D8-A142-DX1_left-68826_top-41862_bottom-43100_right-70065.png,TCGA-D8-A142-DX1,0.47368421052631576,0.2631578947368421,0.05263157894736842,4
TCGA-D8-A142-DX1_left-70620_top-44171_bottom-45410_right-71859.png,TCGA-D8-A142-DX1,0.9642857142857143,0.03571428571428571,0.0,4
TCGA-D8-A142-DX1_left-68314_top-44681_bottom-45920_right-69553.png,TCGA-D8-A142-DX1,0.78125,0.125,0.0625,4
TCGA-D8-A142-DX1_left-69843_top-44421_bottom-45660_right-71082.png,TCGA-D8-A142-DX1,0.7678571428571429,0.07142857142857142,0.0,4
TCGA-D8-A142-DX1_left-68565_top-45709_bottom-46947_right-69803.png,TCGA-D8-A142-DX1,0.0,0.07142857142857142,0.9285714285714286,4
TCGA-D8-A142-DX1_left-67794_top-44169_bottom-45407_right-69033.png,TCGA-D8-A142-DX1,0.0,0.9444444444444444,0.0,4
TCGA-D8-A142-DX1_left-68056_top-44952_bottom-46191_right-69295.png,TCGA-D8-A142-DX1,0.5925925925925926,0.1111111111111111,0.14814814814814814,4
TCGA-D8-A142-DX1_left-69847_top-47761_bottom-49000_right-71086.png,TCGA-D8-A142-DX1,0.3333333333333333,0.3333333333333333,0.0,4
TCGA-D8-A142-DX1_left-68318_top-43929_bottom-45168_right-69557.png,TCGA-D8-A142-DX1,0.21052631578947367,0.6842105263157895,0.0,4
TCGA-D8-A142-DX1_left-69082_top-42133_bottom-43371_right-70321.png,TCGA-D8-A142-DX1,0.6363636363636364,0.3181818181818182,0.0,4
TCGA-D8-A142-DX1_left-67794_top-44429_bottom-45667_right-69033.png,TCGA-D8-A142-DX1,0.5384615384615384,0.38461538461538464,0.0,4
TCGA-D8-A142-DX1_left-67798_top-46234_bottom-47472_right-69036.png,TCGA-D8-A142-DX1,0.0,0.0,0.8571428571428571,4
TCGA-D8-A142-DX1_left-69854_top-47236_bottom-48475_right-71093.png,TCGA-D8-A142-DX1,0.6923076923076923,0.23076923076923078,0.0,4
TCGA-D8-A142-DX1_left-70357_top-44172_bottom-45411_right-71596.png,TCGA-D8-A142-DX1,0.9420289855072463,0.028985507246376812,0.0,4
TCGA-D8-A142-DX1_left-63717_top-45715_bottom-46953_right-64956.png,TCGA-D8-A142-DX1,0.0,0.0,0.75,4
TCGA-D8-A142-DX1_left-69071_top-45947_bottom-47186_right-70310.png,TCGA-D8-A142-DX1,0.0,0.0,0.8,4
TCGA-D8-A142-DX1_left-69070_top-46461_bottom-47700_right-70309.png,TCGA-D8-A142-DX1,0.1111111111111111,0.1111111111111111,0.7777777777777778,4
TCGA-D8-A142-DX1_left-68827_top-42387_bottom-43625_right-70066.png,TCGA-D8-A142-DX1,0.7358490566037735,0.1509433962264151,0.0,4
TCGA-D8-A142-DX1_left-68584_top-42644_bottom-43883_right-69823.png,TCGA-D8-A142-DX1,0.8235294117647058,0.14705882352941177,0.0,4
TCGA-D8-A142-DX1_left-69074_top-42637_bottom-43876_right-70313.png,TCGA-D8-A142-DX1,0.8888888888888888,0.06349206349206349,0.0,4
TCGA-D8-A142-DX1_left-65511_top-45973_bottom-47212_right-66750.png,TCGA-D8-A142-DX1,0.0,0.0,0.8888888888888888,4
TCGA-D8-A142-DX1_left-69075_top-48774_bottom-50013_right-70314.png,TCGA-D8-A142-DX1,0.0,0.8571428571428571,0.0,4
TCGA-D8-A142-DX1_left-70357_top-46990_bottom-48228_right-71596.png,TCGA-D8-A142-DX1,0.058823529411764705,0.8235294117647058,0.0,4
TCGA-D8-A142-DX1_left-68826_top-42126_bottom-43365_right-70065.png,TCGA-D8-A142-DX1,0.6,0.2,0.0,4
TCGA-D8-A142-DX1_left-67556_top-48262_bottom-49501_right-68794.png,TCGA-D8-A142-DX1,0.0,0.0,1.0,4
TCGA-D8-A142-DX1_left-64228_top-47244_bottom-48482_right-65466.png,TCGA-D8-A142-DX1,0.0,0.18181818181818182,0.45454545454545453,4
TCGA-D8-A142-DX1_left-70109_top-44934_bottom-46173_right-71348.png,TCGA-D8-A142-DX1,0.7037037037037037,0.2962962962962963,0.0,4
TCGA-D8-A142-DX1_left-68319_top-44939_bottom-46178_right-69558.png,TCGA-D8-A142-DX1,0.6956521739130435,0.13043478260869565,0.0,4
TCGA-D8-A142-DX1_left-66771_top-45725_bottom-46964_right-68009.png,TCGA-D8-A142-DX1,0.09090909090909091,0.0,0.8181818181818182,4
TCGA-D8-A142-DX1_left-70362_top-44688_bottom-45926_right-71601.png,TCGA-D8-A142-DX1,0.8703703703703703,0.1111111111111111,0.0,4
TCGA-D8-A142-DX1_left-69848_top-44685_bottom-45924_right-71087.png,TCGA-D8-A142-DX1,0.9206349206349207,0.07936507936507936,0.0,4
TCGA-D8-A142-DX1_left-67064_top-45732_bottom-46970_right-68303.png,TCGA-D8-A142-DX1,0.07142857142857142,0.0,0.7857142857142857,4
TCGA-D8-A142-DX1_left-70362_top-44431_bottom-45670_right-71601.png,TCGA-D8-A142-DX1,0.8787878787878788,0.015151515151515152,0.0,4
TCGA-D8-A142-DX1_left-69858_top-48025_bottom-49264_right-71097.png,TCGA-D8-A142-DX1,0.0,1.0,0.0,4
TCGA-D8-A142-DX1_left-68050_top-44673_bottom-45912_right-69289.png,TCGA-D8-A142-DX1,0.6666666666666666,0.24242424242424243,0.0,4
TCGA-BH-A0E0-DX1_left-19467_top-44301_bottom-45538_right-20703.png,TCGA-BH-A0E0-DX1,0.0,0.0,1.0,2
TCGA-BH-A0E0-DX1_left-17935_top-47357_bottom-48593_right-19171.png,TCGA-BH-A0E0-DX1,0.7941176470588235,0.14705882352941177,0.0,2
TCGA-BH-A0E0-DX1_left-19469_top-46845_bottom-48081_right-20705.png,TCGA-BH-A0E0-DX1,0.0,0.125,0.875,2
TCGA-BH-A0E0-DX1_left-19720_top-46849_bottom-48085_right-20957.png,TCGA-BH-A0E0-DX1,0.0,0.21052631578947367,0.7894736842105263,2
TCGA-BH-A0E0-DX1_left-19462_top-45301_bottom-46537_right-20698.png,TCGA-BH-A0E0-DX1,0.0,0.0,0.9333333333333333,2
TCGA-BH-A0E0-DX1_left-19724_top-45571_bottom-46808_right-20960.png,TCGA-BH-A0E0-DX1,0.0,0.0,1.0,2
TCGA-BH-A0E0-DX1_left-19217_top-44304_bottom-45540_right-20453.png,TCGA-BH-A0E0-DX1,0.0,0.0,1.0,2
TCGA-OL-A66P-DX1_left-35994_top-23854_bottom-25723_right-37863.png,TCGA-OL-A66P-DX1,0.375,0.4166666666666667,0.0,4
TCGA-OL-A66P-DX1_left-34711_top-25646_bottom-27515_right-36580.png,TCGA-OL-A66P-DX1,0.5,0.4642857142857143,0.0,4
TCGA-OL-A66P-DX1_left-33939_top-20527_bottom-22396_right-35808.png,TCGA-OL-A66P-DX1,0.0,0.0,0.7272727272727273,4
TCGA-OL-A66P-DX1_left-34968_top-23352_bottom-25221_right-36837.png,TCGA-OL-A66P-DX1,0.15384615384615385,0.46153846153846156,0.3076923076923077,4
TCGA-OL-A66P-DX1_left-34729_top-20780_bottom-22649_right-36598.png,TCGA-OL-A66P-DX1,0.3888888888888889,0.0,0.6111111111111112,4
TCGA-OL-A66P-DX1_left-30612_top-24885_bottom-26754_right-32481.png,TCGA-OL-A66P-DX1,0.2222222222222222,0.7222222222222222,0.0,4
TCGA-OL-A66P-DX1_left-36764_top-24115_bottom-25984_right-38633.png,TCGA-OL-A66P-DX1,0.0,0.782608695652174,0.0,4
TCGA-OL-A66P-DX1_left-35720_top-23850_bottom-25719_right-37589.png,TCGA-OL-A66P-DX1,0.2413793103448276,0.5862068965517242,0.0,4
TCGA-OL-A66P-DX1_left-35452_top-20527_bottom-22396_right-37321.png,TCGA-OL-A66P-DX1,0.0,0.0,0.875,4
TCGA-OL-A66P-DX1_left-32148_top-23584_bottom-25453_right-34017.png,TCGA-OL-A66P-DX1,0.5714285714285714,0.42857142857142855,0.0,4
TCGA-OL-A66P-DX1_left-32397_top-25360_bottom-27229_right-34266.png,TCGA-OL-A66P-DX1,0.0,0.0,0.9230769230769231,4
TCGA-OL-A66P-DX1_left-34446_top-22582_bottom-24451_right-36315.png,TCGA-OL-A66P-DX1,0.09090909090909091,0.7727272727272727,0.0,4
TCGA-OL-A66P-DX1_left-36498_top-24108_bottom-25977_right-38367.png,TCGA-OL-A66P-DX1,0.0,0.6,0.0,4
TCGA-OL-A66P-DX1_left-33169_top-21551_bottom-23420_right-35038.png,TCGA-OL-A66P-DX1,0.0,0.2857142857142857,0.5714285714285714,4
TCGA-OL-A66P-DX1_left-34713_top-24867_bottom-26736_right-36582.png,TCGA-OL-A66P-DX1,0.0,0.0,0.9230769230769231,4
TCGA-OL-A66P-DX1_left-34476_top-25152_bottom-27021_right-36345.png,TCGA-OL-A66P-DX1,0.0,0.0,0.9230769230769231,4
TCGA-OL-A66P-DX1_left-33693_top-23352_bottom-25221_right-35562.png,TCGA-OL-A66P-DX1,0.4444444444444444,0.5555555555555556,0.0,4
TCGA-OL-A66P-DX1_left-34957_top-24621_bottom-26490_right-36826.png,TCGA-OL-A66P-DX1,0.0,0.0,0.9230769230769231,4
TCGA-OL-A66P-DX1_left-34434_top-24882_bottom-26751_right-36303.png,TCGA-OL-A66P-DX1,0.0,0.0,0.9166666666666666,4
TCGA-OL-A66P-DX1_left-34450_top-20777_bottom-22646_right-36319.png,TCGA-OL-A66P-DX1,0.19047619047619047,0.8095238095238095,0.0,4
TCGA-OL-A66P-DX1_left-35744_top-23327_bottom-25196_right-37613.png,TCGA-OL-A66P-DX1,0.15,0.7,0.0,4
TCGA-OL-A66P-DX1_left-30858_top-25373_bottom-27242_right-32727.png,TCGA-OL-A66P-DX1,0.0,0.9,0.0,4
TCGA-OL-A66P-DX1_left-37527_top-22315_bottom-24184_right-39396.png,TCGA-OL-A66P-DX1,0.18181818181818182,0.8181818181818182,0.0,4
TCGA-OL-A66P-DX1_left-34200_top-25891_bottom-27760_right-36069.png,TCGA-OL-A66P-DX1,0.41666666666666663,0.2916666666666667,0.0,4
TCGA-OL-A66P-DX1_left-37261_top-21813_bottom-23682_right-39130.png,TCGA-OL-A66P-DX1,0.125,0.875,0.0,4
TCGA-OL-A66P-DX1_left-35472_top-23363_bottom-25232_right-37341.png,TCGA-OL-A66P-DX1,0.2727272727272727,0.7272727272727273,0.0,4
TCGA-OL-A66P-DX1_left-36001_top-25400_bottom-27269_right-37870.png,TCGA-OL-A66P-DX1,0.045454545454545456,0.8636363636363636,0.0,4
TCGA-OL-A66P-DX1_left-36514_top-24372_bottom-26241_right-38383.png,TCGA-OL-A66P-DX1,0.3333333333333333,0.5555555555555556,0.0,4
TCGA-OL-A66P-DX1_left-31867_top-23571_bottom-25440_right-33736.png,TCGA-OL-A66P-DX1,0.1875,0.5,0.25,4
TCGA-OL-A66P-DX1_left-30372_top-22069_bottom-23938_right-32241.png,TCGA-OL-A66P-DX1,0.0,0.0,1.0,4
TCGA-OL-A66P-DX1_left-37540_top-22578_bottom-24447_right-39409.png,TCGA-OL-A66P-DX1,0.14285714285714285,0.5714285714285714,0.0,4
TCGA-OL-A66P-DX1_left-35215_top-20793_bottom-22662_right-37084.png,TCGA-OL-A66P-DX1,0.47368421052631576,0.21052631578947367,0.0,4
TCGA-OL-A66P-DX1_left-30608_top-24617_bottom-26486_right-32477.png,TCGA-OL-A66P-DX1,0.3333333333333333,0.3333333333333333,0.0,4
TCGA-OL-A66P-DX1_left-34956_top-20508_bottom-22377_right-36825.png,TCGA-OL-A66P-DX1,0.0,0.0,0.8181818181818182,4
TCGA-OL-A66P-DX1_left-36487_top-25141_bottom-27010_right-38356.png,TCGA-OL-A66P-DX1,0.15789473684210525,0.736842105263158,0.0,4
TCGA-OL-A66P-DX1_left-35224_top-23854_bottom-25723_right-37093.png,TCGA-OL-A66P-DX1,0.6086956521739131,0.2608695652173913,0.0,4
TCGA-OL-A66P-DX1_left-31130_top-24099_bottom-25968_right-32999.png,TCGA-OL-A66P-DX1,0.38461538461538464,0.5384615384615384,0.0,4
TCGA-OL-A66P-DX1_left-31630_top-25126_bottom-26995_right-33499.png,TCGA-OL-A66P-DX1,0.47058823529411764,0.1764705882352941,0.0,4
TCGA-OL-A66P-DX1_left-31385_top-25657_bottom-27526_right-33254.png,TCGA-OL-A66P-DX1,0.23076923076923078,0.3076923076923077,0.46153846153846156,4
TCGA-OL-A66P-DX1_left-32669_top-25405_bottom-27274_right-34538.png,TCGA-OL-A66P-DX1,0.0,0.0,0.9166666666666666,4
TCGA-OL-A66P-DX1_left-31641_top-25878_bottom-27747_right-33510.png,TCGA-OL-A66P-DX1,0.0,0.0,1.0,4
TCGA-OL-A66P-DX1_left-32674_top-22040_bottom-23909_right-34543.png,TCGA-OL-A66P-DX1,0.0,0.0,0.8,4
TCGA-OL-A66P-DX1_left-33437_top-25641_bottom-27510_right-35306.png,TCGA-OL-A66P-DX1,0.4666666666666667,0.06666666666666667,0.26666666666666666,4
TCGA-OL-A66P-DX1_left-36250_top-23089_bottom-24958_right-38119.png,TCGA-OL-A66P-DX1,0.10714285714285714,0.75,0.0,4
TCGA-OL-A66P-DX1_left-33433_top-22062_bottom-23931_right-35302.png,TCGA-OL-A66P-DX1,0.36363636363636365,0.5,0.0,4
TCGA-OL-A66P-DX1_left-30882_top-24372_bottom-26241_right-32751.png,TCGA-OL-A66P-DX1,0.5,0.14285714285714285,0.0,4
TCGA-OL-A66P-DX1_left-36766_top-24635_bottom-26504_right-38635.png,TCGA-OL-A66P-DX1,0.2222222222222222,0.7777777777777777,0.0,4
TCGA-OL-A66P-DX1_left-34196_top-26165_bottom-28034_right-36065.png,TCGA-OL-A66P-DX1,0.55,0.44999999999999996,0.0,4
TCGA-OL-A66P-DX1_left-34448_top-25646_bottom-27515_right-36317.png,TCGA-OL-A66P-DX1,0.5,0.5,0.0,4
TCGA-OL-A66P-DX1_left-34450_top-21049_bottom-22918_right-36319.png,TCGA-OL-A66P-DX1,0.18181818181818182,0.6818181818181818,0.0,4
TCGA-OL-A66P-DX1_left-37272_top-22578_bottom-24447_right-39141.png,TCGA-OL-A66P-DX1,0.36363636363636365,0.36363636363636365,0.0,4
TCGA-A2-A0T2-DX1_left-66647_top-58571_bottom-59810_right-67886.png,TCGA-A2-A0T2-DX1,0.0,0.0,1.0,0
TCGA-A2-A0T2-DX1_left-64091_top-59065_bottom-60303_right-65330.png,TCGA-A2-A0T2-DX1,0.85,0.0,0.016666666666666666,0
TCGA-A2-A0T2-DX1_left-67923_top-57021_bottom-58260_right-69162.png,TCGA-A2-A0T2-DX1,0.0,0.0,1.0,0
TCGA-A2-A0T2-DX1_left-66651_top-58041_bottom-59280_right-67890.png,TCGA-A2-A0T2-DX1,0.0,0.038461538461538464,0.9615384615384616,0
TCGA-A2-A0T2-DX1_left-67153_top-58307_bottom-59546_right-68392.png,TCGA-A2-A0T2-DX1,0.0,0.0,1.0,0
TCGA-A2-A0T2-DX1_left-63563_top-59054_bottom-60292_right-64801.png,TCGA-A2-A0T2-DX1,1.0,0.0,0.0,0
TCGA-A2-A0T2-DX1_left-63829_top-59065_bottom-60303_right-65067.png,TCGA-A2-A0T2-DX1,1.0,0.0,0.0,0
TCGA-A2-A0T2-DX1_left-67677_top-57279_bottom-58518_right-68915.png,TCGA-A2-A0T2-DX1,0.0,0.0,1.0,0
TCGA-A2-A0T2-DX1_left-66635_top-58306_bottom-59545_right-67874.png,TCGA-A2-A0T2-DX1,0.0,0.0,1.0,0
TCGA-AR-A1AY-DX1_left-63867_top-27339_bottom-28584_right-65112.png,TCGA-AR-A1AY-DX1,0.0,0.30952380952380953,0.5952380952380952,4
TCGA-OL-A5D6-DX1_left-116139_top-41083_bottom-42334_right-117390.png,TCGA-OL-A5D6-DX1,0.0,0.0,0.75,3
TCGA-A2-A3XX-DX1_left-71477_top-42849_bottom-44100_right-72729.png,TCGA-A2-A3XX-DX1,0.0,0.0,0.9629629629629629,2
TCGA-A2-A3XX-DX1_left-70994_top-42852_bottom-44104_right-72245.png,TCGA-A2-A3XX-DX1,0.09090909090909091,0.045454545454545456,0.8636363636363636,2
TCGA-A2-A3XX-DX1_left-70722_top-41832_bottom-43083_right-71974.png,TCGA-A2-A3XX-DX1,0.0,0.35714285714285715,0.5714285714285714,2
TCGA-A2-A3XX-DX1_left-70203_top-41841_bottom-43092_right-71454.png,TCGA-A2-A3XX-DX1,0.11538461538461539,0.19230769230769232,0.6153846153846154,2
TCGA-A2-A3XX-DX1_left-70991_top-41830_bottom-43081_right-72242.png,TCGA-A2-A3XX-DX1,0.0,0.03125,0.9375,2
TCGA-A2-A3XX-DX1_left-70468_top-41821_bottom-43072_right-71719.png,TCGA-A2-A3XX-DX1,0.34782608695652173,0.34782608695652173,0.0,2
TCGA-A2-A3XX-DX1_left-70467_top-42607_bottom-43858_right-71718.png,TCGA-A2-A3XX-DX1,0.034482758620689655,0.0,0.6551724137931034,2
TCGA-A2-A3XX-DX1_left-71755_top-42861_bottom-44112_right-73006.png,TCGA-A2-A3XX-DX1,0.0,0.0,0.7352941176470589,2
TCGA-A2-A3XX-DX1_left-70205_top-42101_bottom-43352_right-71457.png,TCGA-A2-A3XX-DX1,0.07142857142857142,0.0,0.7857142857142857,2
TCGA-A2-A3XX-DX1_left-69946_top-42604_bottom-43856_right-71198.png,TCGA-A2-A3XX-DX1,0.0,0.10714285714285714,0.5714285714285714,2
TCGA-A2-A3XX-DX1_left-70215_top-41579_bottom-42830_right-71466.png,TCGA-A2-A3XX-DX1,0.3448275862068966,0.034482758620689655,0.10344827586206896,2
TCGA-A2-A3XX-DX1_left-72262_top-43102_bottom-44353_right-73513.png,TCGA-A2-A3XX-DX1,0.18181818181818182,0.5,0.18181818181818182,2
TCGA-A2-A3XX-DX1_left-70193_top-43106_bottom-44358_right-71444.png,TCGA-A2-A3XX-DX1,0.0,0.07692307692307693,0.8461538461538461,2
TCGA-A2-A3XX-DX1_left-69945_top-43357_bottom-44608_right-71196.png,TCGA-A2-A3XX-DX1,0.0,0.0,0.5,2
TCGA-A2-A3XX-DX1_left-70991_top-41570_bottom-42822_right-72242.png,TCGA-A2-A3XX-DX1,0.0,0.32,0.6,2
TCGA-A2-A3XX-DX1_left-70705_top-42858_bottom-44110_right-71956.png,TCGA-A2-A3XX-DX1,0.0,0.08,0.76,2
TCGA-D8-A147-DX1_left-67436_top-19835_bottom-21074_right-68675.png,TCGA-D8-A147-DX1,0.8478260869565217,0.10869565217391304,0.021739130434782608,3
TCGA-D8-A147-DX1_left-66921_top-20334_bottom-21573_right-68160.png,TCGA-D8-A147-DX1,0.6833333333333333,0.2,0.0,3
TCGA-D8-A147-DX1_left-67698_top-20346_bottom-21585_right-68937.png,TCGA-D8-A147-DX1,0.0,0.0,0.7916666666666666,3
TCGA-D8-A147-DX1_left-67438_top-20588_bottom-21827_right-68676.png,TCGA-D8-A147-DX1,0.13333333333333333,0.0,0.8,3
TCGA-D8-A147-DX1_left-68205_top-20078_bottom-21317_right-69443.png,TCGA-D8-A147-DX1,0.6060606060606061,0.3333333333333333,0.06060606060606061,3
TCGA-D8-A147-DX1_left-67940_top-19820_bottom-21059_right-69179.png,TCGA-D8-A147-DX1,0.25,0.0,0.75,3
TCGA-D8-A147-DX1_left-67951_top-19327_bottom-20565_right-69189.png,TCGA-D8-A147-DX1,0.4375,0.125,0.4375,3
TCGA-D8-A147-DX1_left-66668_top-19318_bottom-20557_right-67907.png,TCGA-D8-A147-DX1,0.30434782608695654,0.0,0.6086956521739131,3
TCGA-D8-A147-DX1_left-67181_top-19824_bottom-21063_right-68420.png,TCGA-D8-A147-DX1,0.5681818181818182,0.22727272727272727,0.0,3
TCGA-D8-A147-DX1_left-67186_top-20344_bottom-21583_right-68425.png,TCGA-D8-A147-DX1,0.16129032258064516,0.0,0.7096774193548387,3
TCGA-D8-A147-DX1_left-66673_top-20597_bottom-21836_right-67912.png,TCGA-D8-A147-DX1,0.42857142857142855,0.2857142857142857,0.2,3
TCGA-D8-A147-DX1_left-67694_top-19307_bottom-20546_right-68933.png,TCGA-D8-A147-DX1,0.30434782608695654,0.2826086956521739,0.2826086956521739,3
TCGA-D8-A147-DX1_left-66916_top-19842_bottom-21081_right-68155.png,TCGA-D8-A147-DX1,0.2692307692307693,0.038461538461538464,0.6538461538461539,3
TCGA-D8-A147-DX1_left-66673_top-20328_bottom-21567_right-67912.png,TCGA-D8-A147-DX1,0.65625,0.09375,0.25,3
TCGA-AN-A0XU-DX1_left-26916_top-19753_bottom-20970_right-28133.png,TCGA-AN-A0XU-DX1,0.04,0.0,0.96,3
TCGA-AN-A0XU-DX1_left-30503_top-18719_bottom-19935_right-31720.png,TCGA-AN-A0XU-DX1,0.0,0.0,0.9428571428571428,3
TCGA-AN-A0XU-DX1_left-32809_top-21540_bottom-22757_right-34026.png,TCGA-AN-A0XU-DX1,0.08,0.76,0.12,3
TCGA-AN-A0XU-DX1_left-26917_top-20519_bottom-21735_right-28134.png,TCGA-AN-A0XU-DX1,0.0,0.0,1.0,3
TCGA-AN-A0XU-DX1_left-31002_top-18730_bottom-19947_right-32219.png,TCGA-AN-A0XU-DX1,0.0,0.05555555555555555,0.9444444444444444,3
TCGA-AN-A0XU-DX1_left-32035_top-20004_bottom-21221_right-33251.png,TCGA-AN-A0XU-DX1,0.0,0.0,1.0,3
TCGA-AN-A0XU-DX1_left-29475_top-20773_bottom-21990_right-30692.png,TCGA-AN-A0XU-DX1,0.0,0.023809523809523808,0.9285714285714286,3
TCGA-AN-A0XU-DX1_left-26154_top-21024_bottom-22240_right-27371.png,TCGA-AN-A0XU-DX1,0.8378378378378378,0.12162162162162163,0.02702702702702703,3
TCGA-AN-A0XU-DX1_left-28957_top-21024_bottom-22240_right-30174.png,TCGA-AN-A0XU-DX1,0.0,0.0,1.0,3
TCGA-AN-A0XU-DX1_left-26401_top-20254_bottom-21470_right-27618.png,TCGA-AN-A0XU-DX1,0.034482758620689655,0.5172413793103449,0.4482758620689655,3
TCGA-AN-A0XU-DX1_left-29221_top-18475_bottom-19692_right-30438.png,TCGA-AN-A0XU-DX1,0.3,0.16666666666666666,0.5,3
TCGA-AN-A0XU-DX1_left-32552_top-21031_bottom-22247_right-33768.png,TCGA-AN-A0XU-DX1,0.0,0.0,1.0,3
TCGA-AN-A0XU-DX1_left-27943_top-20260_bottom-21476_right-29159.png,TCGA-AN-A0XU-DX1,0.0,0.02857142857142857,0.9428571428571428,3
TCGA-AN-A0XU-DX1_left-27421_top-20268_bottom-21485_right-28638.png,TCGA-AN-A0XU-DX1,0.0,0.0,0.9642857142857143,3
TCGA-AN-A0XU-DX1_left-31525_top-20775_bottom-21992_right-32742.png,TCGA-AN-A0XU-DX1,0.09302325581395349,0.09302325581395349,0.813953488372093,3
TCGA-AN-A0XU-DX1_left-31782_top-20005_bottom-21222_right-32998.png,TCGA-AN-A0XU-DX1,0.21052631578947367,0.10526315789473684,0.6842105263157895,3
TCGA-AN-A0XU-DX1_left-32294_top-20768_bottom-21985_right-33510.png,TCGA-AN-A0XU-DX1,0.023255813953488372,0.023255813953488372,0.9534883720930233,3
TCGA-AN-A0XU-DX1_left-29734_top-18473_bottom-19689_right-30951.png,TCGA-AN-A0XU-DX1,0.0,0.0,0.5853658536585366,3
TCGA-AN-A0XU-DX1_left-32039_top-20527_bottom-21744_right-33256.png,TCGA-AN-A0XU-DX1,0.0,0.0,1.0,3
TCGA-AN-A0XU-DX1_left-30754_top-18979_bottom-20195_right-31970.png,TCGA-AN-A0XU-DX1,0.03125,0.125,0.84375,3
TCGA-AN-A0XU-DX1_left-27935_top-19502_bottom-20718_right-29152.png,TCGA-AN-A0XU-DX1,0.03571428571428571,0.0,0.8571428571428571,3
TCGA-AN-A0XU-DX1_left-30497_top-21280_bottom-22497_right-31714.png,TCGA-AN-A0XU-DX1,0.8545454545454545,0.10909090909090909,0.03636363636363636,3
TCGA-AN-A0XU-DX1_left-26662_top-20002_bottom-21218_right-27878.png,TCGA-AN-A0XU-DX1,0.022222222222222223,0.022222222222222223,0.9333333333333333,3
TCGA-AN-A0XU-DX1_left-31524_top-19753_bottom-20970_right-32740.png,TCGA-AN-A0XU-DX1,0.025,0.0,0.975,3
TCGA-AN-A0XU-DX1_left-26410_top-21290_bottom-22506_right-27626.png,TCGA-AN-A0XU-DX1,0.8421052631578947,0.08771929824561403,0.07017543859649122,3
TCGA-AN-A0XU-DX1_left-29210_top-21281_bottom-22498_right-30427.png,TCGA-AN-A0XU-DX1,0.6666666666666666,0.14814814814814814,0.0,3
TCGA-AN-A0XU-DX1_left-32048_top-21037_bottom-22253_right-33264.png,TCGA-AN-A0XU-DX1,0.0,0.0,1.0,3
TCGA-AN-A0XU-DX1_left-32559_top-20769_bottom-21986_right-33775.png,TCGA-AN-A0XU-DX1,0.06976744186046512,0.0,0.8604651162790697,3
TCGA-AN-A0XU-DX1_left-27417_top-21033_bottom-22250_right-28634.png,TCGA-AN-A0XU-DX1,0.037037037037037035,0.4444444444444444,0.48148148148148145,3
TCGA-AN-A0XU-DX1_left-30238_top-21025_bottom-22242_right-31455.png,TCGA-AN-A0XU-DX1,0.7627118644067797,0.13559322033898305,0.0,3
TCGA-AN-A0XU-DX1_left-26146_top-21285_bottom-22502_right-27363.png,TCGA-AN-A0XU-DX1,0.7692307692307692,0.06153846153846154,0.12307692307692308,3
TCGA-AN-A0XU-DX1_left-26651_top-20517_bottom-21734_right-27868.png,TCGA-AN-A0XU-DX1,0.0,0.32142857142857145,0.2857142857142857,3
TCGA-AN-A0XU-DX1_left-26666_top-20261_bottom-21478_right-27883.png,TCGA-AN-A0XU-DX1,0.03571428571428571,0.0,0.9642857142857143,3
TCGA-AN-A0XU-DX1_left-31012_top-21546_bottom-22763_right-32228.png,TCGA-AN-A0XU-DX1,0.11428571428571428,0.0,0.8857142857142857,3
TCGA-AN-A0XU-DX1_left-29980_top-18724_bottom-19941_right-31197.png,TCGA-AN-A0XU-DX1,0.02564102564102564,0.10256410256410256,0.6923076923076923,3
TCGA-AN-A0XU-DX1_left-29214_top-20767_bottom-21984_right-30431.png,TCGA-AN-A0XU-DX1,0.021739130434782608,0.0,0.9347826086956522,3
TCGA-AN-A0XU-DX1_left-30244_top-21544_bottom-22761_right-31461.png,TCGA-AN-A0XU-DX1,0.6825396825396826,0.25396825396825395,0.0,3
TCGA-E2-A1AZ-DX1_left-51578_top-17346_bottom-18591_right-52823.png,TCGA-E2-A1AZ-DX1,0.0,1.0,0.0,0
TCGA-E2-A1AZ-DX1_left-51843_top-18625_bottom-19870_right-53088.png,TCGA-E2-A1AZ-DX1,0.7954545454545454,0.20454545454545456,0.0,0
TCGA-E2-A1AZ-DX1_left-50554_top-17094_bottom-18339_right-51799.png,TCGA-E2-A1AZ-DX1,0.0,0.0,0.9230769230769231,0
TCGA-E2-A1AZ-DX1_left-50813_top-17100_bottom-18345_right-52058.png,TCGA-E2-A1AZ-DX1,0.0,0.0,0.9375,0
TCGA-E2-A1AZ-DX1_left-51324_top-19402_bottom-20647_right-52569.png,TCGA-E2-A1AZ-DX1,0.0,0.0,1.0,0
TCGA-AR-A0U4-DX1_left-42962_top-70568_bottom-71813_right-44206.png,TCGA-AR-A0U4-DX1,0.0,0.0,0.75,4
TCGA-AR-A0U4-DX1_left-46280_top-70572_bottom-71817_right-47525.png,TCGA-AR-A0U4-DX1,0.550561797752809,0.0,0.12359550561797752,4
TCGA-AR-A0U4-DX1_left-43456_top-69800_bottom-71045_right-44701.png,TCGA-AR-A0U4-DX1,0.10810810810810811,0.0,0.4594594594594595,4
TCGA-AR-A0U4-DX1_left-41401_top-70319_bottom-71564_right-42645.png,TCGA-AR-A0U4-DX1,0.29310344827586204,0.034482758620689655,0.46551724137931033,4
TCGA-AR-A0U4-DX1_left-46287_top-70312_bottom-71557_right-47532.png,TCGA-AR-A0U4-DX1,0.21428571428571427,0.0,0.75,4
TCGA-AR-A0U4-DX1_left-41923_top-70567_bottom-71812_right-43168.png,TCGA-AR-A0U4-DX1,0.0,0.0,1.0,4
TCGA-AR-A0U4-DX1_left-41921_top-70301_bottom-71546_right-43166.png,TCGA-AR-A0U4-DX1,0.0,0.0,0.95,4
TCGA-AR-A0U4-DX1_left-46533_top-70818_bottom-72062_right-47778.png,TCGA-AR-A0U4-DX1,0.7640449438202248,0.011235955056179775,0.0,4
TCGA-AR-A0U4-DX1_left-41410_top-70051_bottom-71295_right-42655.png,TCGA-AR-A0U4-DX1,0.4583333333333333,0.020833333333333332,0.3958333333333333,4
TCGA-AR-A0U4-DX1_left-41672_top-70058_bottom-71303_right-42917.png,TCGA-AR-A0U4-DX1,0.20689655172413793,0.0,0.5517241379310345,4
TCGA-AR-A0U4-DX1_left-43715_top-70571_bottom-71816_right-44960.png,TCGA-AR-A0U4-DX1,0.0,0.0,0.7777777777777778,4
TCGA-AR-A0U4-DX1_left-46269_top-70829_bottom-72073_right-47514.png,TCGA-AR-A0U4-DX1,0.8200000000000001,0.0,0.0,4
TCGA-AR-A0U4-DX1_left-41652_top-69795_bottom-71040_right-42897.png,TCGA-AR-A0U4-DX1,0.0,0.0,0.9047619047619048,4
TCGA-AR-A0U4-DX1_left-42944_top-70824_bottom-72068_right-44189.png,TCGA-AR-A0U4-DX1,0.0,0.0,0.4,4
TCGA-AR-A0U4-DX1_left-41160_top-70583_bottom-71828_right-42405.png,TCGA-AR-A0U4-DX1,0.0,0.0,0.8888888888888888,4
TCGA-AR-A0U4-DX1_left-46273_top-70058_bottom-71303_right-47518.png,TCGA-AR-A0U4-DX1,0.0,0.0,0.0,4
TCGA-E2-A14R-DX1_left-8520_top-60098_bottom-61343_right-9765.png,TCGA-E2-A14R-DX1,0.0,0.0,0.9259259259259259,3
TCGA-E2-A14R-DX1_left-8528_top-60592_bottom-61837_right-9773.png,TCGA-E2-A14R-DX1,0.33333333333333337,0.09523809523809523,0.38095238095238093,3
TCGA-E2-A14R-DX1_left-8024_top-60103_bottom-61348_right-9269.png,TCGA-E2-A14R-DX1,0.0,0.0,0.96875,3
TCGA-E2-A14R-DX1_left-7757_top-60358_bottom-61603_right-9002.png,TCGA-E2-A14R-DX1,0.0,0.0,0.9032258064516129,3
TCGA-E2-A14R-DX1_left-9042_top-60351_bottom-61596_right-10287.png,TCGA-E2-A14R-DX1,0.6666666666666666,0.14814814814814814,0.0,3
TCGA-E2-A14R-DX1_left-8030_top-59580_bottom-60825_right-9275.png,TCGA-E2-A14R-DX1,0.0,0.0,0.6666666666666666,3
TCGA-E2-A14R-DX1_left-8795_top-60601_bottom-61846_right-10040.png,TCGA-E2-A14R-DX1,0.7872340425531915,0.19148936170212766,0.0,3
TCGA-EW-A6SB-DX1_left-37729_top-61213_bottom-62430_right-38946.png,TCGA-EW-A6SB-DX1,1.0,0.0,0.0,3
TCGA-EW-A6SB-DX1_left-37982_top-61215_bottom-62432_right-39199.png,TCGA-EW-A6SB-DX1,0.6666666666666666,0.16666666666666666,0.0,3
TCGA-EW-A6SB-DX1_left-35404_top-57887_bottom-59104_right-36621.png,TCGA-EW-A6SB-DX1,0.78,0.12,0.08,3
TCGA-EW-A6SB-DX1_left-36188_top-60688_bottom-61904_right-37405.png,TCGA-EW-A6SB-DX1,0.26785714285714285,0.08928571428571429,0.39285714285714285,3
TCGA-EW-A6SB-DX1_left-36466_top-56624_bottom-57841_right-37683.png,TCGA-EW-A6SB-DX1,0.38095238095238093,0.023809523809523808,0.38095238095238093,3
TCGA-EW-A6SB-DX1_left-35433_top-57136_bottom-58353_right-36649.png,TCGA-EW-A6SB-DX1,0.08571428571428572,0.0,0.8571428571428571,3
TCGA-EW-A6SB-DX1_left-37721_top-61473_bottom-62690_right-38938.png,TCGA-EW-A6SB-DX1,0.8666666666666667,0.044444444444444446,0.0,3
TCGA-EW-A6SB-DX1_left-35680_top-57115_bottom-58331_right-36896.png,TCGA-EW-A6SB-DX1,0.25,0.0,0.6,3
TCGA-EW-A6SB-DX1_left-35415_top-56860_bottom-58077_right-36631.png,TCGA-EW-A6SB-DX1,0.3939393939393939,0.0,0.5757575757575758,3
TCGA-EW-A6SB-DX1_left-35939_top-58911_bottom-60128_right-37155.png,TCGA-EW-A6SB-DX1,0.9322033898305084,0.0,0.0,3
TCGA-EW-A6SB-DX1_left-36702_top-61208_bottom-62425_right-37918.png,TCGA-EW-A6SB-DX1,0.125,0.625,0.1875,3
TCGA-EW-A6SB-DX1_left-36716_top-57623_bottom-58840_right-37933.png,TCGA-EW-A6SB-DX1,0.4634146341463415,0.3170731707317073,0.04878048780487805,3
TCGA-EW-A6SB-DX1_left-36448_top-57380_bottom-58596_right-37665.png,TCGA-EW-A6SB-DX1,0.05,0.0,0.9,3
TCGA-EW-A6SB-DX1_left-36943_top-57113_bottom-58330_right-38160.png,TCGA-EW-A6SB-DX1,0.06896551724137931,0.0,0.8275862068965517,3
TCGA-EW-A6SB-DX1_left-36957_top-59158_bottom-60375_right-38174.png,TCGA-EW-A6SB-DX1,0.5,0.0,0.5,3
TCGA-EW-A6SB-DX1_left-36697_top-60191_bottom-61408_right-37914.png,TCGA-EW-A6SB-DX1,0.0,0.0,0.9565217391304348,3
TCGA-EW-A6SB-DX1_left-38233_top-61738_bottom-62955_right-39450.png,TCGA-EW-A6SB-DX1,0.8,0.2,0.0,3
TCGA-EW-A6SB-DX1_left-36201_top-57126_bottom-58343_right-37418.png,TCGA-EW-A6SB-DX1,0.9803921568627451,0.0196078431372549,0.0,3
TCGA-EW-A6SB-DX1_left-37234_top-59678_bottom-60894_right-38451.png,TCGA-EW-A6SB-DX1,0.29411764705882354,0.0,0.6470588235294118,3
TCGA-EW-A6SB-DX1_left-36188_top-60963_bottom-62180_right-37405.png,TCGA-EW-A6SB-DX1,1.0,0.0,0.0,3
TCGA-EW-A6SB-DX1_left-36693_top-58146_bottom-59363_right-37910.png,TCGA-EW-A6SB-DX1,0.043478260869565216,0.0,0.9130434782608695,3
TCGA-EW-A6SB-DX1_left-39008_top-61214_bottom-62431_right-40225.png,TCGA-EW-A6SB-DX1,0.4444444444444444,0.4074074074074074,0.07407407407407407,3
TCGA-EW-A6SB-DX1_left-38244_top-61224_bottom-62440_right-39461.png,TCGA-EW-A6SB-DX1,0.8979591836734694,0.061224489795918366,0.0,3
TCGA-EW-A6SB-DX1_left-35654_top-59692_bottom-60909_right-36870.png,TCGA-EW-A6SB-DX1,0.24242424242424243,0.0,0.7575757575757576,3
TCGA-EW-A6SB-DX1_left-36959_top-60438_bottom-61655_right-38176.png,TCGA-EW-A6SB-DX1,0.5405405405405406,0.0,0.43243243243243246,3
TCGA-EW-A6SB-DX1_left-38751_top-59419_bottom-60635_right-39968.png,TCGA-EW-A6SB-DX1,0.06896551724137931,0.034482758620689655,0.6896551724137931,3
TCGA-EW-A6SB-DX1_left-37725_top-60445_bottom-61662_right-38941.png,TCGA-EW-A6SB-DX1,0.8444444444444444,0.15555555555555556,0.0,3
TCGA-EW-A6SB-DX1_left-35673_top-57637_bottom-58854_right-36889.png,TCGA-EW-A6SB-DX1,0.08333333333333333,0.05555555555555555,0.7777777777777778,3
TCGA-EW-A6SB-DX1_left-35429_top-58905_bottom-60122_right-36646.png,TCGA-EW-A6SB-DX1,0.8205128205128206,0.0,0.1794871794871795,3
TCGA-EW-A6SB-DX1_left-37477_top-57628_bottom-58845_right-38694.png,TCGA-EW-A6SB-DX1,0.0,0.0,0.8076923076923077,3
TCGA-EW-A6SB-DX1_left-38496_top-61213_bottom-62430_right-39713.png,TCGA-EW-A6SB-DX1,0.8947368421052632,0.10526315789473684,0.0,3
TCGA-EW-A6SB-DX1_left-37214_top-56852_bottom-58069_right-38430.png,TCGA-EW-A6SB-DX1,0.0,0.0,0.9767441860465116,3
TCGA-EW-A6SB-DX1_left-36697_top-59170_bottom-60387_right-37914.png,TCGA-EW-A6SB-DX1,0.40625,0.0,0.59375,3
TCGA-EW-A6SB-DX1_left-34912_top-58141_bottom-59358_right-36129.png,TCGA-EW-A6SB-DX1,0.8,0.1111111111111111,0.022222222222222223,3
TCGA-EW-A6SB-DX1_left-37462_top-61477_bottom-62693_right-38679.png,TCGA-EW-A6SB-DX1,0.4716981132075472,0.09433962264150944,0.0,3
TCGA-EW-A6SB-DX1_left-37483_top-57107_bottom-58324_right-38700.png,TCGA-EW-A6SB-DX1,0.0,0.0,1.0,3
TCGA-EW-A6SB-DX1_left-35682_top-59421_bottom-60638_right-36899.png,TCGA-EW-A6SB-DX1,0.0,0.0,0.9166666666666666,3
TCGA-EW-A6SB-DX1_left-37979_top-60189_bottom-61405_right-39196.png,TCGA-EW-A6SB-DX1,0.627906976744186,0.13953488372093023,0.20930232558139536,3
TCGA-EW-A6SB-DX1_left-37469_top-61209_bottom-62426_right-38686.png,TCGA-EW-A6SB-DX1,0.8541666666666667,0.14583333333333334,0.0,3
TCGA-EW-A6SB-DX1_left-36187_top-59171_bottom-60388_right-37404.png,TCGA-EW-A6SB-DX1,0.3611111111111111,0.0,0.3611111111111111,3
TCGA-EW-A6SB-DX1_left-35165_top-57132_bottom-58349_right-36382.png,TCGA-EW-A6SB-DX1,0.34375,0.0,0.625,3
TCGA-EW-A6SB-DX1_left-37214_top-59170_bottom-60387_right-38430.png,TCGA-EW-A6SB-DX1,0.36666666666666664,0.03333333333333333,0.6,3
TCGA-EW-A6SB-DX1_left-35446_top-59180_bottom-60397_right-36662.png,TCGA-EW-A6SB-DX1,0.25806451612903225,0.0,0.6451612903225806,3
TCGA-EW-A6SB-DX1_left-37216_top-57118_bottom-58335_right-38433.png,TCGA-EW-A6SB-DX1,0.0,0.0,0.9024390243902439,3
TCGA-EW-A6SB-DX1_left-37988_top-61474_bottom-62691_right-39205.png,TCGA-EW-A6SB-DX1,0.7037037037037037,0.018518518518518517,0.0,3
TCGA-EW-A6SB-DX1_left-35674_top-58665_bottom-59882_right-36890.png,TCGA-EW-A6SB-DX1,0.7894736842105263,0.0,0.18421052631578946,3
TCGA-EW-A6SB-DX1_left-36445_top-59177_bottom-60394_right-37662.png,TCGA-EW-A6SB-DX1,0.2903225806451613,0.0,0.7096774193548387,3
TCGA-EW-A6SB-DX1_left-37968_top-59916_bottom-61133_right-39185.png,TCGA-EW-A6SB-DX1,0.07692307692307693,0.0,0.5769230769230769,3
TCGA-EW-A6SB-DX1_left-36952_top-59947_bottom-61164_right-38169.png,TCGA-EW-A6SB-DX1,0.06060606060606061,0.0,0.8484848484848485,3
TCGA-EW-A6SB-DX1_left-35949_top-59680_bottom-60897_right-37166.png,TCGA-EW-A6SB-DX1,0.05555555555555555,0.0,0.9444444444444444,3
TCGA-EW-A6SB-DX1_left-35934_top-57126_bottom-58343_right-37151.png,TCGA-EW-A6SB-DX1,0.6666666666666667,0.0,0.24444444444444444,3
TCGA-EW-A6SB-DX1_left-39002_top-60456_bottom-61673_right-40219.png,TCGA-EW-A6SB-DX1,0.2857142857142857,0.7142857142857143,0.0,3
TCGA-EW-A6SB-DX1_left-37220_top-57386_bottom-58602_right-38436.png,TCGA-EW-A6SB-DX1,0.03571428571428571,0.0,0.8214285714285714,3
TCGA-EW-A6SB-DX1_left-37474_top-59169_bottom-60386_right-38691.png,TCGA-EW-A6SB-DX1,0.0,0.0,1.0,3
TCGA-EW-A6SB-DX1_left-36458_top-60705_bottom-61922_right-37675.png,TCGA-EW-A6SB-DX1,0.07692307692307693,0.2692307692307692,0.5769230769230769,3
TCGA-BH-A18G-DX1_left-17124_top-2569_bottom-3806_right-18361.png,TCGA-BH-A18G-DX1,0.5625,0.2916666666666667,0.0,4
TCGA-BH-A18G-DX1_left-16861_top-3071_bottom-4308_right-18097.png,TCGA-BH-A18G-DX1,0.08333333333333333,0.2916666666666667,0.3333333333333333,4
TCGA-BH-A18G-DX1_left-16864_top-1534_bottom-2771_right-18101.png,TCGA-BH-A18G-DX1,0.07407407407407407,0.037037037037037035,0.7777777777777778,4
TCGA-BH-A18G-DX1_left-17096_top-791_bottom-2028_right-18333.png,TCGA-BH-A18G-DX1,0.4473684210526316,0.0,0.47368421052631576,4
TCGA-BH-A18G-DX1_left-16851_top-3335_bottom-4571_right-18088.png,TCGA-BH-A18G-DX1,0.03225806451612903,0.1935483870967742,0.3870967741935484,4
TCGA-BH-A0B3-DX1_left-85336_top-42204_bottom-43440_right-86572.png,TCGA-BH-A0B3-DX1,0.0,0.3333333333333333,0.25,1
TCGA-BH-A0B3-DX1_left-85870_top-42429_bottom-43665_right-87106.png,TCGA-BH-A0B3-DX1,0.0,0.0,0.6875,1
TCGA-BH-A0B3-DX1_left-85361_top-42455_bottom-43691_right-86598.png,TCGA-BH-A0B3-DX1,0.0,0.0,0.7916666666666666,1
TCGA-BH-A0B3-DX1_left-87161_top-42726_bottom-43962_right-88398.png,TCGA-BH-A0B3-DX1,0.0,0.07692307692307693,0.6923076923076923,1
TCGA-BH-A0B3-DX1_left-86138_top-42957_bottom-44194_right-87374.png,TCGA-BH-A0B3-DX1,0.0,0.0,0.6818181818181818,1
TCGA-A2-A0T0-DX1_left-72879_top-61026_bottom-62264_right-74118.png,TCGA-A2-A0T0-DX1,0.0,0.8260869565217391,0.08695652173913043,4
TCGA-A2-A0T0-DX1_left-76477_top-59480_bottom-60719_right-77716.png,TCGA-A2-A0T0-DX1,0.0,0.0,0.8536585365853658,4
TCGA-A2-A0T0-DX1_left-75197_top-59466_bottom-60705_right-76436.png,TCGA-A2-A0T0-DX1,0.0,0.4230769230769231,0.5384615384615384,4
TCGA-A2-A0T0-DX1_left-73140_top-61007_bottom-62246_right-74379.png,TCGA-A2-A0T0-DX1,0.0,0.9428571428571428,0.0,4
TCGA-A2-A0T0-DX1_left-73143_top-59733_bottom-60972_right-74382.png,TCGA-A2-A0T0-DX1,0.02127659574468085,0.0,0.9787234042553191,4
TCGA-A2-A0T0-DX1_left-75708_top-59735_bottom-60974_right-76947.png,TCGA-A2-A0T0-DX1,0.045454545454545456,0.09090909090909091,0.8181818181818182,4
TCGA-A2-A0T0-DX1_left-75705_top-60771_bottom-62010_right-76944.png,TCGA-A2-A0T0-DX1,0.029411764705882353,0.9117647058823529,0.0,4
TCGA-A2-A0T0-DX1_left-76224_top-61004_bottom-62243_right-77463.png,TCGA-A2-A0T0-DX1,0.06451612903225806,0.7741935483870968,0.0,4
TCGA-A2-A0T0-DX1_left-75194_top-61023_bottom-62262_right-76433.png,TCGA-A2-A0T0-DX1,0.018518518518518517,0.9074074074074074,0.07407407407407407,4
TCGA-A2-A0T0-DX1_left-75967_top-61007_bottom-62246_right-77206.png,TCGA-A2-A0T0-DX1,0.0,0.868421052631579,0.0,4
TCGA-A2-A0T0-DX1_left-74927_top-59741_bottom-60980_right-76166.png,TCGA-A2-A0T0-DX1,0.05,0.05,0.75,4
TCGA-A2-A0T0-DX1_left-72890_top-59474_bottom-60713_right-74129.png,TCGA-A2-A0T0-DX1,0.0,0.0,1.0,4
TCGA-A2-A0T0-DX1_left-75184_top-60759_bottom-61998_right-76423.png,TCGA-A2-A0T0-DX1,0.023809523809523808,0.9285714285714286,0.0,4
TCGA-A2-A0T0-DX1_left-75444_top-60747_bottom-61986_right-76683.png,TCGA-A2-A0T0-DX1,0.0,0.5588235294117647,0.4411764705882353,4
TCGA-A2-A0T0-DX1_left-74668_top-59719_bottom-60958_right-75907.png,TCGA-A2-A0T0-DX1,0.0,0.0,0.925,4
TCGA-A2-A0T0-DX1_left-73391_top-59473_bottom-60712_right-74630.png,TCGA-A2-A0T0-DX1,0.0,0.0,1.0,4
TCGA-A2-A0T0-DX1_left-75975_top-60770_bottom-62009_right-77214.png,TCGA-A2-A0T0-DX1,0.0,1.0,0.0,4
TCGA-A2-A0T0-DX1_left-74930_top-60000_bottom-61238_right-76169.png,TCGA-A2-A0T0-DX1,0.0,0.0967741935483871,0.8387096774193549,4
TCGA-A2-A0T0-DX1_left-76215_top-60237_bottom-61476_right-77454.png,TCGA-A2-A0T0-DX1,0.08163265306122448,0.7959183673469388,0.08163265306122448,4
TCGA-A2-A0T0-DX1_left-75949_top-60246_bottom-61485_right-77188.png,TCGA-A2-A0T0-DX1,0.12244897959183673,0.8367346938775511,0.0,4
TCGA-A2-A0T0-DX1_left-76468_top-61009_bottom-62248_right-77707.png,TCGA-A2-A0T0-DX1,0.10810810810810811,0.7837837837837838,0.0,4
TCGA-AC-A6IW-DX1_left-16453_top-6507_bottom-7726_right-17673.png,TCGA-AC-A6IW-DX1,0.0,0.0,1.0,1
TCGA-A2-A0YM-DX1_left-50443_top-68731_bottom-69958_right-51670.png,TCGA-A2-A0YM-DX1,0.047619047619047616,0.07142857142857142,0.8571428571428571,4
TCGA-A2-A0YM-DX1_left-46576_top-66942_bottom-68169_right-47802.png,TCGA-A2-A0YM-DX1,0.2826086956521739,0.6739130434782609,0.0,4
TCGA-A2-A0YM-DX1_left-50182_top-70530_bottom-71757_right-51409.png,TCGA-A2-A0YM-DX1,0.0,0.0,0.3023255813953488,4
TCGA-A2-A0YM-DX1_left-49921_top-66960_bottom-68186_right-51148.png,TCGA-A2-A0YM-DX1,0.06382978723404255,0.3404255319148936,0.5957446808510638,4
TCGA-A2-A0YM-DX1_left-50956_top-69766_bottom-70993_right-52182.png,TCGA-A2-A0YM-DX1,0.0,0.0,0.9534883720930233,4
TCGA-A2-A0YM-DX1_left-48903_top-69254_bottom-70480_right-50130.png,TCGA-A2-A0YM-DX1,0.023255813953488372,0.046511627906976744,0.9069767441860465,4
TCGA-A2-A0YM-DX1_left-50669_top-69749_bottom-70976_right-51895.png,TCGA-A2-A0YM-DX1,0.0,0.0,0.9736842105263158,4
TCGA-A2-A0YM-DX1_left-46344_top-68482_bottom-69709_right-47570.png,TCGA-A2-A0YM-DX1,0.16216216216216217,0.7297297297297297,0.10810810810810811,4
TCGA-A2-A0YM-DX1_left-45073_top-68469_bottom-69696_right-46299.png,TCGA-A2-A0YM-DX1,0.0,0.0,0.9024390243902439,4
TCGA-A2-A0YM-DX1_left-50441_top-70528_bottom-71754_right-51667.png,TCGA-A2-A0YM-DX1,0.0,0.0,0.92,4
TCGA-A2-A0YM-DX1_left-48886_top-66937_bottom-68164_right-50113.png,TCGA-A2-A0YM-DX1,0.0,0.0,0.9782608695652174,4
TCGA-A2-A0YM-DX1_left-47102_top-69257_bottom-70484_right-48328.png,TCGA-A2-A0YM-DX1,0.0,0.3870967741935484,0.5161290322580645,4
TCGA-A2-A0YM-DX1_left-45324_top-67943_bottom-69170_right-46551.png,TCGA-A2-A0YM-DX1,0.2631578947368421,0.5964912280701754,0.10526315789473684,4
TCGA-A2-A0YM-DX1_left-50945_top-68983_bottom-70209_right-52172.png,TCGA-A2-A0YM-DX1,0.03333333333333333,0.0,0.9666666666666667,4
TCGA-A2-A0YM-DX1_left-46084_top-70257_bottom-71484_right-47310.png,TCGA-A2-A0YM-DX1,0.025,0.625,0.325,4
TCGA-A2-A0YM-DX1_left-50938_top-70538_bottom-71764_right-52165.png,TCGA-A2-A0YM-DX1,0.0,0.0,0.9591836734693877,4
TCGA-A2-A0YM-DX1_left-48418_top-68473_bottom-69699_right-49645.png,TCGA-A2-A0YM-DX1,0.0196078431372549,0.6470588235294118,0.29411764705882354,4
TCGA-A2-A3XS-DX1_left-24514_top-38784_bottom-40035_right-25764.png,TCGA-A2-A3XS-DX1,0.2,0.75,0.0,3
TCGA-A2-A3XS-DX1_left-23731_top-38255_bottom-39506_right-24981.png,TCGA-A2-A3XS-DX1,0.5555555555555556,0.19444444444444445,0.0,3
TCGA-A2-A3XS-DX1_left-24247_top-38791_bottom-40042_right-25498.png,TCGA-A2-A3XS-DX1,0.6,0.25,0.0,3
TCGA-A2-A3XS-DX1_left-22207_top-38526_bottom-39777_right-23458.png,TCGA-A2-A3XS-DX1,0.8985507246376812,0.028985507246376812,0.0,3
TCGA-A2-A3XS-DX1_left-22469_top-40076_bottom-41327_right-23720.png,TCGA-A2-A3XS-DX1,0.0,0.0,0.8709677419354839,3
TCGA-A2-A3XS-DX1_left-22963_top-37751_bottom-39001_right-24214.png,TCGA-A2-A3XS-DX1,0.675,0.05,0.15,3
TCGA-A2-A3XS-DX1_left-22470_top-38265_bottom-39516_right-23721.png,TCGA-A2-A3XS-DX1,0.5319148936170213,0.10638297872340426,0.19148936170212766,3
TCGA-A2-A3XS-DX1_left-21694_top-39030_bottom-40280_right-22945.png,TCGA-A2-A3XS-DX1,0.40625,0.21875,0.15625,3
TCGA-A2-A3XS-DX1_left-22715_top-39309_bottom-40560_right-23966.png,TCGA-A2-A3XS-DX1,0.038461538461538464,0.11538461538461539,0.7307692307692307,3
TCGA-A2-A3XS-DX1_left-23983_top-38778_bottom-40029_right-25234.png,TCGA-A2-A3XS-DX1,0.84375,0.03125,0.0,3
TCGA-A2-A3XS-DX1_left-26300_top-39803_bottom-41054_right-27550.png,TCGA-A2-A3XS-DX1,0.0,0.0,0.8518518518518519,3
TCGA-A2-A3XS-DX1_left-22460_top-39803_bottom-41054_right-23711.png,TCGA-A2-A3XS-DX1,0.0,0.0,0.8787878787878788,3
TCGA-A2-A3XS-DX1_left-23213_top-38773_bottom-40024_right-24463.png,TCGA-A2-A3XS-DX1,0.8461538461538461,0.07692307692307693,0.05128205128205128,3
TCGA-A2-A3XS-DX1_left-22962_top-39792_bottom-41043_right-24213.png,TCGA-A2-A3XS-DX1,0.06896551724137931,0.10344827586206896,0.5862068965517241,3
TCGA-A2-A3XS-DX1_left-21433_top-39813_bottom-41064_right-22684.png,TCGA-A2-A3XS-DX1,0.0,0.0,0.9615384615384616,3
TCGA-A2-A3XS-DX1_left-21943_top-38018_bottom-39269_right-23194.png,TCGA-A2-A3XS-DX1,0.6206896551724138,0.2413793103448276,0.0,3
TCGA-A2-A3XS-DX1_left-21434_top-37486_bottom-38736_right-22685.png,TCGA-A2-A3XS-DX1,0.6428571428571429,0.14285714285714285,0.0,3
TCGA-A2-A3XS-DX1_left-22196_top-38784_bottom-40035_right-23447.png,TCGA-A2-A3XS-DX1,0.6031746031746031,0.1746031746031746,0.0,3
TCGA-A2-A3XS-DX1_left-22461_top-38786_bottom-40037_right-23712.png,TCGA-A2-A3XS-DX1,0.525,0.175,0.25,3
TCGA-A2-A3XS-DX1_left-25541_top-38280_bottom-39530_right-26792.png,TCGA-A2-A3XS-DX1,0.0,0.13333333333333333,0.8,3
TCGA-A2-A3XS-DX1_left-21446_top-37762_bottom-39012_right-22697.png,TCGA-A2-A3XS-DX1,0.6818181818181818,0.18181818181818182,0.0,3
TCGA-A2-A3XS-DX1_left-22191_top-40061_bottom-41312_right-23442.png,TCGA-A2-A3XS-DX1,0.0,0.0,0.8611111111111112,3
TCGA-A2-A3XS-DX1_left-22197_top-39799_bottom-41050_right-23448.png,TCGA-A2-A3XS-DX1,0.0,0.0,0.9375,3
TCGA-A2-A3XS-DX1_left-22978_top-38014_bottom-39265_right-24229.png,TCGA-A2-A3XS-DX1,0.8461538461538461,0.07692307692307693,0.0,3
TCGA-A2-A3XS-DX1_left-23230_top-38271_bottom-39522_right-24481.png,TCGA-A2-A3XS-DX1,0.9803921568627451,0.0196078431372549,0.0,3
TCGA-A2-A3XS-DX1_left-25775_top-38780_bottom-40031_right-27026.png,TCGA-A2-A3XS-DX1,0.0,0.0,0.8214285714285714,3
TCGA-A2-A3XU-DX1_left-35898_top-27200_bottom-28451_right-37149.png,TCGA-A2-A3XU-DX1,0.0,0.0,1.0,0
TCGA-A2-A3XU-DX1_left-36666_top-27184_bottom-28435_right-37917.png,TCGA-A2-A3XU-DX1,0.0,0.0,0.95,0
TCGA-A2-A3XU-DX1_left-34614_top-27695_bottom-28946_right-35865.png,TCGA-A2-A3XU-DX1,0.0,0.0,1.0,0
TCGA-A2-A3XU-DX1_left-36935_top-26160_bottom-27411_right-38186.png,TCGA-A2-A3XU-DX1,0.0,0.6923076923076923,0.3076923076923077,0
TCGA-A2-A3XU-DX1_left-37189_top-26161_bottom-27412_right-38440.png,TCGA-A2-A3XU-DX1,0.0,0.6,0.2,0
TCGA-A2-A3XU-DX1_left-35134_top-27703_bottom-28954_right-36385.png,TCGA-A2-A3XU-DX1,0.0,0.0,0.8947368421052632,0
TCGA-A2-A3XU-DX1_left-36409_top-26686_bottom-27937_right-37660.png,TCGA-A2-A3XU-DX1,0.0,0.0,1.0,0
TCGA-D8-A27M-DX1_left-55776_top-19453_bottom-20698_right-57020.png,TCGA-D8-A27M-DX1,0.0,0.05555555555555555,0.5555555555555556,3
TCGA-D8-A27M-DX1_left-59602_top-17404_bottom-18649_right-60847.png,TCGA-D8-A27M-DX1,0.7916666666666666,0.041666666666666664,0.0,3
TCGA-D8-A27M-DX1_left-55771_top-17401_bottom-18646_right-57016.png,TCGA-D8-A27M-DX1,0.0,0.0,0.8214285714285714,3
TCGA-D8-A27M-DX1_left-58332_top-16118_bottom-17363_right-59577.png,TCGA-D8-A27M-DX1,0.7272727272727273,0.25,0.022727272727272728,3
TCGA-D8-A27M-DX1_left-58586_top-18940_bottom-20185_right-59831.png,TCGA-D8-A27M-DX1,0.23529411764705882,0.3235294117647059,0.29411764705882354,3
TCGA-D8-A27M-DX1_left-55772_top-18686_bottom-19930_right-57017.png,TCGA-D8-A27M-DX1,0.0,0.25,0.35,3
TCGA-D8-A27M-DX1_left-54727_top-18168_bottom-19413_right-55971.png,TCGA-D8-A27M-DX1,0.0,0.19047619047619047,0.6666666666666666,3
TCGA-D8-A27M-DX1_left-55502_top-19454_bottom-20699_right-56747.png,TCGA-D8-A27M-DX1,0.0,0.0,1.0,3
TCGA-D8-A27M-DX1_left-57036_top-17148_bottom-18393_right-58281.png,TCGA-D8-A27M-DX1,0.0,0.0,0.7894736842105263,3
TCGA-D8-A27M-DX1_left-58589_top-16637_bottom-17882_right-59833.png,TCGA-D8-A27M-DX1,0.8888888888888888,0.013888888888888888,0.0,3
TCGA-D8-A27M-DX1_left-57310_top-19448_bottom-20693_right-58555.png,TCGA-D8-A27M-DX1,0.0,0.16216216216216217,0.8378378378378378,3
TCGA-D8-A27M-DX1_left-55785_top-18433_bottom-19678_right-57030.png,TCGA-D8-A27M-DX1,0.0,0.23529411764705882,0.7647058823529411,3
TCGA-D8-A27M-DX1_left-57798_top-18434_bottom-19679_right-59043.png,TCGA-D8-A27M-DX1,0.0,0.03125,0.96875,3
TCGA-D8-A27M-DX1_left-57818_top-17928_bottom-19173_right-59063.png,TCGA-D8-A27M-DX1,0.0,0.09523809523809523,0.7857142857142857,3
TCGA-D8-A27M-DX1_left-57557_top-17675_bottom-18920_right-58801.png,TCGA-D8-A27M-DX1,0.038461538461538464,0.0,0.0,3
TCGA-D8-A27M-DX1_left-58837_top-16626_bottom-17871_right-60081.png,TCGA-D8-A27M-DX1,0.975,0.0,0.0,3
TCGA-D8-A27M-DX1_left-56030_top-19725_bottom-20970_right-57275.png,TCGA-D8-A27M-DX1,0.0,0.5517241379310345,0.41379310344827586,3
TCGA-D8-A27M-DX1_left-58337_top-16377_bottom-17622_right-59582.png,TCGA-D8-A27M-DX1,0.875,0.05,0.0,3
TCGA-D8-A27M-DX1_left-57047_top-19720_bottom-20965_right-58292.png,TCGA-D8-A27M-DX1,0.0,0.0,0.0,3
TCGA-D8-A27M-DX1_left-56284_top-20214_bottom-21459_right-57529.png,TCGA-D8-A27M-DX1,0.025,0.025,0.875,3
TCGA-D8-A27M-DX1_left-57553_top-18671_bottom-19916_right-58798.png,TCGA-D8-A27M-DX1,0.0,0.0,0.9696969696969697,3
TCGA-BH-A0AV-DX1_left-78501_top-57212_bottom-58439_right-79727.png,TCGA-BH-A0AV-DX1,0.06896551724137931,0.7586206896551724,0.13793103448275862,3
TCGA-BH-A0AV-DX1_left-77964_top-57967_bottom-59194_right-79191.png,TCGA-BH-A0AV-DX1,0.0,0.5161290322580645,0.3225806451612903,3
TCGA-BH-A0AV-DX1_left-81020_top-58988_bottom-60214_right-82246.png,TCGA-BH-A0AV-DX1,0.0,0.3181818181818182,0.6363636363636364,3
TCGA-BH-A0AV-DX1_left-77956_top-59249_bottom-60475_right-79182.png,TCGA-BH-A0AV-DX1,0.36363636363636365,0.3939393939393939,0.0,3
TCGA-BH-A0AV-DX1_left-78224_top-57445_bottom-58671_right-79450.png,TCGA-BH-A0AV-DX1,0.047619047619047616,0.47619047619047616,0.3333333333333333,3
TCGA-BH-A0AV-DX1_left-77964_top-57707_bottom-58934_right-79191.png,TCGA-BH-A0AV-DX1,0.0,0.08888888888888889,0.8,3
TCGA-BH-A0AV-DX1_left-78219_top-57173_bottom-58399_right-79446.png,TCGA-BH-A0AV-DX1,0.021739130434782608,0.15217391304347827,0.7608695652173914,3
TCGA-BH-A0AV-DX1_left-79254_top-57187_bottom-58414_right-80481.png,TCGA-BH-A0AV-DX1,0.021739130434782608,0.15217391304347827,0.6956521739130435,3
TCGA-BH-A0AV-DX1_left-78480_top-58468_bottom-59694_right-79707.png,TCGA-BH-A0AV-DX1,0.0,0.25,0.4722222222222222,3
TCGA-EW-A1PB-DX1_left-58766_top-26990_bottom-28228_right-60004.png,TCGA-EW-A1PB-DX1,0.8571428571428571,0.14285714285714285,0.0,1
TCGA-EW-A1PB-DX1_left-57999_top-27241_bottom-28480_right-59237.png,TCGA-EW-A1PB-DX1,0.8571428571428571,0.13186813186813187,0.0,1
TCGA-A7-A26I-DX1_left-11259_top-25955_bottom-27194_right-12498.png,TCGA-A7-A26I-DX1,0.0,1.0,0.0,4
TCGA-A7-A26I-DX1_left-10984_top-25949_bottom-27188_right-12223.png,TCGA-A7-A26I-DX1,0.3076923076923077,0.6923076923076923,0.0,4
TCGA-A7-A26I-DX1_left-10228_top-26189_bottom-27428_right-11467.png,TCGA-A7-A26I-DX1,0.0,0.0,0.8421052631578947,4
TCGA-A7-A26I-DX1_left-11249_top-26448_bottom-27687_right-12488.png,TCGA-A7-A26I-DX1,0.0,0.0,0.7727272727272727,4
TCGA-A7-A26I-DX1_left-10987_top-27214_bottom-28453_right-12226.png,TCGA-A7-A26I-DX1,0.1111111111111111,0.6666666666666666,0.0,4
TCGA-A7-A26I-DX1_left-10723_top-26973_bottom-28212_right-11962.png,TCGA-A7-A26I-DX1,0.037037037037037035,0.0,0.8148148148148148,4
TCGA-A7-A26I-DX1_left-12015_top-26984_bottom-28223_right-13254.png,TCGA-A7-A26I-DX1,0.0,0.0,0.8780487804878049,4
TCGA-A7-A26I-DX1_left-11497_top-26193_bottom-27432_right-12736.png,TCGA-A7-A26I-DX1,0.0,0.75,0.0,4
TCGA-A7-A26I-DX1_left-10465_top-26707_bottom-27946_right-11704.png,TCGA-A7-A26I-DX1,0.0,0.0,0.9642857142857143,4
TCGA-A7-A26I-DX1_left-11511_top-26958_bottom-28197_right-12750.png,TCGA-A7-A26I-DX1,0.0,0.5,0.4,4
TCGA-A7-A26I-DX1_left-11483_top-26698_bottom-27937_right-12722.png,TCGA-A7-A26I-DX1,0.0,0.1,0.75,4
TCGA-A7-A26I-DX1_left-11229_top-26966_bottom-28205_right-12468.png,TCGA-A7-A26I-DX1,0.0,0.7142857142857143,0.07142857142857142,4
TCGA-A7-A26I-DX1_left-11243_top-27232_bottom-28471_right-12482.png,TCGA-A7-A26I-DX1,0.0,1.0,0.0,4
TCGA-A7-A26I-DX1_left-10226_top-26952_bottom-28191_right-11465.png,TCGA-A7-A26I-DX1,0.0,0.0,0.7058823529411765,4
TCGA-A7-A26I-DX1_left-10481_top-25959_bottom-27198_right-11720.png,TCGA-A7-A26I-DX1,0.0,0.0,0.6666666666666666,4
TCGA-AO-A0J2-DX1_left-34906_top-15360_bottom-15975_right-35521.png,TCGA-AO-A0J2-DX1,0.0,0.012658227848101266,0.7215189873417721,3
TCGA-AO-A0J2-DX1_left-34660_top-14858_bottom-15473_right-35275.png,TCGA-AO-A0J2-DX1,0.0,0.18840579710144928,0.6956521739130435,3
TCGA-AO-A0J2-DX1_left-34660_top-14581_bottom-15197_right-35276.png,TCGA-AO-A0J2-DX1,0.0,0.0851063829787234,0.6595744680851063,3
TCGA-AO-A0J2-DX1_left-35173_top-15366_bottom-15982_right-35789.png,TCGA-AO-A0J2-DX1,0.0,0.0641025641025641,0.7307692307692307,3
TCGA-AO-A0J2-DX1_left-35178_top-14852_bottom-15468_right-35794.png,TCGA-AO-A0J2-DX1,0.0,0.0,0.9,3
TCGA-AO-A0J2-DX1_left-34931_top-14579_bottom-15194_right-35547.png,TCGA-AO-A0J2-DX1,0.0,0.037037037037037035,0.7777777777777778,3
TCGA-AO-A0J2-DX1_left-34398_top-14597_bottom-15212_right-35013.png,TCGA-AO-A0J2-DX1,0.0,0.25806451612903225,0.6129032258064516,3
TCGA-EW-A1PH-DX1_left-5013_top-56166_bottom-57405_right-6251.png,TCGA-EW-A1PH-DX1,0.4666666666666667,0.21666666666666667,0.016666666666666666,1
TCGA-EW-A1PH-DX1_left-7050_top-54880_bottom-56119_right-8288.png,TCGA-EW-A1PH-DX1,0.0,0.0,0.9393939393939394,1
TCGA-EW-A1PH-DX1_left-6542_top-53865_bottom-55104_right-7780.png,TCGA-EW-A1PH-DX1,0.038461538461538464,0.0,0.8846153846153846,1
TCGA-EW-A1PH-DX1_left-7056_top-52589_bottom-53828_right-8294.png,TCGA-EW-A1PH-DX1,0.0,0.0,1.0,1
TCGA-EW-A1PH-DX1_left-6539_top-56414_bottom-57653_right-7778.png,TCGA-EW-A1PH-DX1,0.0,0.0,1.0,1
TCGA-EW-A1PH-DX1_left-6807_top-52575_bottom-53813_right-8045.png,TCGA-EW-A1PH-DX1,0.0,0.0,1.0,1
TCGA-EW-A1PH-DX1_left-6277_top-54621_bottom-55860_right-7515.png,TCGA-EW-A1PH-DX1,0.0,0.0,1.0,1
TCGA-EW-A1PH-DX1_left-6300_top-53609_bottom-54848_right-7538.png,TCGA-EW-A1PH-DX1,0.0,0.0,0.9655172413793104,1
TCGA-EW-A1PH-DX1_left-6538_top-54641_bottom-55880_right-7777.png,TCGA-EW-A1PH-DX1,0.0,0.0,1.0,1
TCGA-EW-A1PH-DX1_left-7825_top-52068_bottom-53307_right-9064.png,TCGA-EW-A1PH-DX1,0.0,0.0,1.0,1
TCGA-EW-A1PH-DX1_left-6552_top-52575_bottom-53813_right-7791.png,TCGA-EW-A1PH-DX1,0.0,0.08333333333333333,0.6666666666666666,1
TCGA-EW-A1PH-DX1_left-4497_top-56164_bottom-57403_right-5736.png,TCGA-EW-A1PH-DX1,0.3409090909090909,0.5681818181818182,0.0,1
TCGA-EW-A1PH-DX1_left-4760_top-56943_bottom-58182_right-5998.png,TCGA-EW-A1PH-DX1,0.717391304347826,0.06521739130434782,0.0,1
TCGA-A2-A3XY-DX1_left-79389_top-36546_bottom-37797_right-80640.png,TCGA-A2-A3XY-DX1,0.20833333333333331,0.7083333333333334,0.0,1
TCGA-A2-A3XY-DX1_left-78099_top-37325_bottom-38576_right-79350.png,TCGA-A2-A3XY-DX1,0.0,0.0,1.0,1
TCGA-A2-A3XY-DX1_left-77573_top-36034_bottom-37285_right-78824.png,TCGA-A2-A3XY-DX1,0.0,0.04,0.96,1
TCGA-A2-A3XY-DX1_left-78350_top-35783_bottom-37034_right-79601.png,TCGA-A2-A3XY-DX1,0.7804878048780488,0.12195121951219512,0.0,1
TCGA-A2-A3XY-DX1_left-77565_top-38596_bottom-39847_right-78816.png,TCGA-A2-A3XY-DX1,0.125,0.375,0.5,1
TCGA-A2-A3XY-DX1_left-76838_top-37573_bottom-38824_right-78089.png,TCGA-A2-A3XY-DX1,0.0,0.12121212121212122,0.8181818181818182,1
TCGA-A2-A3XY-DX1_left-76823_top-36811_bottom-38062_right-78074.png,TCGA-A2-A3XY-DX1,0.0,0.5769230769230769,0.4230769230769231,1
TCGA-A2-A3XY-DX1_left-79371_top-38592_bottom-39843_right-80622.png,TCGA-A2-A3XY-DX1,0.0,0.0,0.9285714285714286,1
TCGA-A2-A3XY-DX1_left-76575_top-37059_bottom-38310_right-77826.png,TCGA-A2-A3XY-DX1,0.0,0.7272727272727273,0.2727272727272727,1
TCGA-A2-A3XY-DX1_left-76312_top-36028_bottom-37279_right-77564.png,TCGA-A2-A3XY-DX1,0.0,0.0,0.967741935483871,1
TCGA-A2-A3XY-DX1_left-76551_top-36814_bottom-38066_right-77802.png,TCGA-A2-A3XY-DX1,0.0,0.36666666666666664,0.6333333333333333,1
TCGA-A2-A3XY-DX1_left-76827_top-36037_bottom-37288_right-78078.png,TCGA-A2-A3XY-DX1,0.0,0.0,0.9642857142857143,1
TCGA-A2-A3XY-DX1_left-79645_top-37314_bottom-38565_right-80897.png,TCGA-A2-A3XY-DX1,1.0,0.0,0.0,1
TCGA-A2-A3XY-DX1_left-78875_top-37314_bottom-38565_right-80126.png,TCGA-A2-A3XY-DX1,0.08333333333333333,0.2916666666666667,0.625,1
TCGA-A2-A3XY-DX1_left-79378_top-35782_bottom-37033_right-80629.png,TCGA-A2-A3XY-DX1,0.9354838709677419,0.06451612903225806,0.0,1
TCGA-A2-A3XY-DX1_left-77589_top-38337_bottom-39588_right-78840.png,TCGA-A2-A3XY-DX1,0.0,0.0,1.0,1
TCGA-A2-A3XY-DX1_left-79895_top-36538_bottom-37789_right-81146.png,TCGA-A2-A3XY-DX1,0.7924528301886793,0.09433962264150944,0.07547169811320754,1
TCGA-A2-A3XY-DX1_left-79380_top-35519_bottom-36770_right-80631.png,TCGA-A2-A3XY-DX1,0.6888888888888889,0.3111111111111111,0.0,1
TCGA-A2-A3XY-DX1_left-77082_top-36025_bottom-37276_right-78333.png,TCGA-A2-A3XY-DX1,0.0,0.0,0.8947368421052632,1
TCGA-AR-A0U1-DX1_left-64719_top-24930_bottom-26175_right-65963.png,TCGA-AR-A0U1-DX1,0.46774193548387094,0.2903225806451613,0.03225806451612903,0
TCGA-AR-A0U1-DX1_left-63944_top-25962_bottom-27207_right-65189.png,TCGA-AR-A0U1-DX1,0.0,0.0,1.0,0
TCGA-AR-A0U1-DX1_left-65748_top-24946_bottom-26191_right-66993.png,TCGA-AR-A0U1-DX1,0.0,0.75,0.0,0
TCGA-AR-A0U1-DX1_left-65494_top-25467_bottom-26712_right-66739.png,TCGA-AR-A0U1-DX1,0.0,0.20833333333333334,0.75,0
TCGA-AR-A0U1-DX1_left-63945_top-25695_bottom-26939_right-65190.png,TCGA-AR-A0U1-DX1,0.0,0.0,1.0,0
TCGA-AR-A0U1-DX1_left-65996_top-25964_bottom-27209_right-67241.png,TCGA-AR-A0U1-DX1,0.45652173913043476,0.32608695652173914,0.1956521739130435,0
TCGA-D8-A1XK-DX1_left-26349_top-51921_bottom-53166_right-27594.png,TCGA-D8-A1XK-DX1,0.203125,0.03125,0.59375,0
TCGA-D8-A1XK-DX1_left-26865_top-51821_bottom-53066_right-28110.png,TCGA-D8-A1XK-DX1,0.2708333333333333,0.25,0.0,0
TCGA-AN-A0AT-DX1_left-32734_top-37056_bottom-38295_right-33973.png,TCGA-AN-A0AT-DX1,0.32608695652173914,0.06521739130434782,0.0,3
TCGA-AN-A0AT-DX1_left-31448_top-38076_bottom-39315_right-32687.png,TCGA-AN-A0AT-DX1,0.7634408602150538,0.010752688172043012,0.0,3
TCGA-AN-A0AT-DX1_left-32982_top-35772_bottom-37012_right-34221.png,TCGA-AN-A0AT-DX1,0.0,0.0,0.8275862068965517,3
TCGA-AN-A0AT-DX1_left-31958_top-37292_bottom-38531_right-33197.png,TCGA-AN-A0AT-DX1,0.21052631578947367,0.47368421052631576,0.05263157894736842,3
TCGA-AN-A0AT-DX1_left-31690_top-37564_bottom-38804_right-32929.png,TCGA-AN-A0AT-DX1,0.1,0.4,0.1,3
TCGA-AN-A0AT-DX1_left-31192_top-37820_bottom-39059_right-32431.png,TCGA-AN-A0AT-DX1,0.4888888888888889,0.0,0.022222222222222223,3
TCGA-AN-A0AT-DX1_left-31952_top-36283_bottom-37522_right-33191.png,TCGA-AN-A0AT-DX1,0.0,0.04,0.48,3
TCGA-AN-A0AT-DX1_left-33232_top-38339_bottom-39578_right-34471.png,TCGA-AN-A0AT-DX1,0.28,0.48,0.0,3
TCGA-AN-A0AT-DX1_left-33496_top-38079_bottom-39318_right-34735.png,TCGA-AN-A0AT-DX1,0.41666666666666663,0.5,0.0,3
TCGA-AN-A0AT-DX1_left-31697_top-38335_bottom-39574_right-32936.png,TCGA-AN-A0AT-DX1,0.7524752475247525,0.0297029702970297,0.0,3
TCGA-AN-A0AT-DX1_left-31187_top-36786_bottom-38026_right-32427.png,TCGA-AN-A0AT-DX1,0.09375,0.0625,0.46875,3
TCGA-AN-A0AT-DX1_left-32459_top-36540_bottom-37779_right-33698.png,TCGA-AN-A0AT-DX1,0.1,0.5,0.03333333333333333,3
TCGA-AN-A0AT-DX1_left-32222_top-36283_bottom-37522_right-33461.png,TCGA-AN-A0AT-DX1,0.0,0.7142857142857143,0.14285714285714285,3
TCGA-AN-A0AT-DX1_left-32981_top-36035_bottom-37274_right-34220.png,TCGA-AN-A0AT-DX1,0.0,0.0,0.8484848484848485,3
TCGA-AN-A0AT-DX1_left-31198_top-36288_bottom-37527_right-32437.png,TCGA-AN-A0AT-DX1,0.0,0.1,0.55,3
TCGA-AN-A0AT-DX1_left-31456_top-36796_bottom-38035_right-32695.png,TCGA-AN-A0AT-DX1,0.0967741935483871,0.03225806451612903,0.12903225806451613,3
TCGA-AN-A0AT-DX1_left-33489_top-37817_bottom-39056_right-34728.png,TCGA-AN-A0AT-DX1,0.0,0.030303030303030304,0.0,3
TCGA-AN-A0AT-DX1_left-31961_top-38327_bottom-39566_right-33200.png,TCGA-AN-A0AT-DX1,0.648936170212766,0.0,0.010638297872340425,3
TCGA-AN-A0AT-DX1_left-31704_top-37831_bottom-39070_right-32943.png,TCGA-AN-A0AT-DX1,0.45454545454545453,0.09090909090909091,0.0,3
TCGA-AN-A0AT-DX1_left-33509_top-37309_bottom-38548_right-34749.png,TCGA-AN-A0AT-DX1,0.2653061224489796,0.489795918367347,0.0,3
TCGA-AN-A0AT-DX1_left-33223_top-37310_bottom-38549_right-34462.png,TCGA-AN-A0AT-DX1,0.3673469387755102,0.02040816326530612,0.0,3
TCGA-AN-A0AT-DX1_left-33248_top-37829_bottom-39069_right-34487.png,TCGA-AN-A0AT-DX1,0.0,0.3488372093023256,0.0,3
TCGA-AN-A0AT-DX1_left-32727_top-37829_bottom-39069_right-33966.png,TCGA-AN-A0AT-DX1,0.4166666666666667,0.4791666666666667,0.0,3
TCGA-AN-A0AT-DX1_left-31186_top-38086_bottom-39325_right-32425.png,TCGA-AN-A0AT-DX1,0.5783132530120482,0.0,0.0,3
TCGA-AN-A0AT-DX1_left-32721_top-36790_bottom-38029_right-33960.png,TCGA-AN-A0AT-DX1,0.46511627906976744,0.0,0.0,3
TCGA-AN-A0AT-DX1_left-31964_top-36019_bottom-37258_right-33203.png,TCGA-AN-A0AT-DX1,0.0,0.0,0.7428571428571429,3
TCGA-AN-A0AT-DX1_left-32989_top-38073_bottom-39312_right-34228.png,TCGA-AN-A0AT-DX1,0.2926829268292683,0.6341463414634146,0.0,3
TCGA-AN-A0AT-DX1_left-33480_top-36290_bottom-37529_right-34720.png,TCGA-AN-A0AT-DX1,0.0,0.0,0.9523809523809523,3
TCGA-OL-A5D7-DX1_left-118562_top-23020_bottom-24271_right-119813.png,TCGA-OL-A5D7-DX1,0.043478260869565216,0.17391304347826086,0.782608695652174,1
TCGA-OL-A5D7-DX1_left-115730_top-28651_bottom-29902_right-116981.png,TCGA-OL-A5D7-DX1,0.12903225806451613,0.7419354838709677,0.0,1
TCGA-OL-A5D7-DX1_left-118292_top-22493_bottom-23744_right-119543.png,TCGA-OL-A5D7-DX1,0.6530612244897959,0.3469387755102041,0.0,1
TCGA-OL-A5D7-DX1_left-116757_top-28143_bottom-29394_right-118008.png,TCGA-OL-A5D7-DX1,0.3333333333333333,0.4166666666666667,0.25,1
TCGA-OL-A5D7-DX1_left-118039_top-23015_bottom-24266_right-119290.png,TCGA-OL-A5D7-DX1,0.42105263157894735,0.42105263157894735,0.0,1
TCGA-OL-A5D7-DX1_left-119076_top-23016_bottom-24267_right-120327.png,TCGA-OL-A5D7-DX1,0.0,0.0,1.0,1
TCGA-OL-A5D7-DX1_left-117528_top-25573_bottom-26824_right-118779.png,TCGA-OL-A5D7-DX1,0.23809523809523808,0.3333333333333333,0.23809523809523808,1
TCGA-OL-A5D7-DX1_left-114964_top-27627_bottom-28878_right-116215.png,TCGA-OL-A5D7-DX1,0.0,0.0,1.0,1
TCGA-A2-A3XT-DX1_left-84103_top-31732_bottom-32984_right-85354.png,TCGA-A2-A3XT-DX1,0.0,0.0,0.8095238095238095,2
TCGA-A2-A3XT-DX1_left-85117_top-29951_bottom-31202_right-86368.png,TCGA-A2-A3XT-DX1,0.0,0.3235294117647059,0.14705882352941177,2
TCGA-A2-A3XT-DX1_left-83831_top-30473_bottom-31724_right-85082.png,TCGA-A2-A3XT-DX1,0.17391304347826086,0.391304347826087,0.13043478260869565,2
TCGA-A2-A3XT-DX1_left-85113_top-30699_bottom-31950_right-86364.png,TCGA-A2-A3XT-DX1,0.037037037037037035,0.4074074074074074,0.3333333333333333,2
TCGA-A2-A3XT-DX1_left-84860_top-30714_bottom-31965_right-86111.png,TCGA-A2-A3XT-DX1,0.0,0.14814814814814814,0.5925925925925926,2
TCGA-A2-A3XT-DX1_left-84601_top-31232_bottom-32483_right-85853.png,TCGA-A2-A3XT-DX1,0.0,0.0,0.95,2
TCGA-A2-A3XT-DX1_left-84860_top-30451_bottom-31702_right-86111.png,TCGA-A2-A3XT-DX1,0.0,0.5416666666666666,0.375,2
TCGA-A2-A3XT-DX1_left-88182_top-30205_bottom-31456_right-89433.png,TCGA-A2-A3XT-DX1,0.0,0.0,0.9047619047619048,2
TCGA-A2-A3XT-DX1_left-85624_top-31736_bottom-32987_right-86875.png,TCGA-A2-A3XT-DX1,0.0,0.7272727272727273,0.18181818181818182,2
TCGA-A2-A3XT-DX1_left-85360_top-31224_bottom-32475_right-86611.png,TCGA-A2-A3XT-DX1,0.0,0.46153846153846156,0.0,2
TCGA-A2-A3XT-DX1_left-87935_top-30455_bottom-31706_right-89186.png,TCGA-A2-A3XT-DX1,0.0,0.0,0.96,2
TCGA-A2-A3XT-DX1_left-83573_top-30982_bottom-32233_right-84824.png,TCGA-A2-A3XT-DX1,0.0,0.0,0.7857142857142857,2
TCGA-A2-A3XT-DX1_left-86403_top-30714_bottom-31965_right-87654.png,TCGA-A2-A3XT-DX1,0.0,0.05263157894736842,0.9473684210526315,2
TCGA-A2-A3XT-DX1_left-85113_top-31487_bottom-32738_right-86364.png,TCGA-A2-A3XT-DX1,0.0,0.8823529411764706,0.0,2
TCGA-A2-A3XT-DX1_left-87419_top-30208_bottom-31459_right-88670.png,TCGA-A2-A3XT-DX1,0.0,0.1875,0.75,2
TCGA-A2-A3XT-DX1_left-87676_top-30193_bottom-31444_right-88927.png,TCGA-A2-A3XT-DX1,0.0,0.2,0.6,2
TCGA-A2-A3XT-DX1_left-87167_top-31737_bottom-32988_right-88418.png,TCGA-A2-A3XT-DX1,0.43478260869565216,0.41304347826086957,0.0,2
TCGA-A2-A3XT-DX1_left-87425_top-29944_bottom-31195_right-88676.png,TCGA-A2-A3XT-DX1,0.05,0.15,0.65,2
TCGA-LL-A73Y-DX1_left-68396_top-50245_bottom-51461_right-69611.png,TCGA-LL-A73Y-DX1,0.5625,0.390625,0.0,1
TCGA-GM-A2DF-DX1_left-52446_top-44306_bottom-45551_right-53690.png,TCGA-GM-A2DF-DX1,0.676470588235294,0.1911764705882353,0.0,4
TCGA-GM-A2DF-DX1_left-53216_top-45078_bottom-46323_right-54461.png,TCGA-GM-A2DF-DX1,0.44680851063829785,0.40425531914893614,0.0851063829787234,4
TCGA-GM-A2DF-DX1_left-51428_top-45080_bottom-46325_right-52673.png,TCGA-GM-A2DF-DX1,0.0,0.0,0.7857142857142857,4
TCGA-GM-A2DF-DX1_left-50657_top-46093_bottom-47338_right-51902.png,TCGA-GM-A2DF-DX1,0.8961038961038961,0.06493506493506493,0.012987012987012988,4
TCGA-GM-A2DF-DX1_left-52707_top-44308_bottom-45553_right-53952.png,TCGA-GM-A2DF-DX1,0.5641025641025641,0.28205128205128205,0.0,4
TCGA-GM-A2DF-DX1_left-51181_top-44801_bottom-46046_right-52426.png,TCGA-GM-A2DF-DX1,0.04,0.12,0.76,4
TCGA-GM-A2DF-DX1_left-53727_top-44042_bottom-45287_right-54972.png,TCGA-GM-A2DF-DX1,0.6617647058823529,0.27941176470588236,0.0,4
TCGA-GM-A2DF-DX1_left-50649_top-44553_bottom-45798_right-51894.png,TCGA-GM-A2DF-DX1,0.7121212121212122,0.28787878787878785,0.0,4
TCGA-GM-A2DF-DX1_left-53219_top-43795_bottom-45040_right-54464.png,TCGA-GM-A2DF-DX1,0.5777777777777777,0.2888888888888889,0.0,4
TCGA-GM-A2DF-DX1_left-50916_top-43778_bottom-45023_right-52161.png,TCGA-GM-A2DF-DX1,0.09090909090909091,0.36363636363636365,0.5,4
TCGA-GM-A2DF-DX1_left-52183_top-45835_bottom-47080_right-53428.png,TCGA-GM-A2DF-DX1,0.0,0.0,1.0,4
TCGA-GM-A2DF-DX1_left-51932_top-46352_bottom-47597_right-53177.png,TCGA-GM-A2DF-DX1,0.8904109589041096,0.1095890410958904,0.0,4
TCGA-GM-A2DF-DX1_left-50651_top-46374_bottom-47619_right-51896.png,TCGA-GM-A2DF-DX1,0.5882352941176471,0.29411764705882354,0.0,4
TCGA-GM-A2DF-DX1_left-50916_top-44046_bottom-45291_right-52161.png,TCGA-GM-A2DF-DX1,0.13043478260869565,0.17391304347826086,0.6086956521739131,4
TCGA-GM-A2DF-DX1_left-51402_top-45321_bottom-46566_right-52647.png,TCGA-GM-A2DF-DX1,0.0,0.0,1.0,4
TCGA-GM-A2DF-DX1_left-53474_top-44563_bottom-45807_right-54719.png,TCGA-GM-A2DF-DX1,0.5957446808510638,0.19148936170212766,0.02127659574468085,4
TCGA-GM-A2DF-DX1_left-52696_top-45328_bottom-46573_right-53941.png,TCGA-GM-A2DF-DX1,0.5833333333333334,0.3333333333333333,0.0,4
TCGA-GM-A2DF-DX1_left-50909_top-46601_bottom-47846_right-52154.png,TCGA-GM-A2DF-DX1,0.746268656716418,0.11940298507462686,0.014925373134328358,4
TCGA-GM-A2DF-DX1_left-51430_top-45839_bottom-47084_right-52675.png,TCGA-GM-A2DF-DX1,0.0,0.0,1.0,4
TCGA-A7-A0CE-DX1_left-64361_top-20816_bottom-22063_right-65608.png,TCGA-A7-A0CE-DX1,0.0,0.0,0.8846153846153846,3
TCGA-A7-A0CE-DX1_left-58473_top-19026_bottom-20272_right-59719.png,TCGA-A7-A0CE-DX1,0.8108108108108107,0.1891891891891892,0.0,3
TCGA-A7-A0CE-DX1_left-64366_top-21842_bottom-23089_right-65612.png,TCGA-A7-A0CE-DX1,0.0,0.7307692307692307,0.0,3
TCGA-A7-A0CE-DX1_left-60262_top-19550_bottom-20797_right-61508.png,TCGA-A7-A0CE-DX1,0.6,0.4,0.0,3
TCGA-A7-A0CE-DX1_left-59250_top-20548_bottom-21795_right-60497.png,TCGA-A7-A0CE-DX1,0.3214285714285714,0.6428571428571429,0.03571428571428571,3
TCGA-A7-A0CE-DX1_left-61035_top-21836_bottom-23083_right-62281.png,TCGA-A7-A0CE-DX1,0.0,0.0,1.0,3
TCGA-A7-A0CE-DX1_left-60276_top-20805_bottom-22052_right-61523.png,TCGA-A7-A0CE-DX1,0.3333333333333333,0.5833333333333334,0.0,3
TCGA-A7-A0CE-DX1_left-59244_top-19279_bottom-20525_right-60491.png,TCGA-A7-A0CE-DX1,0.32432432432432434,0.6216216216216216,0.0,3
TCGA-A7-A0CE-DX1_left-62329_top-21578_bottom-22824_right-63575.png,TCGA-A7-A0CE-DX1,0.0,0.0,1.0,3
TCGA-A7-A0CE-DX1_left-59756_top-19542_bottom-20788_right-61002.png,TCGA-A7-A0CE-DX1,0.43243243243243246,0.5405405405405406,0.0,3
TCGA-A7-A0CE-DX1_left-60011_top-20825_bottom-22071_right-61257.png,TCGA-A7-A0CE-DX1,0.41860465116279066,0.5116279069767442,0.023255813953488372,3
TCGA-A7-A0CE-DX1_left-62047_top-21578_bottom-22824_right-63294.png,TCGA-A7-A0CE-DX1,0.0,0.0,1.0,3
TCGA-A7-A0CE-DX1_left-60278_top-22105_bottom-23351_right-61524.png,TCGA-A7-A0CE-DX1,0.0,0.0,1.0,3
TCGA-A7-A0CE-DX1_left-58991_top-19795_bottom-21041_right-60238.png,TCGA-A7-A0CE-DX1,0.2647058823529412,0.7058823529411765,0.0,3
TCGA-A7-A0CE-DX1_left-60526_top-20292_bottom-21538_right-61772.png,TCGA-A7-A0CE-DX1,0.0,0.14285714285714285,0.8095238095238095,3
TCGA-A7-A0CE-DX1_left-61030_top-21320_bottom-22566_right-62276.png,TCGA-A7-A0CE-DX1,0.04,0.0,0.96,3
TCGA-A7-A0CE-DX1_left-63086_top-19278_bottom-20524_right-64332.png,TCGA-A7-A0CE-DX1,0.0,0.0,1.0,3
TCGA-A7-A0CE-DX1_left-60519_top-21079_bottom-22325_right-61765.png,TCGA-A7-A0CE-DX1,0.07142857142857142,0.0,0.9285714285714286,3
TCGA-A7-A0CE-DX1_left-58475_top-18760_bottom-20007_right-59721.png,TCGA-A7-A0CE-DX1,0.8235294117647058,0.17647058823529413,0.0,3
TCGA-A7-A0CE-DX1_left-59759_top-21061_bottom-22307_right-61006.png,TCGA-A7-A0CE-DX1,0.5,0.40476190476190477,0.0,3
TCGA-A2-A04T-DX1_left-75757_top-40637_bottom-41864_right-76983.png,TCGA-A2-A04T-DX1,0.0,0.0,0.95,1
TCGA-A2-A04T-DX1_left-75244_top-39618_bottom-40844_right-76471.png,TCGA-A2-A04T-DX1,0.0,0.0,0.92,1
TCGA-A2-A04T-DX1_left-77794_top-39353_bottom-40580_right-79021.png,TCGA-A2-A04T-DX1,0.24242424242424243,0.18181818181818182,0.3939393939393939,1
TCGA-A2-A04T-DX1_left-76024_top-39337_bottom-40564_right-77251.png,TCGA-A2-A04T-DX1,0.09523809523809523,0.09523809523809523,0.8095238095238095,1
TCGA-A2-A04T-DX1_left-73196_top-39874_bottom-41101_right-74423.png,TCGA-A2-A04T-DX1,0.38095238095238093,0.19047619047619047,0.38095238095238093,1
TCGA-A2-A04T-DX1_left-76779_top-41393_bottom-42619_right-78005.png,TCGA-A2-A04T-DX1,0.06666666666666667,0.06666666666666667,0.8666666666666667,1
TCGA-A2-A04T-DX1_left-73196_top-41158_bottom-42385_right-74423.png,TCGA-A2-A04T-DX1,0.15384615384615385,0.23076923076923078,0.6153846153846154,1
TCGA-A2-A04T-DX1_left-72924_top-41160_bottom-42387_right-74151.png,TCGA-A2-A04T-DX1,0.0,0.13043478260869565,0.8695652173913043,1
TCGA-A2-A04T-DX1_left-76019_top-39631_bottom-40857_right-77246.png,TCGA-A2-A04T-DX1,0.043478260869565216,0.0,0.9565217391304348,1
TCGA-A2-A04T-DX1_left-76268_top-40388_bottom-41614_right-77495.png,TCGA-A2-A04T-DX1,0.0,0.0,1.0,1
TCGA-A2-A04T-DX1_left-77291_top-39113_bottom-40340_right-78518.png,TCGA-A2-A04T-DX1,0.17391304347826086,0.5217391304347826,0.21739130434782608,1
TCGA-A2-A04T-DX1_left-74989_top-40650_bottom-41877_right-76216.png,TCGA-A2-A04T-DX1,0.3235294117647059,0.17647058823529413,0.4117647058823529,1
TCGA-A2-A04T-DX1_left-73195_top-39354_bottom-40581_right-74421.png,TCGA-A2-A04T-DX1,0.26666666666666666,0.6666666666666666,0.0,1
TCGA-A2-A04T-DX1_left-74227_top-40889_bottom-42115_right-75454.png,TCGA-A2-A04T-DX1,0.5517241379310345,0.3793103448275862,0.0,1
TCGA-A2-A04T-DX1_left-77805_top-41400_bottom-42626_right-79032.png,TCGA-A2-A04T-DX1,0.0,0.1,0.9,1
TCGA-GM-A2DH-DX1_left-54558_top-57857_bottom-59102_right-55803.png,TCGA-GM-A2DH-DX1,0.20833333333333334,0.375,0.0,4
TCGA-GM-A2DH-DX1_left-51737_top-58883_bottom-60128_right-52982.png,TCGA-GM-A2DH-DX1,0.0,0.0,0.5384615384615384,4
TCGA-GM-A2DH-DX1_left-51744_top-58105_bottom-59350_right-52989.png,TCGA-GM-A2DH-DX1,0.0,0.0,1.0,4
TCGA-GM-A2DH-DX1_left-54815_top-57857_bottom-59102_right-56060.png,TCGA-GM-A2DH-DX1,0.2553191489361702,0.3191489361702128,0.0,4
TCGA-GM-A2DH-DX1_left-52497_top-58888_bottom-60133_right-53741.png,TCGA-GM-A2DH-DX1,0.0,0.024390243902439025,0.6341463414634146,4
TCGA-GM-A2DH-DX1_left-51483_top-58109_bottom-59354_right-52728.png,TCGA-GM-A2DH-DX1,0.0,0.0,0.8055555555555556,4
TCGA-GM-A2DH-DX1_left-51226_top-59126_bottom-60371_right-52471.png,TCGA-GM-A2DH-DX1,0.1951219512195122,0.4634146341463415,0.04878048780487805,4
TCGA-GM-A2DH-DX1_left-54301_top-58370_bottom-59615_right-55546.png,TCGA-GM-A2DH-DX1,0.2682926829268293,0.36585365853658536,0.07317073170731707,4
TCGA-GM-A2DH-DX1_left-54313_top-58114_bottom-59359_right-55558.png,TCGA-GM-A2DH-DX1,0.0,0.5483870967741935,0.0,4
TCGA-GM-A2DH-DX1_left-53793_top-57595_bottom-58840_right-55037.png,TCGA-GM-A2DH-DX1,0.0,0.11904761904761904,0.4523809523809524,4
TCGA-GM-A2DH-DX1_left-53023_top-59145_bottom-60390_right-54268.png,TCGA-GM-A2DH-DX1,0.5,0.07142857142857142,0.014285714285714285,4
TCGA-GM-A2DH-DX1_left-55325_top-56561_bottom-57806_right-56570.png,TCGA-GM-A2DH-DX1,0.0,0.0,0.627906976744186,4
TCGA-GM-A2DH-DX1_left-55339_top-57604_bottom-58849_right-56584.png,TCGA-GM-A2DH-DX1,0.0,0.0,0.0,4
TCGA-GM-A2DH-DX1_left-54309_top-57854_bottom-59099_right-55554.png,TCGA-GM-A2DH-DX1,0.0,0.5957446808510638,0.0,4
TCGA-GM-A2DH-DX1_left-54053_top-58091_bottom-59336_right-55298.png,TCGA-GM-A2DH-DX1,0.0,0.14285714285714285,0.45714285714285713,4
TCGA-GM-A2DH-DX1_left-51484_top-57595_bottom-58840_right-52729.png,TCGA-GM-A2DH-DX1,0.0,0.16279069767441862,0.46511627906976744,4
TCGA-GM-A2DH-DX1_left-55079_top-56318_bottom-57563_right-56324.png,TCGA-GM-A2DH-DX1,0.0,0.22857142857142856,0.4,4
TCGA-GM-A2DH-DX1_left-52002_top-57859_bottom-59103_right-53247.png,TCGA-GM-A2DH-DX1,0.03225806451612903,0.22580645161290322,0.3548387096774194,4
TCGA-GM-A2DH-DX1_left-53034_top-58626_bottom-59870_right-54279.png,TCGA-GM-A2DH-DX1,0.20408163265306123,0.14285714285714285,0.08163265306122448,4
TCGA-GM-A2DH-DX1_left-54815_top-57329_bottom-58573_right-56060.png,TCGA-GM-A2DH-DX1,0.0,0.08,0.64,4
TCGA-GM-A2DH-DX1_left-53025_top-58883_bottom-60128_right-54270.png,TCGA-GM-A2DH-DX1,0.28,0.28,0.0,4
TCGA-GM-A2DH-DX1_left-53280_top-56824_bottom-58069_right-54524.png,TCGA-GM-A2DH-DX1,0.2894736842105263,0.5,0.05263157894736842,4
TCGA-GM-A2DH-DX1_left-53295_top-58887_bottom-60132_right-54540.png,TCGA-GM-A2DH-DX1,0.4868421052631579,0.13157894736842105,0.0,4
TCGA-GM-A2DH-DX1_left-53803_top-56570_bottom-57815_right-55048.png,TCGA-GM-A2DH-DX1,0.0,0.2727272727272727,0.5,4
TCGA-GM-A2DH-DX1_left-55333_top-56836_bottom-58081_right-56578.png,TCGA-GM-A2DH-DX1,0.0,0.0,0.7297297297297297,4
TCGA-GM-A2DH-DX1_left-53801_top-57867_bottom-59112_right-55046.png,TCGA-GM-A2DH-DX1,0.0,0.0,0.7209302325581395,4
TCGA-GM-A2DH-DX1_left-53029_top-58356_bottom-59601_right-54274.png,TCGA-GM-A2DH-DX1,0.0,0.0,0.7837837837837838,4
TCGA-GM-A2DH-DX1_left-52015_top-58881_bottom-60126_right-53260.png,TCGA-GM-A2DH-DX1,0.0,0.02702702702702703,0.6216216216216216,4
TCGA-GM-A2DH-DX1_left-52004_top-58111_bottom-59356_right-53249.png,TCGA-GM-A2DH-DX1,0.0,0.0,0.5714285714285714,4
TCGA-GM-A2DH-DX1_left-54568_top-56833_bottom-58077_right-55813.png,TCGA-GM-A2DH-DX1,0.0,0.0,0.6481481481481481,4
TCGA-GM-A2DH-DX1_left-52771_top-58878_bottom-60123_right-54016.png,TCGA-GM-A2DH-DX1,0.16279069767441862,0.3488372093023256,0.0,4
TCGA-GM-A2DH-DX1_left-55071_top-56835_bottom-58080_right-56316.png,TCGA-GM-A2DH-DX1,0.0,0.0,0.7647058823529411,4
TCGA-GM-A2DH-DX1_left-51996_top-58623_bottom-59868_right-53241.png,TCGA-GM-A2DH-DX1,0.0,0.0,0.6904761904761905,4
TCGA-GM-A2DH-DX1_left-54310_top-57598_bottom-58843_right-55555.png,TCGA-GM-A2DH-DX1,0.1702127659574468,0.44680851063829785,0.0,4
TCGA-GM-A2DH-DX1_left-54574_top-58369_bottom-59614_right-55819.png,TCGA-GM-A2DH-DX1,0.1951219512195122,0.5365853658536586,0.0,4
TCGA-GM-A2DH-DX1_left-55075_top-58114_bottom-59359_right-56320.png,TCGA-GM-A2DH-DX1,0.4605263157894737,0.21052631578947367,0.0,4
TCGA-GM-A2DH-DX1_left-53022_top-57850_bottom-59095_right-54267.png,TCGA-GM-A2DH-DX1,0.0,0.0,0.9090909090909091,4
TCGA-A7-A6VV-DX1_left-49979_top-38520_bottom-39765_right-51224.png,TCGA-A7-A6VV-DX1,0.0,0.7368421052631579,0.0,2
TCGA-A7-A6VV-DX1_left-51000_top-39037_bottom-40281_right-52245.png,TCGA-A7-A6VV-DX1,0.0,0.38095238095238093,0.6190476190476191,2
TCGA-A7-A6VV-DX1_left-50508_top-37742_bottom-38987_right-51753.png,TCGA-A7-A6VV-DX1,0.2,0.8,0.0,2
TCGA-A7-A6VV-DX1_left-51001_top-38500_bottom-39745_right-52246.png,TCGA-A7-A6VV-DX1,0.0,0.9090909090909091,0.0,2
TCGA-A7-A6VV-DX1_left-49980_top-39531_bottom-40776_right-51225.png,TCGA-A7-A6VV-DX1,0.0,0.06451612903225806,0.9032258064516129,2
TCGA-A7-A6VV-DX1_left-50210_top-37479_bottom-38724_right-51455.png,TCGA-A7-A6VV-DX1,0.08695652173913043,0.8695652173913043,0.0,2
TCGA-A7-A6VV-DX1_left-51506_top-39018_bottom-40263_right-52751.png,TCGA-A7-A6VV-DX1,0.0,1.0,0.0,2
TCGA-A7-A6VV-DX1_left-52273_top-37485_bottom-38730_right-53518.png,TCGA-A7-A6VV-DX1,0.3793103448275862,0.6206896551724138,0.0,2
TCGA-A7-A6VV-DX1_left-48926_top-39016_bottom-40261_right-50171.png,TCGA-A7-A6VV-DX1,0.0,0.2631578947368421,0.7368421052631579,2
TCGA-A7-A6VV-DX1_left-51513_top-38004_bottom-39249_right-52758.png,TCGA-A7-A6VV-DX1,0.6190476190476191,0.2857142857142857,0.0,2
TCGA-A7-A6VV-DX1_left-49478_top-37494_bottom-38739_right-50723.png,TCGA-A7-A6VV-DX1,0.0,1.0,0.0,2
TCGA-A7-A6VV-DX1_left-49707_top-39793_bottom-41037_right-50952.png,TCGA-A7-A6VV-DX1,0.0,0.42857142857142855,0.47619047619047616,2
TCGA-A7-A6VV-DX1_left-49211_top-39291_bottom-40535_right-50456.png,TCGA-A7-A6VV-DX1,0.0,0.0,0.8709677419354839,2
TCGA-A7-A6VV-DX1_left-50484_top-38252_bottom-39497_right-51728.png,TCGA-A7-A6VV-DX1,0.0,0.6470588235294118,0.23529411764705882,2
TCGA-A7-A6VV-DX1_left-49955_top-37490_bottom-38735_right-51199.png,TCGA-A7-A6VV-DX1,0.0,0.7586206896551724,0.20689655172413793,2
TCGA-A7-A6VV-DX1_left-52521_top-39528_bottom-40772_right-53766.png,TCGA-A7-A6VV-DX1,0.13333333333333333,0.8666666666666667,0.0,2
TCGA-A7-A6VV-DX1_left-52281_top-39785_bottom-41030_right-53526.png,TCGA-A7-A6VV-DX1,0.0,1.0,0.0,2
TCGA-A7-A6VV-DX1_left-48929_top-38013_bottom-39258_right-50174.png,TCGA-A7-A6VV-DX1,0.0,0.07692307692307693,0.8461538461538461,2
TCGA-A7-A6VV-DX1_left-51517_top-39787_bottom-41031_right-52762.png,TCGA-A7-A6VV-DX1,0.0,0.9166666666666666,0.0,2
TCGA-A7-A6VV-DX1_left-52266_top-38521_bottom-39766_right-53510.png,TCGA-A7-A6VV-DX1,0.22857142857142856,0.5142857142857142,0.0,2
TCGA-A7-A6VV-DX1_left-49211_top-38002_bottom-39247_right-50456.png,TCGA-A7-A6VV-DX1,0.0,0.12121212121212122,0.7878787878787878,2
TCGA-A7-A6VV-DX1_left-50741_top-39023_bottom-40268_right-51986.png,TCGA-A7-A6VV-DX1,0.0,0.037037037037037035,0.9259259259259259,2
TCGA-A7-A6VV-DX1_left-49989_top-39799_bottom-41043_right-51234.png,TCGA-A7-A6VV-DX1,0.0,0.8214285714285714,0.10714285714285714,2
TCGA-A7-A6VV-DX1_left-50733_top-39297_bottom-40541_right-51977.png,TCGA-A7-A6VV-DX1,0.08695652173913043,0.7391304347826086,0.0,2
TCGA-A7-A6VV-DX1_left-52280_top-37757_bottom-39001_right-53525.png,TCGA-A7-A6VV-DX1,0.5357142857142857,0.4642857142857143,0.0,2
TCGA-A7-A6VV-DX1_left-49462_top-39822_bottom-41067_right-50707.png,TCGA-A7-A6VV-DX1,0.0,0.1111111111111111,0.6296296296296297,2
TCGA-A7-A6VV-DX1_left-49199_top-37507_bottom-38752_right-50443.png,TCGA-A7-A6VV-DX1,0.04,0.88,0.08,2
TCGA-A7-A6VV-DX1_left-49954_top-37765_bottom-39010_right-51198.png,TCGA-A7-A6VV-DX1,0.0,0.0,1.0,2
TCGA-A7-A6VV-DX1_left-51757_top-38504_bottom-39749_right-53002.png,TCGA-A7-A6VV-DX1,0.0,0.047619047619047616,0.8571428571428571,2
TCGA-A7-A6VV-DX1_left-50469_top-39030_bottom-40275_right-51714.png,TCGA-A7-A6VV-DX1,0.0,0.3,0.6,2
TCGA-S3-AA10-DX1_left-43826_top-24531_bottom-25747_right-45042.png,TCGA-S3-AA10-DX1,0.07317073170731707,0.5853658536585366,0.0,3
TCGA-S3-AA10-DX1_left-44859_top-24785_bottom-26001_right-46075.png,TCGA-S3-AA10-DX1,0.0,0.0,1.0,3
TCGA-S3-AA10-DX1_left-44858_top-24015_bottom-25231_right-46074.png,TCGA-S3-AA10-DX1,0.0,0.0,1.0,3
TCGA-S3-AA10-DX1_left-43598_top-25566_bottom-26782_right-44814.png,TCGA-S3-AA10-DX1,0.38461538461538464,0.38461538461538464,0.02564102564102564,3
TCGA-S3-AA10-DX1_left-44351_top-24528_bottom-25744_right-45567.png,TCGA-S3-AA10-DX1,0.06896551724137931,0.10344827586206896,0.7586206896551724,3
TCGA-S3-AA10-DX1_left-45107_top-24541_bottom-25757_right-46323.png,TCGA-S3-AA10-DX1,0.0,0.0,1.0,3
TCGA-S3-AA10-DX1_left-44099_top-24523_bottom-25739_right-45315.png,TCGA-S3-AA10-DX1,0.05714285714285714,0.4857142857142857,0.0,3
TCGA-S3-AA10-DX1_left-45381_top-24523_bottom-25739_right-46597.png,TCGA-S3-AA10-DX1,0.0,0.0,0.8974358974358975,3
TCGA-S3-AA10-DX1_left-43841_top-26070_bottom-27286_right-45057.png,TCGA-S3-AA10-DX1,0.30303030303030304,0.3939393939393939,0.0,3
TCGA-S3-AA10-DX1_left-44087_top-24787_bottom-26003_right-45303.png,TCGA-S3-AA10-DX1,0.24242424242424243,0.48484848484848486,0.0,3
TCGA-S3-AA10-DX1_left-43588_top-25292_bottom-26508_right-44804.png,TCGA-S3-AA10-DX1,0.3125,0.40625,0.0,3
TCGA-S3-AA10-DX1_left-43587_top-25034_bottom-26250_right-44803.png,TCGA-S3-AA10-DX1,0.46875,0.46875,0.0,3
TCGA-S3-AA10-DX1_left-43339_top-24528_bottom-25744_right-44555.png,TCGA-S3-AA10-DX1,0.023255813953488372,0.8372093023255814,0.0,3
TCGA-S3-AA10-DX1_left-43828_top-26579_bottom-27795_right-45044.png,TCGA-S3-AA10-DX1,0.4117647058823529,0.5882352941176471,0.0,3
TCGA-S3-AA10-DX1_left-44867_top-25548_bottom-26764_right-46083.png,TCGA-S3-AA10-DX1,0.0,0.0,0.9047619047619048,3
TCGA-S3-AA10-DX1_left-43833_top-24014_bottom-25230_right-45049.png,TCGA-S3-AA10-DX1,0.6666666666666666,0.16666666666666666,0.0,3
TCGA-S3-AA10-DX1_left-43857_top-24269_bottom-25485_right-45073.png,TCGA-S3-AA10-DX1,0.07894736842105263,0.3684210526315789,0.02631578947368421,3
TCGA-S3-AA10-DX1_left-44351_top-26324_bottom-27540_right-45567.png,TCGA-S3-AA10-DX1,0.603448275862069,0.1896551724137931,0.034482758620689655,3
TCGA-S3-AA10-DX1_left-44346_top-26585_bottom-27801_right-45562.png,TCGA-S3-AA10-DX1,0.4482758620689655,0.27586206896551724,0.0,3
TCGA-S3-AA10-DX1_left-44357_top-24018_bottom-25234_right-45573.png,TCGA-S3-AA10-DX1,0.0,0.0,0.8333333333333334,3
TCGA-S3-AA10-DX1_left-43838_top-25801_bottom-27017_right-45054.png,TCGA-S3-AA10-DX1,0.24489795918367346,0.24489795918367346,0.16326530612244897,3
TCGA-S3-AA10-DX1_left-44099_top-26072_bottom-27288_right-45315.png,TCGA-S3-AA10-DX1,0.2702702702702703,0.2972972972972973,0.1891891891891892,3
TCGA-E2-A1LK-DX1_left-78708_top-27868_bottom-29107_right-79947.png,TCGA-E2-A1LK-DX1,0.3018867924528302,0.5849056603773585,0.0,0
TCGA-E2-A1LK-DX1_left-76927_top-31447_bottom-32686_right-78166.png,TCGA-E2-A1LK-DX1,0.0,0.0,1.0,0
TCGA-E2-A1LK-DX1_left-76628_top-31451_bottom-32690_right-77867.png,TCGA-E2-A1LK-DX1,0.0,0.0,1.0,0
TCGA-E2-A1LK-DX1_left-77163_top-33743_bottom-34982_right-78402.png,TCGA-E2-A1LK-DX1,0.0,0.23529411764705882,0.7647058823529411,0
TCGA-E2-A1LK-DX1_left-79990_top-29671_bottom-30910_right-81229.png,TCGA-E2-A1LK-DX1,0.0,0.5789473684210527,0.3684210526315789,0
TCGA-E2-A1LK-DX1_left-77923_top-31196_bottom-32434_right-79161.png,TCGA-E2-A1LK-DX1,0.0,0.0,1.0,0
TCGA-E2-A1LK-DX1_left-76404_top-33735_bottom-34974_right-77643.png,TCGA-E2-A1LK-DX1,0.0,0.0,1.0,0
TCGA-E2-A1LK-DX1_left-76918_top-33239_bottom-34478_right-78157.png,TCGA-E2-A1LK-DX1,0.0,0.0,1.0,0
TCGA-E2-A1LK-DX1_left-77700_top-33244_bottom-34483_right-78939.png,TCGA-E2-A1LK-DX1,0.0,0.0,1.0,0
TCGA-E2-A1LK-DX1_left-75614_top-33760_bottom-34999_right-76853.png,TCGA-E2-A1LK-DX1,0.0,0.0,0.9285714285714286,0
TCGA-E2-A1LH-DX1_left-24586_top-26226_bottom-27465_right-25825.png,TCGA-E2-A1LH-DX1,0.13333333333333333,0.26666666666666666,0.2,4
TCGA-E2-A1LH-DX1_left-25356_top-25957_bottom-27197_right-26596.png,TCGA-E2-A1LH-DX1,0.4186046511627907,0.20930232558139536,0.0,4
TCGA-E2-A1LH-DX1_left-24834_top-26479_bottom-27718_right-26073.png,TCGA-E2-A1LH-DX1,0.30303030303030304,0.30303030303030304,0.15151515151515152,4
TCGA-E2-A1LH-DX1_left-23313_top-24164_bottom-25403_right-24552.png,TCGA-E2-A1LH-DX1,0.8217821782178217,0.0,0.0,4
TCGA-E2-A1LH-DX1_left-23039_top-24940_bottom-26179_right-24278.png,TCGA-E2-A1LH-DX1,0.05555555555555555,0.4722222222222222,0.25,4
TCGA-E2-A1LH-DX1_left-25337_top-25190_bottom-26429_right-26576.png,TCGA-E2-A1LH-DX1,0.6666666666666667,0.016666666666666666,0.0,4
TCGA-E2-A1LH-DX1_left-23813_top-25961_bottom-27200_right-25052.png,TCGA-E2-A1LH-DX1,0.0,0.0,1.0,4
TCGA-E2-A1LH-DX1_left-25337_top-24169_bottom-25408_right-26576.png,TCGA-E2-A1LH-DX1,0.0,0.0,1.0,4
TCGA-E2-A1LH-DX1_left-23050_top-24680_bottom-25919_right-24289.png,TCGA-E2-A1LH-DX1,0.64,0.3,0.0,4
TCGA-E2-A1LH-DX1_left-24581_top-25702_bottom-26941_right-25820.png,TCGA-E2-A1LH-DX1,0.3333333333333333,0.36666666666666664,0.0,4
TCGA-E2-A1LH-DX1_left-25347_top-24672_bottom-25911_right-26586.png,TCGA-E2-A1LH-DX1,0.0,0.11538461538461539,0.5384615384615384,4
TCGA-E2-A1LH-DX1_left-23809_top-26225_bottom-27464_right-25048.png,TCGA-E2-A1LH-DX1,0.0,0.0,0.8888888888888888,4
TCGA-E2-A1LH-DX1_left-23059_top-25449_bottom-26688_right-24298.png,TCGA-E2-A1LH-DX1,0.0,0.0,1.0,4
TCGA-E2-A1LH-DX1_left-24585_top-25193_bottom-26432_right-25824.png,TCGA-E2-A1LH-DX1,0.5606060606060606,0.19696969696969696,0.0,4
TCGA-E2-A1LH-DX1_left-22789_top-24428_bottom-25667_right-24028.png,TCGA-E2-A1LH-DX1,0.8125,0.0375,0.0,4
TCGA-E2-A1LH-DX1_left-23313_top-25707_bottom-26946_right-24552.png,TCGA-E2-A1LH-DX1,0.45454545454545453,0.24242424242424243,0.15151515151515152,4
TCGA-E2-A1LH-DX1_left-25348_top-26477_bottom-27716_right-26587.png,TCGA-E2-A1LH-DX1,0.0,0.0,1.0,4
TCGA-E2-A1LH-DX1_left-22790_top-25949_bottom-27188_right-24029.png,TCGA-E2-A1LH-DX1,0.35294117647058826,0.35294117647058826,0.0,4
TCGA-E2-A1LH-DX1_left-23061_top-25196_bottom-26435_right-24300.png,TCGA-E2-A1LH-DX1,0.0,0.0,0.7428571428571429,4
TCGA-E2-A1LH-DX1_left-23038_top-25706_bottom-26945_right-24277.png,TCGA-E2-A1LH-DX1,0.0,0.6829268292682927,0.07317073170731707,4
TCGA-E2-A1LH-DX1_left-23045_top-24161_bottom-25400_right-24284.png,TCGA-E2-A1LH-DX1,0.9894736842105263,0.0,0.0,4
TCGA-E2-A1LH-DX1_left-23546_top-24678_bottom-25918_right-24785.png,TCGA-E2-A1LH-DX1,0.6904761904761905,0.2976190476190476,0.0,4
TCGA-E2-A1LH-DX1_left-23802_top-25206_bottom-26445_right-25041.png,TCGA-E2-A1LH-DX1,0.24390243902439024,0.6097560975609756,0.0,4
TCGA-E2-A1LH-DX1_left-25340_top-25457_bottom-26696_right-26579.png,TCGA-E2-A1LH-DX1,0.5510204081632653,0.1020408163265306,0.0,4
TCGA-E2-A1LH-DX1_left-25354_top-24935_bottom-26174_right-26593.png,TCGA-E2-A1LH-DX1,0.3018867924528302,0.1509433962264151,0.0,4
TCGA-E2-A1LH-DX1_left-24080_top-25193_bottom-26432_right-25319.png,TCGA-E2-A1LH-DX1,0.4489795918367347,0.46938775510204084,0.0,4
TCGA-E2-A1LH-DX1_left-23047_top-24426_bottom-25665_right-24286.png,TCGA-E2-A1LH-DX1,0.7678571428571429,0.008928571428571428,0.0,4
TCGA-E2-A1LH-DX1_left-24321_top-25965_bottom-27204_right-25560.png,TCGA-E2-A1LH-DX1,0.22580645161290322,0.45161290322580644,0.0,4
TCGA-E2-A1LH-DX1_left-22786_top-24171_bottom-25411_right-24025.png,TCGA-E2-A1LH-DX1,0.9431818181818182,0.0,0.0,4
TCGA-E2-A1LH-DX1_left-23297_top-26224_bottom-27463_right-24536.png,TCGA-E2-A1LH-DX1,0.45,0.15,0.025,4
TCGA-E2-A1LH-DX1_left-23819_top-25701_bottom-26940_right-25058.png,TCGA-E2-A1LH-DX1,0.14814814814814814,0.0,0.8518518518518519,4
TCGA-E2-A1LH-DX1_left-24591_top-24168_bottom-25407_right-25830.png,TCGA-E2-A1LH-DX1,0.17647058823529413,0.08823529411764706,0.04411764705882353,4
TCGA-AQ-A54N-DX1_left-34243_top-26855_bottom-28098_right-35486.png,TCGA-AQ-A54N-DX1,0.36363636363636365,0.3181818181818182,0.0,2
TCGA-AQ-A54N-DX1_left-33481_top-27587_bottom-28830_right-34724.png,TCGA-AQ-A54N-DX1,0.0,0.08333333333333333,0.7083333333333334,2
TCGA-AQ-A54N-DX1_left-34758_top-26565_bottom-27808_right-36001.png,TCGA-AQ-A54N-DX1,0.7692307692307693,0.05128205128205128,0.02564102564102564,2
TCGA-AQ-A54N-DX1_left-34502_top-27102_bottom-28345_right-35745.png,TCGA-AQ-A54N-DX1,0.09090909090909091,0.0,0.5909090909090909,2
TCGA-AQ-A54N-DX1_left-32442_top-26816_bottom-28059_right-33685.png,TCGA-AQ-A54N-DX1,0.0,0.0,0.8888888888888888,2
TCGA-AQ-A54N-DX1_left-33232_top-28881_bottom-30124_right-34475.png,TCGA-AQ-A54N-DX1,0.0,0.0,0.625,2
TCGA-AQ-A54N-DX1_left-32958_top-27354_bottom-28597_right-34201.png,TCGA-AQ-A54N-DX1,0.0,0.0,0.9259259259259259,2
TCGA-AQ-A54N-DX1_left-33739_top-29133_bottom-30376_right-34982.png,TCGA-AQ-A54N-DX1,0.0,0.043478260869565216,0.6086956521739131,2
TCGA-OL-A66I-DX1_left-40441_top-24192_bottom-26062_right-42310.png,TCGA-OL-A66I-DX1,0.8571428571428571,0.0,0.047619047619047616,1
TCGA-OL-A66I-DX1_left-40698_top-23424_bottom-25293_right-42567.png,TCGA-OL-A66I-DX1,0.0,0.0,1.0,1
TCGA-OL-A66I-DX1_left-40941_top-23457_bottom-25326_right-42810.png,TCGA-OL-A66I-DX1,0.07142857142857142,0.0,0.7857142857142857,1
TCGA-OL-A66I-DX1_left-41727_top-23426_bottom-25295_right-43597.png,TCGA-OL-A66I-DX1,0.375,0.25,0.375,1
TCGA-OL-A66I-DX1_left-40189_top-23707_bottom-25576_right-42058.png,TCGA-OL-A66I-DX1,0.0,0.0,1.0,1
TCGA-OL-A66I-DX1_left-41446_top-24201_bottom-26071_right-43316.png,TCGA-OL-A66I-DX1,0.7674418604651163,0.13953488372093023,0.0,1
TCGA-AO-A0J4-DX1_left-19316_top-10693_bottom-11308_right-19932.png,TCGA-AO-A0J4-DX1,0.011235955056179775,0.0,0.9325842696629213,0
TCGA-AO-A0J4-DX1_left-17269_top-10704_bottom-11320_right-17884.png,TCGA-AO-A0J4-DX1,0.9130434782608695,0.0391304347826087,0.0,0
TCGA-AO-A0J4-DX1_left-19058_top-10966_bottom-11582_right-19673.png,TCGA-AO-A0J4-DX1,0.6893203883495145,0.14563106796116504,0.0,0
TCGA-AO-A0J4-DX1_left-19322_top-10956_bottom-11571_right-19937.png,TCGA-AO-A0J4-DX1,0.0898876404494382,0.06741573033707865,0.6292134831460674,0
TCGA-AO-A0J4-DX1_left-19837_top-10708_bottom-11324_right-20453.png,TCGA-AO-A0J4-DX1,0.014492753623188406,0.10144927536231885,0.782608695652174,0
TCGA-AO-A0J4-DX1_left-20593_top-11728_bottom-12344_right-21208.png,TCGA-AO-A0J4-DX1,0.25882352941176473,0.2588235294117647,0.29411764705882354,0
TCGA-AO-A0J4-DX1_left-20596_top-11216_bottom-11832_right-21212.png,TCGA-AO-A0J4-DX1,0.0,0.0,1.0,0
TCGA-AO-A0J4-DX1_left-19566_top-11216_bottom-11831_right-20181.png,TCGA-AO-A0J4-DX1,0.38,0.42000000000000004,0.11,0
TCGA-AO-A0J4-DX1_left-19836_top-11213_bottom-11829_right-20452.png,TCGA-AO-A0J4-DX1,0.33333333333333337,0.10752688172043012,0.4731182795698925,0
TCGA-AO-A1KR-DX1_left-20431_top-38244_bottom-38861_right-21048.png,TCGA-AO-A1KR-DX1,0.8409090909090909,0.09090909090909091,0.022727272727272728,2
TCGA-AO-A1KR-DX1_left-22475_top-38502_bottom-39119_right-23092.png,TCGA-AO-A1KR-DX1,0.0,0.0,0.8169014084507042,2
TCGA-AO-A1KR-DX1_left-20179_top-38255_bottom-38872_right-20796.png,TCGA-AO-A1KR-DX1,0.6235294117647059,0.23529411764705882,0.0,2
TCGA-AO-A1KR-DX1_left-19665_top-37998_bottom-38615_right-20282.png,TCGA-AO-A1KR-DX1,0.45098039215686275,0.0392156862745098,0.00980392156862745,2
TCGA-AO-A1KR-DX1_left-20173_top-38509_bottom-39126_right-20790.png,TCGA-AO-A1KR-DX1,0.8717948717948718,0.05128205128205128,0.01282051282051282,2
TCGA-AO-A1KR-DX1_left-20168_top-37742_bottom-38359_right-20785.png,TCGA-AO-A1KR-DX1,0.0,0.0,0.7446808510638298,2
TCGA-AO-A1KR-DX1_left-19664_top-38253_bottom-38870_right-20281.png,TCGA-AO-A1KR-DX1,0.5609756097560976,0.13414634146341464,0.0,2
TCGA-AO-A1KR-DX1_left-19675_top-37718_bottom-38335_right-20292.png,TCGA-AO-A1KR-DX1,0.4375,0.171875,0.25,2
TCGA-AO-A1KR-DX1_left-21971_top-38765_bottom-39382_right-22588.png,TCGA-AO-A1KR-DX1,0.0,0.0,0.8444444444444444,2
TCGA-AO-A1KR-DX1_left-21456_top-38508_bottom-39125_right-22073.png,TCGA-AO-A1KR-DX1,0.0,0.0,0.8,2
TCGA-AO-A1KR-DX1_left-20689_top-38005_bottom-38622_right-21306.png,TCGA-AO-A1KR-DX1,0.21875,0.09375,0.09375,2
TCGA-A1-A0SP-DX1_left-8622_top-54234_bottom-55453_right-9841.png,TCGA-A1-A0SP-DX1,0.0,0.0,1.0,2
TCGA-A1-A0SP-DX1_left-7853_top-56559_bottom-57778_right-9072.png,TCGA-A1-A0SP-DX1,0.4864864864864865,0.4864864864864865,0.02702702702702703,2
TCGA-A1-A0SP-DX1_left-8114_top-53749_bottom-54968_right-9333.png,TCGA-A1-A0SP-DX1,0.7692307692307692,0.0,0.1346153846153846,2
TCGA-A1-A0SP-DX1_left-7590_top-56559_bottom-57778_right-8809.png,TCGA-A1-A0SP-DX1,0.7804878048780488,0.024390243902439025,0.0,2
TCGA-A1-A0SP-DX1_left-10911_top-54005_bottom-55224_right-12129.png,TCGA-A1-A0SP-DX1,0.0,0.0,1.0,2
TCGA-A1-A0SP-DX1_left-9133_top-56574_bottom-57792_right-10351.png,TCGA-A1-A0SP-DX1,0.034482758620689655,0.0,0.7241379310344828,2
TCGA-A1-A0SP-DX1_left-8364_top-55533_bottom-56752_right-9582.png,TCGA-A1-A0SP-DX1,0.38235294117647056,0.20588235294117646,0.4117647058823529,2
TCGA-A1-A0SP-DX1_left-7591_top-55530_bottom-56749_right-8810.png,TCGA-A1-A0SP-DX1,0.034482758620689655,0.3793103448275862,0.20689655172413793,2
TCGA-A1-A0SP-DX1_left-7582_top-55032_bottom-56251_right-8801.png,TCGA-A1-A0SP-DX1,0.46153846153846156,0.23076923076923078,0.05128205128205128,2
TCGA-A1-A0SP-DX1_left-8365_top-54248_bottom-55467_right-9584.png,TCGA-A1-A0SP-DX1,0.0,0.0,1.0,2
TCGA-A1-A0SP-DX1_left-8617_top-56559_bottom-57778_right-9836.png,TCGA-A1-A0SP-DX1,0.3333333333333333,0.09090909090909091,0.45454545454545453,2
TCGA-A1-A0SP-DX1_left-11187_top-54012_bottom-55231_right-12406.png,TCGA-A1-A0SP-DX1,0.04,0.0,0.96,2
TCGA-A1-A0SP-DX1_left-8623_top-55315_bottom-56533_right-9842.png,TCGA-A1-A0SP-DX1,0.0,0.0,0.9583333333333334,2
TCGA-A1-A0SP-DX1_left-8883_top-55260_bottom-56478_right-10101.png,TCGA-A1-A0SP-DX1,0.0,0.0,1.0,2
TCGA-BH-A0B9-DX1_left-67090_top-59786_bottom-61022_right-68326.png,TCGA-BH-A0B9-DX1,0.0,0.0,0.92,0
TCGA-BH-A0B9-DX1_left-64030_top-60042_bottom-61278_right-65267.png,TCGA-BH-A0B9-DX1,0.7142857142857143,0.19047619047619047,0.0,0
TCGA-BH-A0B9-DX1_left-66586_top-60298_bottom-61534_right-67822.png,TCGA-BH-A0B9-DX1,0.0,0.3225806451612903,0.5483870967741935,0
TCGA-BH-A0B9-DX1_left-66608_top-60053_bottom-61289_right-67844.png,TCGA-BH-A0B9-DX1,0.0,0.0,1.0,0
TCGA-BH-A0B9-DX1_left-65304_top-60047_bottom-61283_right-66540.png,TCGA-BH-A0B9-DX1,0.625,0.08333333333333333,0.0,0
TCGA-BH-A0B9-DX1_left-63768_top-62097_bottom-63333_right-65005.png,TCGA-BH-A0B9-DX1,0.8571428571428571,0.031746031746031744,0.0,0
TCGA-BH-A0B9-DX1_left-66062_top-61842_bottom-63078_right-67299.png,TCGA-BH-A0B9-DX1,0.625,0.125,0.0,0
TCGA-BH-A0B9-DX1_left-64026_top-62354_bottom-63590_right-65262.png,TCGA-BH-A0B9-DX1,0.8356164383561644,0.0,0.0,0
TCGA-BH-A0B9-DX1_left-65279_top-57987_bottom-59223_right-66515.png,TCGA-BH-A0B9-DX1,0.0967741935483871,0.0,0.9032258064516129,0
TCGA-C8-A1HJ-DX1_left-49231_top-17445_bottom-18696_right-50482.png,TCGA-C8-A1HJ-DX1,0.0,0.0,1.0,1
TCGA-E2-A1LS-DX1_left-41057_top-47783_bottom-49022_right-42296.png,TCGA-E2-A1LS-DX1,0.0,0.0,1.0,1
TCGA-E2-A1LS-DX1_left-40282_top-48799_bottom-50038_right-41521.png,TCGA-E2-A1LS-DX1,0.9193548387096775,0.03225806451612903,0.0,1
TCGA-E2-A1LS-DX1_left-39519_top-48030_bottom-49269_right-40758.png,TCGA-E2-A1LS-DX1,0.16666666666666666,0.3888888888888889,0.16666666666666666,1
TCGA-E2-A158-DX1_left-57387_top-25889_bottom-27134_right-58632.png,TCGA-E2-A158-DX1,0.0,0.3333333333333333,0.6190476190476191,3
TCGA-E2-A158-DX1_left-58393_top-25885_bottom-27130_right-59638.png,TCGA-E2-A158-DX1,0.07317073170731707,0.926829268292683,0.0,3
TCGA-E2-A158-DX1_left-57649_top-27152_bottom-28397_right-58894.png,TCGA-E2-A158-DX1,0.034482758620689655,0.10344827586206896,0.8620689655172413,3
TCGA-E2-A158-DX1_left-57125_top-26387_bottom-27632_right-58370.png,TCGA-E2-A158-DX1,0.0,0.2916666666666667,0.7083333333333334,3
TCGA-E2-A158-DX1_left-57627_top-26408_bottom-27653_right-58872.png,TCGA-E2-A158-DX1,0.0,0.4,0.6,3
TCGA-E2-A158-DX1_left-58384_top-27176_bottom-28421_right-59629.png,TCGA-E2-A158-DX1,0.0,0.0,1.0,3
TCGA-E2-A158-DX1_left-57133_top-26655_bottom-27900_right-58378.png,TCGA-E2-A158-DX1,0.0,0.17142857142857143,0.8285714285714286,3
TCGA-A2-A0SX-DX1_left-55599_top-59778_bottom-61017_right-56838.png,TCGA-A2-A0SX-DX1,0.6,0.2909090909090909,0.0,0
TCGA-A2-A0SX-DX1_left-55081_top-59239_bottom-60477_right-56320.png,TCGA-A2-A0SX-DX1,0.10869565217391304,0.06521739130434782,0.8043478260869565,0
TCGA-A2-A0SX-DX1_left-54838_top-60291_bottom-61530_right-56077.png,TCGA-A2-A0SX-DX1,0.23529411764705882,0.4117647058823529,0.11764705882352941,0
TCGA-A2-A0SX-DX1_left-54826_top-56697_bottom-57936_right-56065.png,TCGA-A2-A0SX-DX1,0.0,0.45,0.35,0
TCGA-A2-A0SX-DX1_left-55595_top-59256_bottom-60494_right-56834.png,TCGA-A2-A0SX-DX1,0.52,0.30000000000000004,0.02,0
TCGA-A2-A0SX-DX1_left-55340_top-56969_bottom-58208_right-56579.png,TCGA-A2-A0SX-DX1,0.33333333333333337,0.19444444444444445,0.2222222222222222,0
TCGA-A2-A0SX-DX1_left-54830_top-57988_bottom-59227_right-56068.png,TCGA-A2-A0SX-DX1,0.375,0.22916666666666669,0.25,0
TCGA-A2-A0SX-DX1_left-54571_top-58256_bottom-59495_right-55810.png,TCGA-A2-A0SX-DX1,0.2777777777777778,0.027777777777777776,0.5833333333333334,0
TCGA-A2-A0SX-DX1_left-54057_top-58746_bottom-59985_right-55295.png,TCGA-A2-A0SX-DX1,0.07894736842105263,0.13157894736842105,0.7368421052631579,0
TCGA-A2-A0SX-DX1_left-54833_top-56963_bottom-58202_right-56072.png,TCGA-A2-A0SX-DX1,0.09523809523809523,0.0,0.8571428571428571,0
TCGA-A2-A0SX-DX1_left-54584_top-59765_bottom-61004_right-55823.png,TCGA-A2-A0SX-DX1,0.0,0.0,0.8648648648648649,0
TCGA-A2-A0SX-DX1_left-53824_top-56708_bottom-57947_right-55063.png,TCGA-A2-A0SX-DX1,0.6923076923076924,0.23076923076923078,0.0,0
TCGA-A2-A0SX-DX1_left-55598_top-59514_bottom-60753_right-56837.png,TCGA-A2-A0SX-DX1,0.05714285714285714,0.08571428571428572,0.8,0
TCGA-A2-A0SX-DX1_left-55604_top-56967_bottom-58206_right-56843.png,TCGA-A2-A0SX-DX1,0.7241379310344828,0.10344827586206896,0.13793103448275862,0
TCGA-A2-A0SX-DX1_left-54570_top-56962_bottom-58201_right-55808.png,TCGA-A2-A0SX-DX1,0.0,0.10714285714285714,0.8928571428571429,0
TCGA-A2-A0SX-DX1_left-55835_top-58490_bottom-59729_right-57074.png,TCGA-A2-A0SX-DX1,0.776595744680851,0.10638297872340424,0.0,0
TCGA-A2-A0SX-DX1_left-55107_top-56703_bottom-57942_right-56345.png,TCGA-A2-A0SX-DX1,0.14285714285714285,0.4642857142857143,0.21428571428571427,0
TCGA-A2-A0SX-DX1_left-54317_top-56701_bottom-57939_right-55555.png,TCGA-A2-A0SX-DX1,0.09090909090909091,0.0,0.8787878787878788,0
TCGA-A2-A0SX-DX1_left-54326_top-58501_bottom-59739_right-55565.png,TCGA-A2-A0SX-DX1,0.5510204081632653,0.08163265306122448,0.3673469387755102,0
TCGA-A2-A0SX-DX1_left-54317_top-57737_bottom-58976_right-55555.png,TCGA-A2-A0SX-DX1,0.15,0.3,0.4,0
TCGA-A2-A0SX-DX1_left-55095_top-56962_bottom-58201_right-56333.png,TCGA-A2-A0SX-DX1,0.28,0.2,0.36,0
TCGA-A2-A0SX-DX1_left-54844_top-57462_bottom-58700_right-56083.png,TCGA-A2-A0SX-DX1,0.08333333333333333,0.08333333333333333,0.8333333333333334,0
TCGA-A2-A0SX-DX1_left-54584_top-59012_bottom-60251_right-55823.png,TCGA-A2-A0SX-DX1,0.4117647058823529,0.29411764705882354,0.23529411764705882,0
TCGA-OL-A6VO-DX1_left-88885_top-191753_bottom-193622_right-90754.png,TCGA-OL-A6VO-DX1,0.16,0.12,0.72,3
TCGA-OL-A6VO-DX1_left-91448_top-190748_bottom-192618_right-93318.png,TCGA-OL-A6VO-DX1,0.8787878787878788,0.030303030303030304,0.0,3
TCGA-OL-A6VO-DX1_left-91191_top-190739_bottom-192609_right-93060.png,TCGA-OL-A6VO-DX1,0.5454545454545454,0.45454545454545453,0.0,3
TCGA-OL-A6VO-DX1_left-91459_top-188957_bottom-190827_right-93328.png,TCGA-OL-A6VO-DX1,0.0,0.0,0.6875,3
TCGA-OL-A6VO-DX1_left-88885_top-189715_bottom-191585_right-90754.png,TCGA-OL-A6VO-DX1,0.0,0.0,0.9473684210526315,3
TCGA-OL-A6VO-DX1_left-89135_top-191784_bottom-193653_right-91004.png,TCGA-OL-A6VO-DX1,0.0,0.14285714285714285,0.7142857142857143,3
TCGA-OL-A6VO-DX1_left-89916_top-190237_bottom-192107_right-91786.png,TCGA-OL-A6VO-DX1,0.46153846153846156,0.3076923076923077,0.07692307692307693,3
TCGA-OL-A6VO-DX1_left-90654_top-189220_bottom-191090_right-92523.png,TCGA-OL-A6VO-DX1,0.0,0.0,1.0,3
TCGA-OL-A6VO-DX1_left-91183_top-191006_bottom-192875_right-93053.png,TCGA-OL-A6VO-DX1,0.8421052631578947,0.05263157894736842,0.0,3
TCGA-OL-A6VO-DX1_left-89153_top-189719_bottom-191588_right-91023.png,TCGA-OL-A6VO-DX1,0.08695652173913043,0.13043478260869565,0.782608695652174,3
TCGA-OL-A6VO-DX1_left-91704_top-190487_bottom-192357_right-93573.png,TCGA-OL-A6VO-DX1,0.8076923076923077,0.15384615384615385,0.0,3
TCGA-OL-A6VO-DX1_left-88640_top-190237_bottom-192107_right-90510.png,TCGA-OL-A6VO-DX1,0.08,0.0,0.84,3
TCGA-OL-A6VO-DX1_left-89664_top-190986_bottom-192855_right-91534.png,TCGA-OL-A6VO-DX1,0.4,0.3,0.1,3
TCGA-OL-A6VO-DX1_left-89905_top-192028_bottom-193898_right-91775.png,TCGA-OL-A6VO-DX1,0.0,0.045454545454545456,0.9545454545454546,3
TCGA-OL-A6VO-DX1_left-90667_top-190741_bottom-192611_right-92536.png,TCGA-OL-A6VO-DX1,0.4074074074074074,0.14814814814814814,0.25925925925925924,3
TCGA-OL-A6VO-DX1_left-90970_top-188693_bottom-190562_right-92839.png,TCGA-OL-A6VO-DX1,0.07692307692307693,0.07692307692307693,0.5384615384615384,3
TCGA-OL-A6VO-DX1_left-89390_top-190747_bottom-192616_right-91260.png,TCGA-OL-A6VO-DX1,0.3125,0.0,0.4375,3
TCGA-OL-A6VO-DX1_left-89655_top-191754_bottom-193624_right-91525.png,TCGA-OL-A6VO-DX1,0.375,0.625,0.0,3
TCGA-OL-A6VO-DX1_left-91189_top-189980_bottom-191849_right-93058.png,TCGA-OL-A6VO-DX1,0.35714285714285715,0.21428571428571427,0.42857142857142855,3
TCGA-OL-A6VO-DX1_left-89911_top-189228_bottom-191097_right-91780.png,TCGA-OL-A6VO-DX1,0.0,0.0,0.9523809523809523,3
TCGA-OL-A6VO-DX1_left-89111_top-190498_bottom-192368_right-90981.png,TCGA-OL-A6VO-DX1,0.2222222222222222,0.16666666666666666,0.4444444444444444,3
TCGA-OL-A6VO-DX1_left-88870_top-192032_bottom-193901_right-90740.png,TCGA-OL-A6VO-DX1,0.6000000000000001,0.2,0.0,3
TCGA-OL-A6VO-DX1_left-90643_top-188709_bottom-190579_right-92512.png,TCGA-OL-A6VO-DX1,0.0,0.08333333333333333,0.9166666666666666,3
TCGA-OL-A6VO-DX1_left-89655_top-192043_bottom-193912_right-91525.png,TCGA-OL-A6VO-DX1,0.5,0.16666666666666666,0.2222222222222222,3
TCGA-OL-A6VO-DX1_left-91696_top-188705_bottom-190575_right-93566.png,TCGA-OL-A6VO-DX1,0.0,0.0,0.8333333333333334,3
TCGA-OL-A6VO-DX1_left-90939_top-189472_bottom-191342_right-92808.png,TCGA-OL-A6VO-DX1,0.0,0.0,1.0,3
TCGA-OL-A6VO-DX1_left-91200_top-189209_bottom-191079_right-93069.png,TCGA-OL-A6VO-DX1,0.0,0.0,1.0,3
TCGA-OL-A6VO-DX1_left-90659_top-188948_bottom-190818_right-92529.png,TCGA-OL-A6VO-DX1,0.0,0.0,0.9375,3
TCGA-OL-A6VO-DX1_left-89664_top-191267_bottom-193136_right-91534.png,TCGA-OL-A6VO-DX1,0.16666666666666666,0.125,0.625,3
TCGA-E2-A574-DX1_left-57790_top-51589_bottom-52828_right-59029.png,TCGA-E2-A574-DX1,0.5660377358490566,0.37735849056603776,0.0,2
TCGA-E2-A574-DX1_left-55991_top-49039_bottom-50278_right-57230.png,TCGA-E2-A574-DX1,0.0,0.0,1.0,2
TCGA-E2-A574-DX1_left-55506_top-47754_bottom-48993_right-56745.png,TCGA-E2-A574-DX1,0.0,0.125,0.875,2
TCGA-E2-A574-DX1_left-54986_top-48255_bottom-49494_right-56225.png,TCGA-E2-A574-DX1,0.0,0.0,1.0,2
TCGA-E2-A574-DX1_left-58055_top-51082_bottom-52321_right-59294.png,TCGA-E2-A574-DX1,0.3235294117647059,0.38235294117647056,0.17647058823529413,2
TCGA-E2-A574-DX1_left-56252_top-48013_bottom-49252_right-57491.png,TCGA-E2-A574-DX1,0.0,0.0,1.0,2
TCGA-E2-A574-DX1_left-56014_top-49536_bottom-50775_right-57253.png,TCGA-E2-A574-DX1,0.0,0.2,0.8,2
TCGA-E2-A574-DX1_left-58312_top-51588_bottom-52827_right-59551.png,TCGA-E2-A574-DX1,0.9285714285714286,0.0,0.0,2
TCGA-S3-AA15-DX1_left-55526_top-29725_bottom-30941_right-56742.png,TCGA-S3-AA15-DX1,0.576271186440678,0.3728813559322034,0.0,0
TCGA-S3-AA15-DX1_left-56286_top-30238_bottom-31454_right-57502.png,TCGA-S3-AA15-DX1,0.11111111111111112,0.044444444444444446,0.4666666666666667,0
TCGA-S3-AA15-DX1_left-56288_top-29471_bottom-30687_right-57505.png,TCGA-S3-AA15-DX1,0.01818181818181818,0.01818181818181818,0.9090909090909091,0
TCGA-S3-AA15-DX1_left-56035_top-29197_bottom-30414_right-57252.png,TCGA-S3-AA15-DX1,0.023255813953488372,0.27906976744186046,0.6511627906976745,0
TCGA-S3-AA15-DX1_left-56024_top-30238_bottom-31454_right-57240.png,TCGA-S3-AA15-DX1,0.36734693877551017,0.46938775510204084,0.02040816326530612,0
TCGA-S3-AA15-DX1_left-56028_top-29980_bottom-31197_right-57245.png,TCGA-S3-AA15-DX1,0.3584905660377359,0.16981132075471697,0.20754716981132076,0
TCGA-S3-AA15-DX1_left-56032_top-29724_bottom-30940_right-57248.png,TCGA-S3-AA15-DX1,0.42592592592592593,0.37037037037037035,0.037037037037037035,0
TCGA-S3-AA15-DX1_left-55524_top-28967_bottom-30183_right-56740.png,TCGA-S3-AA15-DX1,0.0,0.4444444444444444,0.4444444444444444,0
TCGA-S3-AA15-DX1_left-55768_top-29226_bottom-30442_right-56984.png,TCGA-S3-AA15-DX1,0.0,0.023809523809523808,0.9047619047619048,0
TCGA-BH-A1F6-DX1_left-54598_top-50958_bottom-52184_right-55825.png,TCGA-BH-A1F6-DX1,0.0,0.0,0.55,1
TCGA-BH-A1F6-DX1_left-54857_top-50431_bottom-51657_right-56083.png,TCGA-BH-A1F6-DX1,0.0,0.0,0.5769230769230769,1
TCGA-BH-A1F6-DX1_left-54343_top-50451_bottom-51678_right-55570.png,TCGA-BH-A1F6-DX1,0.0,0.0,0.36363636363636365,1
TCGA-BH-A1F6-DX1_left-54080_top-50946_bottom-52172_right-55306.png,TCGA-BH-A1F6-DX1,0.0,0.0,0.47368421052631576,1
TCGA-BH-A1F6-DX1_left-57923_top-52757_bottom-53983_right-59150.png,TCGA-BH-A1F6-DX1,0.0,0.07407407407407407,0.4074074074074074,1
TCGA-BH-A1F6-DX1_left-58458_top-52753_bottom-53980_right-59685.png,TCGA-BH-A1F6-DX1,0.0,0.10714285714285714,0.6785714285714286,1
TCGA-BH-A1F6-DX1_left-57942_top-51965_bottom-53192_right-59169.png,TCGA-BH-A1F6-DX1,0.0,0.0,0.5,1
TCGA-BH-A1F6-DX1_left-57930_top-52237_bottom-53464_right-59157.png,TCGA-BH-A1F6-DX1,0.047619047619047616,0.047619047619047616,0.5714285714285714,1
TCGA-BH-A1F6-DX1_left-54592_top-50435_bottom-51661_right-55819.png,TCGA-BH-A1F6-DX1,0.0,0.16666666666666666,0.2222222222222222,1
TCGA-BH-A1F6-DX1_left-56403_top-51982_bottom-53208_right-57630.png,TCGA-BH-A1F6-DX1,0.058823529411764705,0.4117647058823529,0.17647058823529413,1
TCGA-BH-A1F6-DX1_left-55105_top-50459_bottom-51685_right-56331.png,TCGA-BH-A1F6-DX1,0.0,0.23529411764705882,0.0,1
TCGA-BH-A1F6-DX1_left-56392_top-51687_bottom-52914_right-57619.png,TCGA-BH-A1F6-DX1,0.0625,0.5,0.25,1
TCGA-BH-A1F6-DX1_left-57918_top-52486_bottom-53713_right-59145.png,TCGA-BH-A1F6-DX1,0.0625,0.25,0.1875,1
TCGA-BH-A1F6-DX1_left-56912_top-53007_bottom-54234_right-58139.png,TCGA-BH-A1F6-DX1,0.0,0.037037037037037035,0.5185185185185185,1
TCGA-BH-A1F6-DX1_left-54091_top-51224_bottom-52450_right-55317.png,TCGA-BH-A1F6-DX1,0.0,0.0,0.5,1
TCGA-BH-A1F6-DX1_left-57662_top-51977_bottom-53204_right-58888.png,TCGA-BH-A1F6-DX1,0.0,0.3076923076923077,0.07692307692307693,1
TCGA-AQ-A04J-DX1_left-64656_top-14140_bottom-15379_right-65895.png,TCGA-AQ-A04J-DX1,0.02702702702702703,0.08108108108108109,0.7567567567567568,4
TCGA-AQ-A04J-DX1_left-65922_top-13885_bottom-15124_right-67161.png,TCGA-AQ-A04J-DX1,0.4074074074074074,0.48148148148148145,0.0,4
TCGA-AQ-A04J-DX1_left-65409_top-13620_bottom-14859_right-66648.png,TCGA-AQ-A04J-DX1,0.48,0.48,0.0,4
TCGA-AQ-A04J-DX1_left-65417_top-14148_bottom-15387_right-66656.png,TCGA-AQ-A04J-DX1,0.12195121951219512,0.17073170731707316,0.6097560975609756,4
TCGA-AQ-A04J-DX1_left-65309_top-12507_bottom-13746_right-66548.png,TCGA-AQ-A04J-DX1,0.43636363636363634,0.37272727272727274,0.0,4
TCGA-AR-A0TS-DX1_left-119887_top-23607_bottom-24851_right-121132.png,TCGA-AR-A0TS-DX1,0.1724137931034483,0.1724137931034483,0.5172413793103449,2
TCGA-AR-A0TS-DX1_left-122947_top-22849_bottom-24094_right-124191.png,TCGA-AR-A0TS-DX1,0.0,0.029411764705882353,0.9117647058823529,2
TCGA-AR-A0TS-DX1_left-118858_top-23089_bottom-24334_right-120103.png,TCGA-AR-A0TS-DX1,0.0,0.7142857142857143,0.0,2
TCGA-AR-A0TS-DX1_left-121676_top-23348_bottom-24592_right-122921.png,TCGA-AR-A0TS-DX1,0.0,0.0,0.9444444444444444,2
TCGA-AR-A0TS-DX1_left-122188_top-22816_bottom-24061_right-123433.png,TCGA-AR-A0TS-DX1,0.0,0.0,0.8333333333333334,2
TCGA-AR-A0TS-DX1_left-120394_top-23080_bottom-24325_right-121639.png,TCGA-AR-A0TS-DX1,0.1875,0.1875,0.28125,2
TCGA-AR-A0TS-DX1_left-123722_top-24107_bottom-25352_right-124967.png,TCGA-AR-A0TS-DX1,0.23529411764705882,0.2647058823529412,0.0,2
TCGA-AR-A0TS-DX1_left-118857_top-24107_bottom-25352_right-120102.png,TCGA-AR-A0TS-DX1,0.8585858585858586,0.0808080808080808,0.010101010101010102,2
TCGA-AR-A0TS-DX1_left-120655_top-23343_bottom-24588_right-121900.png,TCGA-AR-A0TS-DX1,0.40476190476190477,0.21428571428571427,0.0,2
TCGA-AR-A0TS-DX1_left-123204_top-24110_bottom-25355_right-124449.png,TCGA-AR-A0TS-DX1,0.2631578947368421,0.3684210526315789,0.0,2
TCGA-AR-A0TS-DX1_left-123467_top-24115_bottom-25360_right-124712.png,TCGA-AR-A0TS-DX1,0.22580645161290322,0.3548387096774194,0.03225806451612903,2
TCGA-AR-A0TS-DX1_left-121663_top-24109_bottom-25353_right-122908.png,TCGA-AR-A0TS-DX1,0.0,0.07142857142857142,0.5,2
TCGA-AR-A0TS-DX1_left-120397_top-22822_bottom-24067_right-121642.png,TCGA-AR-A0TS-DX1,0.6086956521739131,0.08695652173913043,0.043478260869565216,2
TCGA-AR-A0TS-DX1_left-118850_top-23342_bottom-24586_right-120095.png,TCGA-AR-A0TS-DX1,0.5652173913043478,0.32608695652173914,0.021739130434782608,2
TCGA-AR-A0TS-DX1_left-123212_top-23089_bottom-24334_right-124456.png,TCGA-AR-A0TS-DX1,0.22727272727272727,0.36363636363636365,0.045454545454545456,2
TCGA-AR-A0TS-DX1_left-119634_top-23856_bottom-25101_right-120879.png,TCGA-AR-A0TS-DX1,0.25,0.3125,0.0,2
TCGA-AR-A0TS-DX1_left-123716_top-23600_bottom-24845_right-124961.png,TCGA-AR-A0TS-DX1,0.6551724137931035,0.20689655172413793,0.0,2
TCGA-AR-A0TS-DX1_left-121180_top-22820_bottom-24065_right-122425.png,TCGA-AR-A0TS-DX1,0.0,0.2,0.8,2
TCGA-AR-A0TS-DX1_left-121933_top-23339_bottom-24584_right-123178.png,TCGA-AR-A0TS-DX1,0.0,0.16666666666666666,0.75,2
TCGA-AR-A0TS-DX1_left-121429_top-23853_bottom-25098_right-122674.png,TCGA-AR-A0TS-DX1,0.0,0.02702702702702703,0.7567567567567568,2
TCGA-AR-A0TS-DX1_left-120904_top-22835_bottom-24079_right-122149.png,TCGA-AR-A0TS-DX1,0.25,0.3611111111111111,0.027777777777777776,2
TCGA-AR-A0TS-DX1_left-119893_top-22841_bottom-24086_right-121138.png,TCGA-AR-A0TS-DX1,0.1111111111111111,0.7037037037037037,0.0,2
TCGA-AR-A0TS-DX1_left-120626_top-24093_bottom-25338_right-121871.png,TCGA-AR-A0TS-DX1,0.4,0.43333333333333335,0.0,2
TCGA-AR-A0TS-DX1_left-118860_top-23855_bottom-25099_right-120104.png,TCGA-AR-A0TS-DX1,0.7692307692307693,0.06593406593406594,0.01098901098901099,2
TCGA-AR-A0TS-DX1_left-120647_top-23084_bottom-24329_right-121891.png,TCGA-AR-A0TS-DX1,0.36000000000000004,0.16,0.0,2
TCGA-AR-A0TS-DX1_left-120907_top-23084_bottom-24329_right-122152.png,TCGA-AR-A0TS-DX1,0.1935483870967742,0.2903225806451613,0.03225806451612903,2
TCGA-E2-A14X-DX1_left-91159_top-67432_bottom-68677_right-92404.png,TCGA-E2-A14X-DX1,0.0,0.0,0.8214285714285714,3
TCGA-E2-A14X-DX1_left-90133_top-67442_bottom-68687_right-91378.png,TCGA-E2-A14X-DX1,0.0,0.0,0.7096774193548387,3
TCGA-E2-A14X-DX1_left-92431_top-69732_bottom-70977_right-93676.png,TCGA-E2-A14X-DX1,0.3333333333333333,0.48148148148148145,0.0,3
TCGA-E2-A14X-DX1_left-88848_top-68979_bottom-70223_right-90093.png,TCGA-E2-A14X-DX1,0.8225806451612903,0.03225806451612903,0.0,3
TCGA-E2-A14X-DX1_left-91901_top-66904_bottom-68149_right-93146.png,TCGA-E2-A14X-DX1,0.0,0.0,0.84375,3
TCGA-E2-A14X-DX1_left-92181_top-67180_bottom-68425_right-93426.png,TCGA-E2-A14X-DX1,0.029411764705882353,0.0,0.9117647058823529,3
TCGA-E2-A14X-DX1_left-89873_top-66917_bottom-68161_right-91118.png,TCGA-E2-A14X-DX1,0.7096774193548387,0.12903225806451613,0.0,3
TCGA-E2-A14X-DX1_left-88846_top-68700_bottom-69945_right-90091.png,TCGA-E2-A14X-DX1,0.6136363636363636,0.0,0.022727272727272728,3
TCGA-E2-A14X-DX1_left-90884_top-67431_bottom-68676_right-92129.png,TCGA-E2-A14X-DX1,0.0,0.0,0.7241379310344828,3
TCGA-E2-A14X-DX1_left-88860_top-69479_bottom-70724_right-90105.png,TCGA-E2-A14X-DX1,0.4473684210526315,0.18421052631578946,0.05263157894736842,3
TCGA-E2-A14X-DX1_left-89121_top-68713_bottom-69958_right-90366.png,TCGA-E2-A14X-DX1,0.42105263157894735,0.2894736842105263,0.02631578947368421,3
TCGA-E2-A14X-DX1_left-89130_top-69476_bottom-70721_right-90375.png,TCGA-E2-A14X-DX1,0.0,0.0,0.72,3
TCGA-E2-A14X-DX1_left-91665_top-67177_bottom-68422_right-92910.png,TCGA-E2-A14X-DX1,0.0,0.0,0.9130434782608695,3
TCGA-E2-A14X-DX1_left-90141_top-70490_bottom-71735_right-91386.png,TCGA-E2-A14X-DX1,0.0,0.0,0.5609756097560976,3
TCGA-E2-A14X-DX1_left-92192_top-66915_bottom-68160_right-93437.png,TCGA-E2-A14X-DX1,0.0,0.0,0.8888888888888888,3
TCGA-E2-A14X-DX1_left-91411_top-66921_bottom-68166_right-92656.png,TCGA-E2-A14X-DX1,0.04,0.0,0.76,3
TCGA-E2-A14X-DX1_left-90384_top-68447_bottom-69692_right-91629.png,TCGA-E2-A14X-DX1,0.05263157894736842,0.0,0.6578947368421053,3
TCGA-AC-A2BK-DX1_left-16727_top-8377_bottom-9596_right-17946.png,TCGA-AC-A2BK-DX1,0.029411764705882353,0.11764705882352941,0.7647058823529411,3
TCGA-AC-A2BK-DX1_left-17495_top-8888_bottom-10107_right-18714.png,TCGA-AC-A2BK-DX1,0.027777777777777776,0.08333333333333333,0.8888888888888888,3
TCGA-AC-A2BK-DX1_left-15961_top-10165_bottom-11384_right-17180.png,TCGA-AC-A2BK-DX1,0.7843137254901961,0.19607843137254902,0.0196078431372549,3
TCGA-AC-A2BK-DX1_left-16216_top-8636_bottom-9856_right-17435.png,TCGA-AC-A2BK-DX1,0.3076923076923077,0.10256410256410256,0.5128205128205128,3
TCGA-AC-A2BK-DX1_left-16477_top-9132_bottom-10351_right-17696.png,TCGA-AC-A2BK-DX1,0.6274509803921569,0.21568627450980393,0.11764705882352941,3
TCGA-AC-A2BK-DX1_left-16217_top-9142_bottom-10362_right-17436.png,TCGA-AC-A2BK-DX1,0.38775510204081637,0.3877551020408163,0.22448979591836735,3
TCGA-AC-A2BK-DX1_left-17754_top-9654_bottom-10874_right-18974.png,TCGA-AC-A2BK-DX1,0.0,0.02631578947368421,0.8157894736842105,3
TCGA-AC-A2BK-DX1_left-17766_top-10157_bottom-11376_right-18986.png,TCGA-AC-A2BK-DX1,0.02564102564102564,0.02564102564102564,0.8461538461538461,3
TCGA-AC-A2BK-DX1_left-16486_top-8619_bottom-9838_right-17706.png,TCGA-AC-A2BK-DX1,0.13157894736842105,0.02631578947368421,0.8421052631578947,3
TCGA-AC-A2BK-DX1_left-17491_top-10176_bottom-11395_right-18710.png,TCGA-AC-A2BK-DX1,0.029411764705882353,0.3235294117647059,0.6470588235294118,3
TCGA-AC-A2BK-DX1_left-17752_top-9400_bottom-10619_right-18971.png,TCGA-AC-A2BK-DX1,0.0,0.13953488372093023,0.813953488372093,3
TCGA-A2-A1G6-DX1_left-59763_top-69523_bottom-70760_right-60999.png,TCGA-A2-A1G6-DX1,0.0,0.3125,0.4375,1
TCGA-A2-A1G6-DX1_left-58482_top-69521_bottom-70757_right-59718.png,TCGA-A2-A1G6-DX1,0.0,0.0,0.9230769230769231,1
TCGA-E2-A159-DX1_left-39926_top-30781_bottom-32025_right-41171.png,TCGA-E2-A159-DX1,0.0,0.0,0.9545454545454546,4
TCGA-E2-A159-DX1_left-44011_top-31797_bottom-33042_right-45255.png,TCGA-E2-A159-DX1,0.0,0.0,1.0,4
TCGA-E2-A159-DX1_left-40431_top-30242_bottom-31487_right-41675.png,TCGA-E2-A159-DX1,0.0,0.0,0.9583333333333334,4
TCGA-E2-A159-DX1_left-42748_top-30772_bottom-32017_right-43992.png,TCGA-E2-A159-DX1,0.038461538461538464,0.0,0.9230769230769231,4
TCGA-E2-A159-DX1_left-43749_top-31283_bottom-32527_right-44994.png,TCGA-E2-A159-DX1,0.13333333333333333,0.0,0.7,4
TCGA-E2-A159-DX1_left-42732_top-31015_bottom-32260_right-43977.png,TCGA-E2-A159-DX1,0.0,0.0,0.9473684210526315,4
TCGA-E2-A159-DX1_left-41708_top-31267_bottom-32512_right-42953.png,TCGA-E2-A159-DX1,0.6410256410256411,0.02564102564102564,0.3076923076923077,4
TCGA-E2-A159-DX1_left-41441_top-29496_bottom-30740_right-42686.png,TCGA-E2-A159-DX1,0.0,0.0,0.7777777777777778,4
TCGA-E2-A159-DX1_left-40951_top-31538_bottom-32783_right-42196.png,TCGA-E2-A159-DX1,0.72,0.0,0.28,4
TCGA-E2-A159-DX1_left-40420_top-30512_bottom-31757_right-41664.png,TCGA-E2-A159-DX1,0.0,0.0,1.0,4
TCGA-E2-A159-DX1_left-39400_top-29746_bottom-30991_right-40645.png,TCGA-E2-A159-DX1,0.0,0.7272727272727273,0.045454545454545456,4
TCGA-E2-A159-DX1_left-39159_top-31777_bottom-33022_right-40404.png,TCGA-E2-A159-DX1,0.0,0.0,0.8125,4
TCGA-E2-A159-DX1_left-38630_top-29232_bottom-30477_right-39875.png,TCGA-E2-A159-DX1,0.0,0.0,0.8709677419354839,4
TCGA-E2-A159-DX1_left-39407_top-29236_bottom-30480_right-40652.png,TCGA-E2-A159-DX1,0.0,0.0,0.6190476190476191,4
TCGA-E2-A1B6-DX1_left-18839_top-51162_bottom-52407_right-20084.png,TCGA-E2-A1B6-DX1,0.0,0.0,1.0,0
TCGA-E2-A1B6-DX1_left-16535_top-53461_bottom-54706_right-17780.png,TCGA-E2-A1B6-DX1,0.0,0.0,1.0,0
TCGA-E2-A1B6-DX1_left-17809_top-52443_bottom-53688_right-19054.png,TCGA-E2-A1B6-DX1,0.45161290322580644,0.12903225806451613,0.22580645161290322,0
TCGA-E2-A1B6-DX1_left-19089_top-53750_bottom-54995_right-20334.png,TCGA-E2-A1B6-DX1,0.18181818181818182,0.0,0.5454545454545454,0
TCGA-E2-A1B6-DX1_left-18586_top-53975_bottom-55220_right-19831.png,TCGA-E2-A1B6-DX1,0.28205128205128205,0.20512820512820512,0.3076923076923077,0
TCGA-E2-A1B6-DX1_left-19860_top-53214_bottom-54459_right-21105.png,TCGA-E2-A1B6-DX1,0.0,0.42857142857142855,0.42857142857142855,0
TCGA-E2-A1B6-DX1_left-19864_top-53717_bottom-54962_right-21108.png,TCGA-E2-A1B6-DX1,0.0,0.03225806451612903,0.9354838709677419,0
TCGA-E2-A1B6-DX1_left-18582_top-51163_bottom-52408_right-19827.png,TCGA-E2-A1B6-DX1,0.0,0.0,0.9259259259259259,0
TCGA-E2-A1B6-DX1_left-17820_top-54247_bottom-55492_right-19065.png,TCGA-E2-A1B6-DX1,0.2,0.0,0.6,0
TCGA-E2-A1B6-DX1_left-18858_top-52172_bottom-53417_right-20103.png,TCGA-E2-A1B6-DX1,0.0,0.08108108108108109,0.8108108108108109,0
TCGA-E2-A1B6-DX1_left-17561_top-54503_bottom-55747_right-18806.png,TCGA-E2-A1B6-DX1,0.39215686274509803,0.1764705882352941,0.0,0
TCGA-E2-A1B6-DX1_left-20629_top-53462_bottom-54707_right-21874.png,TCGA-E2-A1B6-DX1,0.0,0.030303030303030304,0.48484848484848486,0
TCGA-GM-A3XL-DX1_left-32220_top-18908_bottom-20154_right-33466.png,TCGA-GM-A3XL-DX1,0.0,0.0,0.9565217391304348,2
TCGA-GM-A3XL-DX1_left-33768_top-16103_bottom-17350_right-35015.png,TCGA-GM-A3XL-DX1,0.2857142857142857,0.37142857142857144,0.11428571428571428,2
TCGA-GM-A3XL-DX1_left-34023_top-16343_bottom-17589_right-35269.png,TCGA-GM-A3XL-DX1,0.5142857142857142,0.2,0.22857142857142856,2
TCGA-GM-A3XL-DX1_left-34531_top-16353_bottom-17599_right-35778.png,TCGA-GM-A3XL-DX1,0.0,0.0,0.8571428571428571,2
TCGA-GM-A3XL-DX1_left-32472_top-18655_bottom-19901_right-33718.png,TCGA-GM-A3XL-DX1,0.0,0.0,1.0,2
TCGA-GM-A3XL-DX1_left-33783_top-18147_bottom-19393_right-35029.png,TCGA-GM-A3XL-DX1,0.0,0.0,0.9722222222222222,2
TCGA-GM-A3XL-DX1_left-35026_top-17372_bottom-18618_right-36272.png,TCGA-GM-A3XL-DX1,0.07692307692307693,0.6923076923076923,0.0,2
TCGA-E2-A1LI-DX1_left-48617_top-18552_bottom-19791_right-49856.png,TCGA-E2-A1LI-DX1,0.36538461538461536,0.21153846153846154,0.36538461538461536,4
TCGA-E2-A1LI-DX1_left-49697_top-22300_bottom-23539_right-50935.png,TCGA-E2-A1LI-DX1,0.8356164383561644,0.1232876712328767,0.0,4
TCGA-E2-A1LI-DX1_left-48423_top-19032_bottom-20271_right-49662.png,TCGA-E2-A1LI-DX1,0.47540983606557374,0.16393442622950818,0.26229508196721313,4
TCGA-E2-A1LI-DX1_left-48556_top-22050_bottom-23289_right-49795.png,TCGA-E2-A1LI-DX1,0.0,0.0,0.9444444444444444,4
TCGA-D8-A1JL-DX1_left-48489_top-30991_bottom-32230_right-49728.png,TCGA-D8-A1JL-DX1,0.8484848484848484,0.13636363636363635,0.0,3
TCGA-D8-A1JL-DX1_left-48997_top-31254_bottom-32492_right-50236.png,TCGA-D8-A1JL-DX1,0.7796610169491526,0.11864406779661017,0.0,3
TCGA-D8-A1JL-DX1_left-40042_top-26387_bottom-27625_right-41280.png,TCGA-D8-A1JL-DX1,0.40425531914893614,0.574468085106383,0.0,3
TCGA-D8-A1JL-DX1_left-43625_top-27664_bottom-28903_right-44864.png,TCGA-D8-A1JL-DX1,0.0,0.13333333333333333,0.6,3
TCGA-D8-A1JL-DX1_left-48749_top-30993_bottom-32232_right-49988.png,TCGA-D8-A1JL-DX1,0.9596774193548387,0.03225806451612903,0.008064516129032258,3
TCGA-D8-A1JL-DX1_left-40552_top-26400_bottom-27639_right-41791.png,TCGA-D8-A1JL-DX1,0.03125,0.8125,0.09375,3
TCGA-D8-A1JL-DX1_left-42860_top-27922_bottom-29161_right-44099.png,TCGA-D8-A1JL-DX1,0.6851851851851851,0.3148148148148148,0.0,3
TCGA-D8-A1JL-DX1_left-49777_top-27670_bottom-28909_right-51015.png,TCGA-D8-A1JL-DX1,0.5,0.25,0.0,3
TCGA-D8-A1JL-DX1_left-40816_top-26643_bottom-27882_right-42055.png,TCGA-D8-A1JL-DX1,0.3235294117647059,0.6176470588235294,0.0,3
TCGA-D8-A1JL-DX1_left-43870_top-28685_bottom-29924_right-45109.png,TCGA-D8-A1JL-DX1,0.06666666666666667,0.0,0.9333333333333333,3
TCGA-D8-A1JL-DX1_left-40291_top-25616_bottom-26855_right-41530.png,TCGA-D8-A1JL-DX1,0.0,0.10526315789473684,0.631578947368421,3
TCGA-D8-A1JL-DX1_left-40800_top-26136_bottom-27375_right-42039.png,TCGA-D8-A1JL-DX1,0.0,0.0,0.9166666666666666,3
TCGA-D8-A1JL-DX1_left-48994_top-30736_bottom-31975_right-50233.png,TCGA-D8-A1JL-DX1,0.7777777777777778,0.1527777777777778,0.013888888888888888,3
TCGA-A2-A0D2-DX1_left-98697_top-22568_bottom-23807_right-99936.png,TCGA-A2-A0D2-DX1,0.0,0.043478260869565216,0.9565217391304348,1
TCGA-A2-A0D2-DX1_left-99722_top-22842_bottom-24080_right-100961.png,TCGA-A2-A0D2-DX1,0.0,0.0,0.38095238095238093,1
TCGA-A2-A0D2-DX1_left-97918_top-23844_bottom-25083_right-99157.png,TCGA-A2-A0D2-DX1,0.0,0.047619047619047616,0.6666666666666666,1
TCGA-A2-A0D2-DX1_left-99219_top-22334_bottom-23572_right-100457.png,TCGA-A2-A0D2-DX1,0.0,0.16666666666666666,0.2777777777777778,1
TCGA-A2-A0D2-DX1_left-98187_top-22842_bottom-24080_right-99426.png,TCGA-A2-A0D2-DX1,0.0,0.07692307692307693,0.5384615384615384,1
TCGA-A2-A0D2-DX1_left-98961_top-23338_bottom-24576_right-100200.png,TCGA-A2-A0D2-DX1,0.0,0.0,0.9666666666666667,1
TCGA-A2-A0D2-DX1_left-97183_top-22827_bottom-24066_right-98422.png,TCGA-A2-A0D2-DX1,0.0,0.05714285714285714,0.6857142857142857,1
TCGA-A2-A0D2-DX1_left-97396_top-23087_bottom-24326_right-98634.png,TCGA-A2-A0D2-DX1,0.0,0.047619047619047616,0.6190476190476191,1
TCGA-A2-A0D2-DX1_left-98460_top-23865_bottom-25104_right-99699.png,TCGA-A2-A0D2-DX1,0.0,0.0,0.8260869565217391,1
TCGA-A2-A0D2-DX1_left-97174_top-23865_bottom-25104_right-98413.png,TCGA-A2-A0D2-DX1,0.0,0.0,0.5,1
TCGA-A2-A0D2-DX1_left-99474_top-22321_bottom-23560_right-100713.png,TCGA-A2-A0D2-DX1,0.0,0.0,0.7142857142857143,1
TCGA-A2-A0D2-DX1_left-97946_top-22328_bottom-23566_right-99185.png,TCGA-A2-A0D2-DX1,0.0,0.0,0.85,1
TCGA-GM-A2DD-DX1_left-49062_top-24215_bottom-25460_right-50307.png,TCGA-GM-A2DD-DX1,0.5625,0.4375,0.0,4
TCGA-GM-A2DD-DX1_left-48561_top-24983_bottom-26228_right-49806.png,TCGA-GM-A2DD-DX1,0.6428571428571429,0.21428571428571427,0.0,4
TCGA-GM-A2DD-DX1_left-51360_top-23719_bottom-24964_right-52604.png,TCGA-GM-A2DD-DX1,0.0,0.5714285714285714,0.0,4
TCGA-GM-A2DD-DX1_left-48300_top-23966_bottom-25211_right-49545.png,TCGA-GM-A2DD-DX1,0.6333333333333333,0.03333333333333333,0.1,4
TCGA-GM-A2DD-DX1_left-50074_top-25247_bottom-26492_right-51318.png,TCGA-GM-A2DD-DX1,0.4,0.4,0.0,4
TCGA-GM-A2DD-DX1_left-49311_top-23465_bottom-24710_right-50556.png,TCGA-GM-A2DD-DX1,0.15384615384615385,0.46153846153846156,0.07692307692307693,4
TCGA-GM-A2DD-DX1_left-47523_top-24473_bottom-25718_right-48768.png,TCGA-GM-A2DD-DX1,0.75,0.25,0.0,4
TCGA-GM-A2DD-DX1_left-51126_top-22440_bottom-23685_right-52371.png,TCGA-GM-A2DD-DX1,0.0,1.0,0.0,4
TCGA-GM-A2DD-DX1_left-48576_top-23701_bottom-24946_right-49821.png,TCGA-GM-A2DD-DX1,0.3333333333333333,0.0,0.4166666666666667,4
TCGA-GM-A2DD-DX1_left-50847_top-24729_bottom-25974_right-52091.png,TCGA-GM-A2DD-DX1,0.0,0.2857142857142857,0.14285714285714285,4
TCGA-GM-A2DD-DX1_left-49840_top-24202_bottom-25446_right-51085.png,TCGA-GM-A2DD-DX1,0.5,0.21428571428571427,0.0,4
TCGA-GM-A2DD-DX1_left-49324_top-24729_bottom-25974_right-50568.png,TCGA-GM-A2DD-DX1,0.6,0.3,0.0,4
TCGA-GM-A2DD-DX1_left-51117_top-24729_bottom-25974_right-52361.png,TCGA-GM-A2DD-DX1,0.125,0.625,0.0,4
TCGA-GM-A2DD-DX1_left-52658_top-24216_bottom-25461_right-53903.png,TCGA-GM-A2DD-DX1,0.0,1.0,0.0,4
TCGA-GM-A2DD-DX1_left-49059_top-24978_bottom-26223_right-50303.png,TCGA-GM-A2DD-DX1,0.0,0.1875,0.6875,4
TCGA-GM-A2DD-DX1_left-52917_top-23460_bottom-24705_right-54162.png,TCGA-GM-A2DD-DX1,0.0,0.0,1.0,4
TCGA-GM-A2DD-DX1_left-48564_top-22942_bottom-24187_right-49809.png,TCGA-GM-A2DD-DX1,0.4,0.2,0.0,4
TCGA-GM-A2DD-DX1_left-53165_top-23193_bottom-24438_right-54410.png,TCGA-GM-A2DD-DX1,0.0,0.0,0.5,4
TCGA-GM-A2DD-DX1_left-47275_top-22944_bottom-24188_right-48520.png,TCGA-GM-A2DD-DX1,0.7999999999999999,0.1,0.0,4
TCGA-GM-A2DD-DX1_left-51637_top-23703_bottom-24948_right-52882.png,TCGA-GM-A2DD-DX1,0.14285714285714285,0.14285714285714285,0.0,4
TCGA-GM-A2DD-DX1_left-50092_top-23695_bottom-24940_right-51337.png,TCGA-GM-A2DD-DX1,0.0,0.3125,0.25,4
TCGA-GM-A2DD-DX1_left-51884_top-23450_bottom-24695_right-53128.png,TCGA-GM-A2DD-DX1,0.0,1.0,0.0,4
TCGA-GM-A2DD-DX1_left-53932_top-24980_bottom-26224_right-55177.png,TCGA-GM-A2DD-DX1,0.0,0.25,0.25,4
TCGA-GM-A2DD-DX1_left-50860_top-22683_bottom-23928_right-52105.png,TCGA-GM-A2DD-DX1,0.2727272727272727,0.5454545454545454,0.0,4
TCGA-GM-A2DD-DX1_left-52908_top-24473_bottom-25718_right-54153.png,TCGA-GM-A2DD-DX1,0.5,0.5,0.0,4
TCGA-GM-A2DD-DX1_left-50103_top-24473_bottom-25718_right-51348.png,TCGA-GM-A2DD-DX1,0.6428571428571429,0.14285714285714285,0.0,4
TCGA-GM-A2DD-DX1_left-52642_top-22422_bottom-23667_right-53887.png,TCGA-GM-A2DD-DX1,0.0,0.0,0.9166666666666666,4
TCGA-GM-A2DD-DX1_left-49584_top-25483_bottom-26728_right-50828.png,TCGA-GM-A2DD-DX1,0.4444444444444444,0.4444444444444444,0.0,4
TCGA-GM-A2DD-DX1_left-49838_top-25489_bottom-26734_right-51083.png,TCGA-GM-A2DD-DX1,0.5,0.3333333333333333,0.0,4
TCGA-GM-A2DD-DX1_left-50600_top-24225_bottom-25470_right-51845.png,TCGA-GM-A2DD-DX1,0.0,0.45454545454545453,0.0,4
TCGA-GM-A2DD-DX1_left-51888_top-25496_bottom-26741_right-53133.png,TCGA-GM-A2DD-DX1,0.0,0.0,0.8,4
TCGA-A2-A0CM-DX1_left-21404_top-57901_bottom-59137_right-22640.png,TCGA-A2-A0CM-DX1,0.0,0.0,0.9047619047619048,2
TCGA-A2-A0CM-DX1_left-19624_top-56888_bottom-58124_right-20861.png,TCGA-A2-A0CM-DX1,0.38461538461538464,0.5769230769230769,0.0,2
TCGA-A2-A0CM-DX1_left-21641_top-58921_bottom-60158_right-22877.png,TCGA-A2-A0CM-DX1,0.029411764705882353,0.0,0.7647058823529411,2
TCGA-A2-A0CM-DX1_left-20111_top-57141_bottom-58378_right-21347.png,TCGA-A2-A0CM-DX1,0.0,0.47619047619047616,0.5238095238095238,2
TCGA-EW-A1OV-DX1_left-127325_top-68734_bottom-69970_right-128561.png,TCGA-EW-A1OV-DX1,0.6507936507936507,0.12698412698412698,0.0,3
TCGA-EW-A1OV-DX1_left-128593_top-71044_bottom-72280_right-129830.png,TCGA-EW-A1OV-DX1,0.0,0.0,0.9642857142857143,3
TCGA-EW-A1OV-DX1_left-127585_top-69999_bottom-71236_right-128822.png,TCGA-EW-A1OV-DX1,0.6190476190476191,0.19047619047619047,0.0,3
TCGA-D8-A1XQ-DX1_left-62301_top-36915_bottom-38160_right-63546.png,TCGA-D8-A1XQ-DX1,0.56,0.32,0.0,1
TCGA-D8-A1XQ-DX1_left-62560_top-34610_bottom-35855_right-63805.png,TCGA-D8-A1XQ-DX1,0.0625,0.3125,0.53125,1
TCGA-D8-A1XQ-DX1_left-64626_top-37426_bottom-38670_right-65870.png,TCGA-D8-A1XQ-DX1,0.0,1.0,0.0,1
TCGA-D8-A1XQ-DX1_left-62300_top-36144_bottom-37389_right-63545.png,TCGA-D8-A1XQ-DX1,0.7105263157894737,0.02631578947368421,0.0,1
TCGA-D8-A1XQ-DX1_left-63840_top-35900_bottom-37145_right-65085.png,TCGA-D8-A1XQ-DX1,0.0,0.0,0.9459459459459459,1
TCGA-D8-A1XQ-DX1_left-64098_top-34602_bottom-35846_right-65343.png,TCGA-D8-A1XQ-DX1,0.0,0.0,1.0,1
TCGA-D8-A1XQ-DX1_left-64098_top-34881_bottom-36126_right-65343.png,TCGA-D8-A1XQ-DX1,0.0,0.09375,0.78125,1
TCGA-D8-A1XQ-DX1_left-65619_top-35121_bottom-36366_right-66864.png,TCGA-D8-A1XQ-DX1,0.0,0.42857142857142855,0.5714285714285714,1
TCGA-BH-A0BG-DX1_left-64544_top-28569_bottom-29796_right-65771.png,TCGA-BH-A0BG-DX1,0.045454545454545456,0.0,0.9545454545454546,2
TCGA-BH-A0BG-DX1_left-65339_top-28844_bottom-30070_right-66565.png,TCGA-BH-A0BG-DX1,0.5277777777777778,0.0,0.2777777777777778,2
TCGA-BH-A0BG-DX1_left-64537_top-27822_bottom-29049_right-65764.png,TCGA-BH-A0BG-DX1,0.03333333333333333,0.0,0.9333333333333333,2
TCGA-BH-A0BG-DX1_left-65336_top-29366_bottom-30593_right-66563.png,TCGA-BH-A0BG-DX1,0.0,0.631578947368421,0.2631578947368421,2
TCGA-BH-A0BG-DX1_left-64561_top-29348_bottom-30575_right-65788.png,TCGA-BH-A0BG-DX1,0.5581395348837209,0.20930232558139533,0.0,2
TCGA-BH-A0BG-DX1_left-64835_top-25008_bottom-26235_right-66062.png,TCGA-BH-A0BG-DX1,0.0,0.0,1.0,2
TCGA-C8-A27B-DX1_left-56751_top-12378_bottom-13629_right-58001.png,TCGA-C8-A27B-DX1,0.0,0.0,1.0,4
TCGA-C8-A27B-DX1_left-60319_top-12394_bottom-13645_right-61570.png,TCGA-C8-A27B-DX1,0.0,0.0,0.96,4
TCGA-C8-A27B-DX1_left-52911_top-12893_bottom-14143_right-54162.png,TCGA-C8-A27B-DX1,0.09090909090909091,0.8636363636363636,0.045454545454545456,4
TCGA-AO-A0J6-DX1_left-42672_top-11723_bottom-12339_right-43287.png,TCGA-AO-A0J6-DX1,0.0,0.0,1.0,2
TCGA-AO-A0J6-DX1_left-41130_top-11208_bottom-11824_right-41745.png,TCGA-AO-A0J6-DX1,0.0,0.0,1.0,2
TCGA-AO-A0J6-DX1_left-42412_top-11465_bottom-12080_right-43027.png,TCGA-AO-A0J6-DX1,0.0,0.0,1.0,2
TCGA-AO-A0J6-DX1_left-43174_top-12238_bottom-12853_right-43790.png,TCGA-AO-A0J6-DX1,0.0,0.012987012987012988,0.987012987012987,2
TCGA-E2-A1L7-DX1_left-53097_top-18256_bottom-19494_right-54336.png,TCGA-E2-A1L7-DX1,0.17391304347826086,0.5217391304347826,0.17391304347826086,0
TCGA-E2-A1L7-DX1_left-56186_top-16967_bottom-18206_right-57424.png,TCGA-E2-A1L7-DX1,0.34285714285714286,0.2857142857142857,0.3142857142857143,0
TCGA-E2-A1L7-DX1_left-52850_top-17733_bottom-18972_right-54089.png,TCGA-E2-A1L7-DX1,0.02127659574468085,0.0,0.9361702127659575,0
TCGA-E2-A1L7-DX1_left-51835_top-18519_bottom-19758_right-53074.png,TCGA-E2-A1L7-DX1,0.0,0.08823529411764706,0.8823529411764706,0
TCGA-E2-A1L7-DX1_left-53874_top-19543_bottom-20782_right-55113.png,TCGA-E2-A1L7-DX1,0.0,0.0,1.0,0
TCGA-E2-A1L7-DX1_left-54660_top-16204_bottom-17443_right-55899.png,TCGA-E2-A1L7-DX1,0.0,0.0,0.9411764705882353,0
TCGA-E2-A1L7-DX1_left-56164_top-17491_bottom-18730_right-57403.png,TCGA-E2-A1L7-DX1,0.36363636363636365,0.4545454545454546,0.0,0
TCGA-E2-A1L7-DX1_left-56441_top-15446_bottom-16685_right-57680.png,TCGA-E2-A1L7-DX1,0.14634146341463414,0.04878048780487805,0.7804878048780488,0
TCGA-E2-A1L7-DX1_left-52613_top-18765_bottom-20004_right-53852.png,TCGA-E2-A1L7-DX1,0.0,0.14705882352941177,0.8235294117647058,0
TCGA-E2-A1L7-DX1_left-51824_top-18254_bottom-19493_right-53063.png,TCGA-E2-A1L7-DX1,0.0,0.0,1.0,0
TCGA-E2-A1L7-DX1_left-52336_top-18787_bottom-20025_right-53575.png,TCGA-E2-A1L7-DX1,0.02631578947368421,0.07894736842105263,0.8947368421052632,0
TCGA-E2-A1L7-DX1_left-53868_top-16999_bottom-18237_right-55107.png,TCGA-E2-A1L7-DX1,0.0,0.9411764705882353,0.0,0
TCGA-E2-A1L7-DX1_left-57201_top-16468_bottom-17706_right-58439.png,TCGA-E2-A1L7-DX1,0.75,0.0625,0.0,0
TCGA-E2-A1L7-DX1_left-56432_top-16719_bottom-17958_right-57671.png,TCGA-E2-A1L7-DX1,0.575,0.05,0.3,0
TCGA-E2-A1L7-DX1_left-56947_top-15450_bottom-16689_right-58185.png,TCGA-E2-A1L7-DX1,0.2127659574468085,0.2765957446808511,0.2978723404255319,0
TCGA-E2-A1L7-DX1_left-56182_top-15440_bottom-16679_right-57421.png,TCGA-E2-A1L7-DX1,0.1891891891891892,0.02702702702702703,0.5405405405405406,0
TCGA-D8-A1JF-DX1_left-27693_top-55439_bottom-56678_right-28931.png,TCGA-D8-A1JF-DX1,0.0,0.0,0.6428571428571429,4
TCGA-D8-A1JF-DX1_left-27445_top-54138_bottom-55377_right-28683.png,TCGA-D8-A1JF-DX1,0.07692307692307693,0.0,0.6923076923076923,4
TCGA-D8-A1JF-DX1_left-25904_top-55692_bottom-56930_right-27142.png,TCGA-D8-A1JF-DX1,0.2631578947368421,0.3157894736842105,0.0,4
TCGA-D8-A1JF-DX1_left-26425_top-55180_bottom-56419_right-27664.png,TCGA-D8-A1JF-DX1,0.7222222222222222,0.19444444444444445,0.0,4
TCGA-D8-A1JF-DX1_left-26164_top-55180_bottom-56419_right-27402.png,TCGA-D8-A1JF-DX1,0.15,0.5,0.0,4
TCGA-D8-A1JF-DX1_left-26414_top-54925_bottom-56163_right-27653.png,TCGA-D8-A1JF-DX1,0.5588235294117647,0.38235294117647056,0.0,4
TCGA-D8-A1JF-DX1_left-25907_top-52868_bottom-54107_right-27146.png,TCGA-D8-A1JF-DX1,0.0,0.0,1.0,4
TCGA-D8-A1JF-DX1_left-25901_top-54157_bottom-55395_right-27140.png,TCGA-D8-A1JF-DX1,0.0,0.5555555555555556,0.0,4
TCGA-D8-A1JF-DX1_left-26155_top-54924_bottom-56162_right-27394.png,TCGA-D8-A1JF-DX1,0.16666666666666666,0.2222222222222222,0.0,4
TCGA-D8-A1JF-DX1_left-26681_top-54925_bottom-56163_right-27920.png,TCGA-D8-A1JF-DX1,0.8518518518518519,0.1111111111111111,0.0,4
TCGA-D8-A1JF-DX1_left-27183_top-53645_bottom-54884_right-28422.png,TCGA-D8-A1JF-DX1,0.0,0.0,1.0,4
TCGA-D8-A1JF-DX1_left-26154_top-55433_bottom-56672_right-27393.png,TCGA-D8-A1JF-DX1,0.5757575757575757,0.18181818181818182,0.0,4
TCGA-D8-A1JF-DX1_left-28465_top-52878_bottom-54117_right-29703.png,TCGA-D8-A1JF-DX1,0.0,0.0,1.0,4
TCGA-D8-A1JF-DX1_left-25652_top-55698_bottom-56936_right-26891.png,TCGA-D8-A1JF-DX1,0.2857142857142857,0.47619047619047616,0.0,4
TCGA-D8-A1JF-DX1_left-27961_top-53138_bottom-54377_right-29200.png,TCGA-D8-A1JF-DX1,0.14285714285714285,0.0,0.8571428571428571,4
TCGA-D8-A1JF-DX1_left-26420_top-54674_bottom-55913_right-27659.png,TCGA-D8-A1JF-DX1,0.09090909090909091,0.9090909090909091,0.0,4
TCGA-D8-A1JF-DX1_left-25396_top-52877_bottom-54115_right-26634.png,TCGA-D8-A1JF-DX1,0.0,1.0,0.0,4
TCGA-D8-A1JF-DX1_left-28214_top-55695_bottom-56934_right-29453.png,TCGA-D8-A1JF-DX1,0.18181818181818182,0.36363636363636365,0.0,4
TCGA-D8-A1JF-DX1_left-27202_top-52871_bottom-54109_right-28440.png,TCGA-D8-A1JF-DX1,0.0,0.36363636363636365,0.6363636363636364,4
TCGA-D8-A1JF-DX1_left-25904_top-55180_bottom-56419_right-27142.png,TCGA-D8-A1JF-DX1,0.0,0.2222222222222222,0.0,4
TCGA-D8-A1JF-DX1_left-26932_top-55435_bottom-56674_right-28171.png,TCGA-D8-A1JF-DX1,0.8771929824561403,0.07017543859649122,0.0,4
TCGA-D8-A1JF-DX1_left-28208_top-55948_bottom-57187_right-29447.png,TCGA-D8-A1JF-DX1,0.7142857142857143,0.14285714285714285,0.0,4
TCGA-D8-A1JF-DX1_left-24884_top-55184_bottom-56422_right-26123.png,TCGA-D8-A1JF-DX1,0.6666666666666666,0.0,0.0,4
TCGA-D8-A1JF-DX1_left-25660_top-55436_bottom-56675_right-26899.png,TCGA-D8-A1JF-DX1,0.0,0.10810810810810811,0.0,4
TCGA-D8-A1JF-DX1_left-26680_top-55951_bottom-57189_right-27919.png,TCGA-D8-A1JF-DX1,1.0,0.0,0.0,4
TCGA-D8-A1JF-DX1_left-26671_top-55695_bottom-56934_right-27909.png,TCGA-D8-A1JF-DX1,0.8596491228070176,0.03508771929824561,0.0,4
TCGA-D8-A1JF-DX1_left-26919_top-52620_bottom-53859_right-28157.png,TCGA-D8-A1JF-DX1,0.0,0.6666666666666666,0.3333333333333333,4
TCGA-D8-A1JF-DX1_left-28224_top-54163_bottom-55401_right-29462.png,TCGA-D8-A1JF-DX1,0.0,0.0,0.9230769230769231,4
TCGA-D8-A1JF-DX1_left-27170_top-54160_bottom-55399_right-28409.png,TCGA-D8-A1JF-DX1,0.0,0.0,0.8666666666666667,4
TCGA-D8-A1JF-DX1_left-25902_top-53137_bottom-54376_right-27141.png,TCGA-D8-A1JF-DX1,0.0,0.0,0.8571428571428571,4
TCGA-D8-A1JF-DX1_left-25647_top-55174_bottom-56413_right-26886.png,TCGA-D8-A1JF-DX1,0.0,0.25,0.0,4
TCGA-D8-A1JF-DX1_left-27956_top-54167_bottom-55406_right-29195.png,TCGA-D8-A1JF-DX1,0.0,0.0,0.875,4
TCGA-D8-A1JF-DX1_left-26932_top-55694_bottom-56933_right-28171.png,TCGA-D8-A1JF-DX1,0.9166666666666666,0.05952380952380952,0.0,4
TCGA-D8-A1JF-DX1_left-25385_top-52623_bottom-53861_right-26623.png,TCGA-D8-A1JF-DX1,0.0,1.0,0.0,4
TCGA-D8-A1JF-DX1_left-25390_top-55677_bottom-56916_right-26628.png,TCGA-D8-A1JF-DX1,0.36363636363636365,0.36363636363636365,0.0,4
TCGA-D8-A1JF-DX1_left-26934_top-55176_bottom-56415_right-28173.png,TCGA-D8-A1JF-DX1,0.8571428571428571,0.015873015873015872,0.0,4
TCGA-D8-A1JF-DX1_left-26170_top-55692_bottom-56930_right-27408.png,TCGA-D8-A1JF-DX1,0.6756756756756757,0.10810810810810811,0.0,4
TCGA-D8-A1JF-DX1_left-27181_top-53900_bottom-55139_right-28420.png,TCGA-D8-A1JF-DX1,0.0,0.07142857142857142,0.6428571428571429,4
TCGA-AR-A1AR-DX1_left-15539_top-29615_bottom-30860_right-16784.png,TCGA-AR-A1AR-DX1,0.038461538461538464,0.0,0.9230769230769231,4
TCGA-AR-A1AR-DX1_left-15799_top-29620_bottom-30865_right-17044.png,TCGA-AR-A1AR-DX1,0.0,0.0,0.9444444444444444,4
TCGA-AR-A1AR-DX1_left-12722_top-31164_bottom-32409_right-13967.png,TCGA-AR-A1AR-DX1,0.7837837837837838,0.13513513513513514,0.0,4
TCGA-AR-A1AR-DX1_left-14518_top-30405_bottom-31650_right-15763.png,TCGA-AR-A1AR-DX1,0.2619047619047619,0.19047619047619047,0.5238095238095238,4
TCGA-AR-A1AR-DX1_left-13742_top-31429_bottom-32674_right-14987.png,TCGA-AR-A1AR-DX1,0.14814814814814814,0.7777777777777778,0.0,4
TCGA-A7-A4SD-DX1_left-54599_top-11891_bottom-13136_right-55845.png,TCGA-A7-A4SD-DX1,0.5769230769230769,0.3076923076923077,0.019230769230769232,0
TCGA-A7-A4SD-DX1_left-54072_top-11896_bottom-13141_right-55317.png,TCGA-A7-A4SD-DX1,0.03225806451612903,0.0,0.9354838709677419,0
TCGA-AR-A1AQ-DX1_left-18952_top-39590_bottom-40835_right-20197.png,TCGA-AR-A1AQ-DX1,0.8679245283018868,0.09433962264150944,0.0,0
TCGA-AR-A1AQ-DX1_left-19217_top-38570_bottom-39815_right-20462.png,TCGA-AR-A1AQ-DX1,0.6333333333333333,0.13333333333333333,0.0,0
TCGA-BH-A0WA-DX1_left-62223_top-30939_bottom-32175_right-63459.png,TCGA-BH-A0WA-DX1,0.978494623655914,0.0,0.0,3
TCGA-BH-A0WA-DX1_left-61463_top-30944_bottom-32180_right-62699.png,TCGA-BH-A0WA-DX1,0.8783783783783784,0.08108108108108109,0.0,3
TCGA-BH-A0WA-DX1_left-61214_top-31196_bottom-32432_right-62450.png,TCGA-BH-A0WA-DX1,0.9878048780487805,0.012195121951219513,0.0,3
TCGA-BH-A0WA-DX1_left-61722_top-30938_bottom-32174_right-62958.png,TCGA-BH-A0WA-DX1,0.9777777777777777,0.0,0.0,3
TCGA-LL-A740-DX1_left-41515_top-25640_bottom-26856_right-42731.png,TCGA-LL-A740-DX1,0.0,0.0,0.3076923076923077,0
TCGA-LL-A740-DX1_left-41498_top-24110_bottom-25326_right-42714.png,TCGA-LL-A740-DX1,0.0,0.8571428571428571,0.0,0
TCGA-LL-A740-DX1_left-39466_top-24104_bottom-25320_right-40682.png,TCGA-LL-A740-DX1,0.7142857142857143,0.12244897959183673,0.0,0
TCGA-LL-A740-DX1_left-41258_top-25643_bottom-26860_right-42474.png,TCGA-LL-A740-DX1,0.0,0.6666666666666666,0.13333333333333333,0
TCGA-LL-A740-DX1_left-39453_top-26160_bottom-27376_right-40669.png,TCGA-LL-A740-DX1,0.0,0.0,0.9565217391304348,0
TCGA-LL-A740-DX1_left-40235_top-25383_bottom-26599_right-41451.png,TCGA-LL-A740-DX1,0.8,0.2,0.0,0
TCGA-LL-A740-DX1_left-39719_top-26151_bottom-27367_right-40935.png,TCGA-LL-A740-DX1,0.0,0.0,1.0,0
TCGA-EW-A1P8-DX1_left-17076_top-29224_bottom-30461_right-18312.png,TCGA-EW-A1P8-DX1,0.0,0.0,0.8666666666666667,2
TCGA-EW-A1P8-DX1_left-17857_top-28186_bottom-29422_right-19094.png,TCGA-EW-A1P8-DX1,0.0,0.05555555555555555,0.7222222222222222,2
TCGA-EW-A1P8-DX1_left-16557_top-28690_bottom-29927_right-17793.png,TCGA-EW-A1P8-DX1,0.02040816326530612,0.02040816326530612,0.7142857142857143,2
TCGA-EW-A1P8-DX1_left-16304_top-26909_bottom-28146_right-17541.png,TCGA-EW-A1P8-DX1,0.46296296296296297,0.16666666666666666,0.0,2
TCGA-EW-A1P8-DX1_left-16814_top-28181_bottom-29417_right-18050.png,TCGA-EW-A1P8-DX1,0.23076923076923078,0.576923076923077,0.11538461538461539,2
TCGA-EW-A1P8-DX1_left-16565_top-28193_bottom-29429_right-17802.png,TCGA-EW-A1P8-DX1,0.030303030303030304,0.21212121212121213,0.5454545454545454,2
TCGA-EW-A1P8-DX1_left-17588_top-29720_bottom-30957_right-18824.png,TCGA-EW-A1P8-DX1,0.02857142857142857,0.0,0.6857142857142857,2
TCGA-EW-A1P8-DX1_left-18607_top-28442_bottom-29678_right-19843.png,TCGA-EW-A1P8-DX1,0.027777777777777776,0.08333333333333333,0.7222222222222222,2
TCGA-EW-A1P8-DX1_left-18868_top-28191_bottom-29427_right-20104.png,TCGA-EW-A1P8-DX1,0.0,0.05263157894736842,0.9210526315789473,2
TCGA-EW-A1P8-DX1_left-17561_top-28191_bottom-29427_right-18798.png,TCGA-EW-A1P8-DX1,0.0,0.16666666666666666,0.7,2
TCGA-EW-A1P8-DX1_left-17583_top-26914_bottom-28151_right-18820.png,TCGA-EW-A1P8-DX1,0.0,0.14285714285714285,0.6666666666666666,2
TCGA-EW-A1P8-DX1_left-17831_top-29216_bottom-30452_right-19067.png,TCGA-EW-A1P8-DX1,0.18181818181818182,0.045454545454545456,0.5,2
TCGA-EW-A1P8-DX1_left-18874_top-28449_bottom-29685_right-20110.png,TCGA-EW-A1P8-DX1,0.0,0.06666666666666667,0.9,2
TCGA-EW-A1P8-DX1_left-17330_top-27950_bottom-29187_right-18566.png,TCGA-EW-A1P8-DX1,0.02702702702702703,0.10810810810810811,0.8378378378378378,2
TCGA-EW-A1P8-DX1_left-17579_top-28690_bottom-29927_right-18816.png,TCGA-EW-A1P8-DX1,0.08823529411764705,0.08823529411764706,0.7941176470588235,2
TCGA-E2-A150-DX1_left-43646_top-63924_bottom-65169_right-44891.png,TCGA-E2-A150-DX1,0.42857142857142855,0.47619047619047616,0.0,4
TCGA-E2-A150-DX1_left-45428_top-64436_bottom-65681_right-46673.png,TCGA-E2-A150-DX1,0.5319148936170213,0.36170212765957444,0.0,4
TCGA-GM-A2DB-DX1_left-54440_top-44915_bottom-46159_right-55685.png,TCGA-GM-A2DB-DX1,0.0,0.0,0.7647058823529411,0
TCGA-GM-A2DB-DX1_left-53685_top-45170_bottom-46415_right-54930.png,TCGA-GM-A2DB-DX1,0.0,0.0,0.9545454545454546,0
TCGA-GM-A2DB-DX1_left-54169_top-45419_bottom-46664_right-55414.png,TCGA-GM-A2DB-DX1,0.0,0.0,0.9375,0
TCGA-GM-A2DB-DX1_left-52650_top-43401_bottom-44646_right-53894.png,TCGA-GM-A2DB-DX1,0.0,0.0,0.8823529411764706,0
TCGA-GM-A2DB-DX1_left-52387_top-43372_bottom-44617_right-53632.png,TCGA-GM-A2DB-DX1,0.0,0.0,1.0,0
TCGA-GM-A2DB-DX1_left-56488_top-45428_bottom-46672_right-57733.png,TCGA-GM-A2DB-DX1,0.868421052631579,0.05263157894736842,0.0,0
TCGA-GM-A2DB-DX1_left-56237_top-44926_bottom-46170_right-57482.png,TCGA-GM-A2DB-DX1,0.0,0.29411764705882354,0.6470588235294118,0
TCGA-GM-A2DB-DX1_left-52132_top-43371_bottom-44616_right-53377.png,TCGA-GM-A2DB-DX1,0.5217391304347826,0.391304347826087,0.0,0
TCGA-GM-A2DB-DX1_left-54683_top-45437_bottom-46682_right-55928.png,TCGA-GM-A2DB-DX1,0.0,0.3076923076923077,0.46153846153846156,0
TCGA-A2-A04Q-DX1_left-20902_top-18093_bottom-19320_right-22129.png,TCGA-A2-A04Q-DX1,0.1935483870967742,0.03225806451612903,0.7419354838709677,0
TCGA-A2-A04Q-DX1_left-20882_top-18603_bottom-19830_right-22109.png,TCGA-A2-A04Q-DX1,0.4444444444444445,0.022222222222222223,0.3111111111111111,0
TCGA-A2-A04P-DX1_left-107338_top-50321_bottom-51548_right-108564.png,TCGA-A2-A04P-DX1,0.0,0.0,1.0,2
TCGA-A2-A04P-DX1_left-105289_top-49561_bottom-50787_right-106515.png,TCGA-A2-A04P-DX1,0.20833333333333334,0.6666666666666666,0.0,2
TCGA-A2-A04P-DX1_left-105805_top-48799_bottom-50026_right-107031.png,TCGA-A2-A04P-DX1,0.7758620689655172,0.017241379310344827,0.0,2
TCGA-AN-A0AR-DX1_left-10530_top-21180_bottom-22419_right-11769.png,TCGA-AN-A0AR-DX1,0.2857142857142857,0.03571428571428571,0.6607142857142857,2
TCGA-AN-A0AR-DX1_left-10279_top-21188_bottom-22427_right-11518.png,TCGA-AN-A0AR-DX1,0.42857142857142855,0.061224489795918366,0.40816326530612246,2
TCGA-AN-A0AR-DX1_left-8495_top-25038_bottom-26277_right-9734.png,TCGA-AN-A0AR-DX1,0.0,0.0,1.0,2
TCGA-AN-A0AR-DX1_left-8493_top-24770_bottom-26009_right-9732.png,TCGA-AN-A0AR-DX1,0.03333333333333333,0.0,0.7333333333333333,2
TCGA-A7-A6VW-DX1_left-69359_top-18300_bottom-19551_right-70610.png,TCGA-A7-A6VW-DX1,0.5714285714285714,0.0,0.0,0
TCGA-A7-A6VW-DX1_left-69368_top-16749_bottom-18000_right-70619.png,TCGA-A7-A6VW-DX1,0.0,0.0,0.9607843137254902,0
TCGA-A7-A6VW-DX1_left-71420_top-15983_bottom-17234_right-72671.png,TCGA-A7-A6VW-DX1,0.0,0.2631578947368421,0.6842105263157895,0
TCGA-A7-A6VW-DX1_left-71402_top-16233_bottom-17484_right-72653.png,TCGA-A7-A6VW-DX1,0.0,0.0,0.8928571428571429,0
TCGA-A7-A6VW-DX1_left-70652_top-15979_bottom-17230_right-71903.png,TCGA-A7-A6VW-DX1,0.15789473684210525,0.3157894736842105,0.5263157894736842,0
TCGA-A7-A6VW-DX1_left-71150_top-15996_bottom-17247_right-72401.png,TCGA-A7-A6VW-DX1,0.2857142857142857,0.09523809523809523,0.5238095238095238,0
TCGA-A7-A6VW-DX1_left-69877_top-16499_bottom-17749_right-71128.png,TCGA-A7-A6VW-DX1,0.2857142857142857,0.5714285714285714,0.0,0
TCGA-A7-A6VW-DX1_left-69619_top-16248_bottom-17499_right-70870.png,TCGA-A7-A6VW-DX1,0.0,1.0,0.0,0
TCGA-GI-A2C9-DX1_left-21142_top-12876_bottom-14121_right-22387.png,TCGA-GI-A2C9-DX1,0.0,0.05128205128205128,0.8974358974358975,3
TCGA-GI-A2C9-DX1_left-21157_top-12630_bottom-13875_right-22403.png,TCGA-GI-A2C9-DX1,0.0,0.3181818181818182,0.6363636363636364,3
TCGA-GI-A2C9-DX1_left-23463_top-12115_bottom-13360_right-24708.png,TCGA-GI-A2C9-DX1,0.0,0.09803921568627451,0.5882352941176471,3
TCGA-BH-A0E6-DX1_left-59419_top-21303_bottom-22539_right-60656.png,TCGA-BH-A0E6-DX1,0.5862068965517241,0.06896551724137931,0.2413793103448276,1
TCGA-BH-A0E6-DX1_left-61457_top-23085_bottom-24321_right-62694.png,TCGA-BH-A0E6-DX1,0.0,0.0,0.9411764705882353,1
TCGA-BH-A0E6-DX1_left-58380_top-20277_bottom-21513_right-59616.png,TCGA-BH-A0E6-DX1,0.6792452830188679,0.24528301886792453,0.0,1
TCGA-BH-A0E6-DX1_left-56595_top-22589_bottom-23825_right-57832.png,TCGA-BH-A0E6-DX1,0.0,0.0,0.9411764705882353,1
TCGA-AO-A12F-DX1_left-17284_top-30051_bottom-30666_right-17899.png,TCGA-AO-A12F-DX1,0.0,0.2978723404255319,0.425531914893617,4
TCGA-AO-A12F-DX1_left-17327_top-29707_bottom-30322_right-17943.png,TCGA-AO-A12F-DX1,0.0,0.0196078431372549,0.9215686274509803,4
TCGA-AO-A12F-DX1_left-16825_top-29699_bottom-30314_right-17440.png,TCGA-AO-A12F-DX1,0.0,0.2857142857142857,0.0,4
TCGA-LL-A441-DX1_left-82786_top-45695_bottom-46946_right-84037.png,TCGA-LL-A441-DX1,0.0,0.0,0.0,4
TCGA-LL-A441-DX1_left-84580_top-44159_bottom-45410_right-85831.png,TCGA-LL-A441-DX1,0.7613636363636364,0.10227272727272728,0.0,4
TCGA-LL-A441-DX1_left-83051_top-43650_bottom-44901_right-84303.png,TCGA-LL-A441-DX1,0.0,0.0,1.0,4
TCGA-LL-A441-DX1_left-82018_top-44149_bottom-45400_right-83269.png,TCGA-LL-A441-DX1,0.125,0.0625,0.5,4
TCGA-LL-A441-DX1_left-82785_top-43640_bottom-44891_right-84036.png,TCGA-LL-A441-DX1,0.0,0.16666666666666666,0.75,4
TCGA-LL-A441-DX1_left-82521_top-43654_bottom-44906_right-83772.png,TCGA-LL-A441-DX1,0.4827586206896552,0.1724137931034483,0.1724137931034483,4
TCGA-A2-A0D0-DX1_left-71561_top-45494_bottom-46730_right-72798.png,TCGA-A2-A0D0-DX1,0.0,0.0,1.0,2
TCGA-A2-A0D0-DX1_left-75158_top-44466_bottom-45702_right-76394.png,TCGA-A2-A0D0-DX1,0.0,0.0,1.0,2
TCGA-A2-A0D0-DX1_left-72344_top-42421_bottom-43657_right-73580.png,TCGA-A2-A0D0-DX1,0.125,0.6666666666666666,0.0,2
TCGA-A2-A0D0-DX1_left-73108_top-43951_bottom-45187_right-74344.png,TCGA-A2-A0D0-DX1,0.7878787878787878,0.13636363636363635,0.0,2
TCGA-A2-A0D0-DX1_left-68517_top-42674_bottom-43911_right-69753.png,TCGA-A2-A0D0-DX1,0.2,0.8,0.0,2
TCGA-A2-A0D0-DX1_left-74651_top-44203_bottom-45439_right-75887.png,TCGA-A2-A0D0-DX1,0.0,0.0,1.0,2
TCGA-A2-A0D0-DX1_left-68766_top-40634_bottom-41870_right-70003.png,TCGA-A2-A0D0-DX1,0.7903225806451613,0.14516129032258066,0.0,2
TCGA-BH-A0BL-DX1_left-28074_top-44401_bottom-45628_right-29300.png,TCGA-BH-A0BL-DX1,0.35294117647058826,0.6470588235294118,0.0,2
TCGA-AO-A129-DX1_left-39597_top-13225_bottom-13841_right-40213.png,TCGA-AO-A129-DX1,0.7804878048780488,0.04065040650406504,0.024390243902439025,4
TCGA-AO-A129-DX1_left-38083_top-13604_bottom-14219_right-38698.png,TCGA-AO-A129-DX1,0.02702702702702703,0.14864864864864866,0.6891891891891891,4
TCGA-AO-A129-DX1_left-38094_top-13094_bottom-13710_right-38709.png,TCGA-AO-A129-DX1,0.0,0.09375,0.828125,4
TCGA-D8-A27F-DX1_left-100332_top-10836_bottom-12081_right-101577.png,TCGA-D8-A27F-DX1,0.0,0.09523809523809523,0.9047619047619048,0
TCGA-D8-A27F-DX1_left-100352_top-7774_bottom-9019_right-101597.png,TCGA-D8-A27F-DX1,0.0,0.0,0.9583333333333334,0
TCGA-D8-A27F-DX1_left-100076_top-9301_bottom-10546_right-101321.png,TCGA-D8-A27F-DX1,0.038461538461538464,0.5769230769230769,0.2692307692307692,0
TCGA-E2-A573-DX1_left-60707_top-57189_bottom-58428_right-61946.png,TCGA-E2-A573-DX1,0.6666666666666667,0.15151515151515152,0.0,3
TCGA-E2-A573-DX1_left-61219_top-56691_bottom-57930_right-62458.png,TCGA-E2-A573-DX1,0.0,0.0,0.4117647058823529,3
TCGA-E2-A573-DX1_left-61748_top-56935_bottom-58174_right-62987.png,TCGA-E2-A573-DX1,0.0,0.0,0.11428571428571428,3
TCGA-E2-A573-DX1_left-61469_top-56940_bottom-58179_right-62708.png,TCGA-E2-A573-DX1,0.12121212121212122,0.0,0.3939393939393939,3
TCGA-E2-A573-DX1_left-61727_top-56416_bottom-57655_right-62966.png,TCGA-E2-A573-DX1,0.0,0.047619047619047616,0.09523809523809523,3
TCGA-E2-A573-DX1_left-60197_top-56418_bottom-57657_right-61436.png,TCGA-E2-A573-DX1,0.2857142857142857,0.3877551020408163,0.0,3
TCGA-E2-A573-DX1_left-60450_top-56931_bottom-58170_right-61688.png,TCGA-E2-A573-DX1,0.6451612903225807,0.24193548387096775,0.0,3
TCGA-E2-A573-DX1_left-60186_top-57952_bottom-59191_right-61425.png,TCGA-E2-A573-DX1,0.05,0.9,0.0,3
TCGA-E2-A573-DX1_left-60454_top-56663_bottom-57902_right-61693.png,TCGA-E2-A573-DX1,0.709090909090909,0.23636363636363636,0.0,3
TCGA-E2-A573-DX1_left-60216_top-57185_bottom-58424_right-61455.png,TCGA-E2-A573-DX1,0.3157894736842105,0.47368421052631576,0.0,3
TCGA-BH-A0BW-DX1_left-44430_top-32412_bottom-33638_right-45656.png,TCGA-BH-A0BW-DX1,0.07407407407407407,0.25925925925925924,0.5555555555555556,1
TCGA-BH-A0BW-DX1_left-44154_top-32140_bottom-33366_right-45381.png,TCGA-BH-A0BW-DX1,0.0,0.05263157894736842,0.7368421052631579,1
TCGA-BH-A0BW-DX1_left-44166_top-35485_bottom-36712_right-45393.png,TCGA-BH-A0BW-DX1,0.0,0.0,1.0,1
TCGA-BH-A0BW-DX1_left-43651_top-34956_bottom-36182_right-44878.png,TCGA-BH-A0BW-DX1,0.0,0.0,1.0,1
TCGA-LL-A5YO-DX1_left-38690_top-44932_bottom-46183_right-39941.png,TCGA-LL-A5YO-DX1,0.7457627118644068,0.1864406779661017,0.0,2
TCGA-LL-A5YO-DX1_left-38181_top-45165_bottom-46416_right-39432.png,TCGA-LL-A5YO-DX1,0.08,0.04,0.64,2
TCGA-C8-A26Y-DX1_left-30273_top-37041_bottom-38292_right-31524.png,TCGA-C8-A26Y-DX1,0.3076923076923077,0.5384615384615384,0.0,4
TCGA-C8-A26Y-DX1_left-30281_top-37801_bottom-39052_right-31532.png,TCGA-C8-A26Y-DX1,0.5,0.14,0.1,4
TCGA-C8-A26Y-DX1_left-31039_top-38068_bottom-39319_right-32290.png,TCGA-C8-A26Y-DX1,0.0,0.0,1.0,4
TCGA-C8-A26Y-DX1_left-30521_top-38062_bottom-39313_right-31772.png,TCGA-C8-A26Y-DX1,0.0,0.05555555555555555,0.7777777777777778,4
TCGA-C8-A26Y-DX1_left-31036_top-37298_bottom-38549_right-32287.png,TCGA-C8-A26Y-DX1,0.7777777777777777,0.07936507936507936,0.0,4
TCGA-C8-A26Y-DX1_left-34110_top-39597_bottom-40848_right-35361.png,TCGA-C8-A26Y-DX1,0.7398373983739838,0.032520325203252036,0.0,4
TCGA-C8-A26Y-DX1_left-31039_top-37802_bottom-39053_right-32290.png,TCGA-C8-A26Y-DX1,0.1,0.0,0.8,4
TCGA-C8-A26Y-DX1_left-33597_top-40117_bottom-41368_right-34848.png,TCGA-C8-A26Y-DX1,0.8380952380952381,0.009523809523809525,0.0,4
TCGA-BH-A18V-DX1_left-54643_top-51546_bottom-52782_right-55879.png,TCGA-BH-A18V-DX1,0.3333333333333333,0.0,0.3333333333333333,2
TCGA-BH-A18V-DX1_left-50057_top-50254_bottom-51490_right-51294.png,TCGA-BH-A18V-DX1,0.0,0.0,0.9629629629629629,2
TCGA-BH-A18V-DX1_left-55169_top-49242_bottom-50478_right-56406.png,TCGA-BH-A18V-DX1,0.8333333333333334,0.1388888888888889,0.0,2
TCGA-BH-A18V-DX1_left-54657_top-48975_bottom-50211_right-55894.png,TCGA-BH-A18V-DX1,0.0,0.0,1.0,2
TCGA-AN-A0AL-DX1_left-20321_top-29825_bottom-31064_right-21560.png,TCGA-AN-A0AL-DX1,0.0,0.0,1.0,1
TCGA-AN-A0AL-DX1_left-21351_top-29828_bottom-31067_right-22589.png,TCGA-AN-A0AL-DX1,0.0,0.11627906976744186,0.813953488372093,1
TCGA-AN-A0AL-DX1_left-15716_top-30583_bottom-31822_right-16954.png,TCGA-AN-A0AL-DX1,0.0,0.0,0.9024390243902439,1
TCGA-AN-A0AL-DX1_left-21866_top-31107_bottom-32346_right-23105.png,TCGA-AN-A0AL-DX1,0.0,0.0625,0.875,1
TCGA-E2-A14N-DX1_left-26279_top-69163_bottom-70408_right-27524.png,TCGA-E2-A14N-DX1,0.0,0.0,0.9629629629629629,2
TCGA-E2-A14N-DX1_left-26008_top-69163_bottom-70408_right-27253.png,TCGA-E2-A14N-DX1,0.0,0.03225806451612903,0.9354838709677419,2
TCGA-E2-A14N-DX1_left-24985_top-67358_bottom-68603_right-26230.png,TCGA-E2-A14N-DX1,0.0,0.03333333333333333,0.7333333333333333,2
TCGA-D8-A27H-DX1_left-9009_top-8847_bottom-10091_right-10253.png,TCGA-D8-A27H-DX1,0.7922077922077922,0.025974025974025976,0.0,1
TCGA-D8-A27H-DX1_left-9779_top-9868_bottom-11112_right-11024.png,TCGA-D8-A27H-DX1,0.0,0.0,0.8260869565217391,1
TCGA-D8-A27H-DX1_left-9773_top-10389_bottom-11634_right-11018.png,TCGA-D8-A27H-DX1,0.0,0.0,0.875,1
TCGA-D8-A27H-DX1_left-9275_top-9097_bottom-10342_right-10520.png,TCGA-D8-A27H-DX1,0.41935483870967744,0.03225806451612903,0.41935483870967744,1
TCGA-D8-A27H-DX1_left-9523_top-9623_bottom-10868_right-10768.png,TCGA-D8-A27H-DX1,0.0,0.0,0.9473684210526315,1
TCGA-AR-A256-DX1_left-41847_top-17351_bottom-18590_right-43086.png,TCGA-AR-A256-DX1,0.6521739130434783,0.021739130434782608,0.0,1
TCGA-AR-A256-DX1_left-41844_top-18106_bottom-19345_right-43083.png,TCGA-AR-A256-DX1,0.0,0.4166666666666667,0.5,1
TCGA-AR-A256-DX1_left-42866_top-18370_bottom-19609_right-44105.png,TCGA-AR-A256-DX1,0.21739130434782608,0.21739130434782608,0.5652173913043478,1
TCGA-AR-A256-DX1_left-42365_top-17871_bottom-19110_right-43604.png,TCGA-AR-A256-DX1,0.0,0.037037037037037035,0.9629629629629629,1
TCGA-AR-A256-DX1_left-43127_top-18372_bottom-19611_right-44366.png,TCGA-AR-A256-DX1,0.0,0.5,0.5,1
TCGA-AR-A256-DX1_left-43120_top-17851_bottom-19090_right-44359.png,TCGA-AR-A256-DX1,0.05555555555555555,0.16666666666666666,0.5555555555555556,1
TCGA-EW-A1OW-DX1_left-38440_top-53014_bottom-54251_right-39677.png,TCGA-EW-A1OW-DX1,0.0,0.04,0.48,0
TCGA-EW-A1OW-DX1_left-36382_top-53282_bottom-54519_right-37618.png,TCGA-EW-A1OW-DX1,0.3125,0.3125,0.0,0
TCGA-C8-A12V-DX1_left-11599_top-57773_bottom-59009_right-12835.png,TCGA-C8-A12V-DX1,0.0,0.0,0.90625,0
TCGA-C8-A12V-DX1_left-12869_top-55697_bottom-56934_right-14105.png,TCGA-C8-A12V-DX1,0.775,0.225,0.0,0
TCGA-C8-A12V-DX1_left-14407_top-56720_bottom-57956_right-15643.png,TCGA-C8-A12V-DX1,0.0,0.0,1.0,0
TCGA-C8-A12V-DX1_left-12867_top-56979_bottom-58216_right-14103.png,TCGA-C8-A12V-DX1,0.0,0.2857142857142857,0.6428571428571429,0
TCGA-C8-A12V-DX1_left-14656_top-56474_bottom-57710_right-15892.png,TCGA-C8-A12V-DX1,0.0,0.0,1.0,0
TCGA-C8-A12V-DX1_left-11844_top-55700_bottom-56936_right-13080.png,TCGA-C8-A12V-DX1,0.6071428571428571,0.3214285714285714,0.0,0
TCGA-A7-A0DA-DX1_left-44499_top-18953_bottom-20204_right-45750.png,TCGA-A7-A0DA-DX1,0.0,0.0,1.0,3
TCGA-A7-A0DA-DX1_left-45277_top-20747_bottom-21998_right-46528.png,TCGA-A7-A0DA-DX1,0.17647058823529413,0.5882352941176471,0.0,3
TCGA-A7-A0DA-DX1_left-45286_top-20489_bottom-21740_right-46536.png,TCGA-A7-A0DA-DX1,0.45454545454545453,0.48484848484848486,0.0,3
TCGA-A7-A0DA-DX1_left-46837_top-19213_bottom-20464_right-48088.png,TCGA-A7-A0DA-DX1,0.0,0.7142857142857143,0.14285714285714285,3
TCGA-A7-A0DA-DX1_left-43744_top-23558_bottom-24809_right-44995.png,TCGA-A7-A0DA-DX1,0.6911764705882353,0.29411764705882354,0.0,3
TCGA-A7-A0DA-DX1_left-43750_top-19475_bottom-20726_right-45001.png,TCGA-A7-A0DA-DX1,0.038461538461538464,0.4230769230769231,0.38461538461538464,3
TCGA-A7-A0DA-DX1_left-46043_top-20493_bottom-21744_right-47294.png,TCGA-A7-A0DA-DX1,0.13333333333333333,0.13333333333333333,0.7333333333333333,3
TCGA-A7-A0DA-DX1_left-46574_top-25372_bottom-26623_right-47825.png,TCGA-A7-A0DA-DX1,0.038461538461538464,0.34615384615384615,0.6153846153846154,3
TCGA-A2-A0ST-DX1_left-111729_top-20104_bottom-21343_right-112968.png,TCGA-A2-A0ST-DX1,0.2318840579710145,0.0,0.5072463768115942,0
TCGA-A2-A0ST-DX1_left-109461_top-20850_bottom-22089_right-110700.png,TCGA-A2-A0ST-DX1,0.16666666666666666,0.016666666666666666,0.7666666666666667,0
TCGA-A2-A0ST-DX1_left-113304_top-18549_bottom-19788_right-114543.png,TCGA-A2-A0ST-DX1,0.5135135135135135,0.35135135135135137,0.0,0
TCGA-AO-A124-DX1_left-16515_top-2849_bottom-3464_right-17130.png,TCGA-AO-A124-DX1,0.0,0.06172839506172839,0.8641975308641975,2
TCGA-AO-A124-DX1_left-16771_top-2574_bottom-3190_right-17386.png,TCGA-AO-A124-DX1,0.0,0.037037037037037035,0.7592592592592593,2
TCGA-AO-A124-DX1_left-16497_top-1790_bottom-2405_right-17112.png,TCGA-AO-A124-DX1,0.8113207547169812,0.1509433962264151,0.0,2
TCGA-D8-A13Z-DX1_left-34848_top-50126_bottom-51365_right-36087.png,TCGA-D8-A13Z-DX1,0.42,0.38,0.0,2
TCGA-D8-A13Z-DX1_left-32788_top-50885_bottom-52124_right-34027.png,TCGA-D8-A13Z-DX1,0.0,0.3125,0.5,2
TCGA-D8-A13Z-DX1_left-34323_top-50381_bottom-51619_right-35562.png,TCGA-D8-A13Z-DX1,0.25,0.40384615384615385,0.0,2
TCGA-AN-A0G0-DX1_left-35074_top-15869_bottom-17108_right-36313.png,TCGA-AN-A0G0-DX1,0.07692307692307693,0.6923076923076923,0.0,0
TCGA-AN-A0G0-DX1_left-35576_top-14804_bottom-16043_right-36815.png,TCGA-AN-A0G0-DX1,0.0,0.06666666666666667,0.8,0
TCGA-EW-A1P7-DX1_left-10579_top-48464_bottom-49700_right-11815.png,TCGA-EW-A1P7-DX1,0.0,0.02702702702702703,0.8648648648648649,3
