"",tSNE_1,tSNE_2,Cluster
2_#_BRCA_00000_TCGA-3C-AALI-01Z-00-DX1,-7.30669605321392,-0.863289978873926,6
0_#_BRCA_00000_TCGA-3C-AALI-01Z-00-DX1,-5.53314383750667,-4.0509466063582,2
6_#_BRCA_00000_TCGA-3C-AALI-01Z-00-DX1,-26.0846848658857,-9.05111754912922,1
4_#_BRCA_00000_TCGA-3C-AALI-01Z-00-DX1,0.596442957531287,-16.4629404626513,2
5_#_BRCA_00000_TCGA-3C-AALI-01Z-00-DX1,-4.45307784540775,35.046191043652,6
3_#_BRCA_00000_TCGA-3C-AALI-01Z-00-DX1,23.2960091380618,-2.03766354568233,4
1_#_BRCA_00000_TCGA-3C-AALI-01Z-00-DX1,-8.68459428890632,-1.80276845369553,6
7_#_BRCA_00000_TCGA-3C-AALI-01Z-00-DX1,27.9147245624207,15.5528978419974,7
0_#_BRCA_00001_TCGA-3C-AALI-01Z-00-DX2,0.992605683517093,-17.1132044624902,7
5_#_BRCA_00001_TCGA-3C-AALI-01Z-00-DX2,-13.4880024580443,31.3462147336851,6
3_#_BRCA_00001_TCGA-3C-AALI-01Z-00-DX2,23.2434703008253,-2.16572739354226,4
1_#_BRCA_00001_TCGA-3C-AALI-01Z-00-DX2,-13.3994098052446,31.6792685678834,6
4_#_BRCA_00001_TCGA-3C-AALI-01Z-00-DX2,-5.52245396009381,-4.10760730056768,2
6_#_BRCA_00001_TCGA-3C-AALI-01Z-00-DX2,-12.9917247015899,33.721855568068,6
2_#_BRCA_00001_TCGA-3C-AALI-01Z-00-DX2,-4.34089021363315,34.6308062250591,6
7_#_BRCA_00001_TCGA-3C-AALI-01Z-00-DX2,0.621859966835506,-16.4739515668461,2
0_#_BRCA_00002_TCGA-3C-AALJ-01Z-00-DX1,0.367574705739893,-12.5363384086527,5
1_#_BRCA_00002_TCGA-3C-AALJ-01Z-00-DX1,0.598974386016273,-17.0089509450131,7
3_#_BRCA_00002_TCGA-3C-AALJ-01Z-00-DX1,0.160319979549491,-18.022660695646,7
2_#_BRCA_00002_TCGA-3C-AALJ-01Z-00-DX1,26.7341828692627,-19.3772551502433,4
5_#_BRCA_00002_TCGA-3C-AALJ-01Z-00-DX1,-8.34054090732836,-3.73374432840695,6
4_#_BRCA_00002_TCGA-3C-AALJ-01Z-00-DX1,28.1798223158733,-22.8219538977849,4
6_#_BRCA_00002_TCGA-3C-AALJ-01Z-00-DX1,0.36333630771368,-13.460272641912,2
7_#_BRCA_00002_TCGA-3C-AALJ-01Z-00-DX1,0.0101076166909088,-18.0673917231331,7
1_#_BRCA_00003_TCGA-3C-AALJ-01Z-00-DX2,0.295759432154641,-12.8749055489024,2
4_#_BRCA_00003_TCGA-3C-AALJ-01Z-00-DX2,0.279600121989258,-12.5793682474619,5
0_#_BRCA_00003_TCGA-3C-AALJ-01Z-00-DX2,0.378725561966544,-12.5038432435224,5
3_#_BRCA_00003_TCGA-3C-AALJ-01Z-00-DX2,0.413171227096222,-12.3620164885115,1
2_#_BRCA_00003_TCGA-3C-AALJ-01Z-00-DX2,0.287009326233777,-17.8601789074653,7
6_#_BRCA_00003_TCGA-3C-AALJ-01Z-00-DX2,16.0967123355972,-15.08440527393,4
5_#_BRCA_00003_TCGA-3C-AALJ-01Z-00-DX2,7.86600785826833,-21.7586276542222,9
1_#_BRCA_00004_TCGA-3C-AALK-01Z-00-DX1,24.6013740548543,-12.6802381311517,4
0_#_BRCA_00004_TCGA-3C-AALK-01Z-00-DX1,-9.23292519752682,6.33470196758617,5
2_#_BRCA_00004_TCGA-3C-AALK-01Z-00-DX1,21.9119345081411,-2.39165432902212,4
4_#_BRCA_00004_TCGA-3C-AALK-01Z-00-DX1,-13.518232085487,-5.65724951429179,2
3_#_BRCA_00004_TCGA-3C-AALK-01Z-00-DX1,28.119315523718,14.9552586665588,7
5_#_BRCA_00004_TCGA-3C-AALK-01Z-00-DX1,2.05253107558981,20.1321235535366,1
7_#_BRCA_00004_TCGA-3C-AALK-01Z-00-DX1,25.1396386789634,-5.30777988294634,4
6_#_BRCA_00004_TCGA-3C-AALK-01Z-00-DX1,20.6014325696167,-2.98961201748098,2
8_#_BRCA_00004_TCGA-3C-AALK-01Z-00-DX1,-24.1421615003634,-0.213522526685165,5
6_#_BRCA_00005_TCGA-4H-AAAK-01Z-00-DX1,8.66131785926634,6.64372760079566,1
1_#_BRCA_00005_TCGA-4H-AAAK-01Z-00-DX1,8.32757329860846,6.1579533495264,1
7_#_BRCA_00005_TCGA-4H-AAAK-01Z-00-DX1,8.65081205230588,6.53634267211367,1
0_#_BRCA_00005_TCGA-4H-AAAK-01Z-00-DX1,8.65813952146931,6.63610537440162,1
3_#_BRCA_00005_TCGA-4H-AAAK-01Z-00-DX1,8.5517602486964,6.62773925615116,1
4_#_BRCA_00005_TCGA-4H-AAAK-01Z-00-DX1,8.61513079420899,6.40731594261546,1
5_#_BRCA_00005_TCGA-4H-AAAK-01Z-00-DX1,8.75687107906325,6.7301860787309,1
2_#_BRCA_00005_TCGA-4H-AAAK-01Z-00-DX1,8.5446927986902,6.46478516042205,1
8_#_BRCA_00005_TCGA-4H-AAAK-01Z-00-DX1,8.41114788955996,7.10279991615543,1
0_#_BRCA_00007_TCGA-5L-AAT1-01Z-00-DX1,20.1504813189039,-17.4764039181601,4
1_#_BRCA_00007_TCGA-5L-AAT1-01Z-00-DX1,16.2650109405971,-21.8344935500575,10
2_#_BRCA_00007_TCGA-5L-AAT1-01Z-00-DX1,33.2025930818373,-13.7362158620104,4
3_#_BRCA_00007_TCGA-5L-AAT1-01Z-00-DX1,20.1342113483803,-7.92030432710064,5
4_#_BRCA_00007_TCGA-5L-AAT1-01Z-00-DX1,20.1630943572247,-8.04419478880522,4
6_#_BRCA_00007_TCGA-5L-AAT1-01Z-00-DX1,33.3485862091337,-13.5425260170156,4
5_#_BRCA_00007_TCGA-5L-AAT1-01Z-00-DX1,12.2396570615321,-31.2568373660968,9
0_#_BRCA_00008_TCGA-5T-A9QA-01Z-00-DX1,-16.991692121862,3.61198057742956,9
1_#_BRCA_00008_TCGA-5T-A9QA-01Z-00-DX1,0.988548246606693,-31.9349432482947,9
2_#_BRCA_00008_TCGA-5T-A9QA-01Z-00-DX1,22.6794015340451,-3.31181492898534,4
4_#_BRCA_00008_TCGA-5T-A9QA-01Z-00-DX1,1.32869858662534,-31.6212220458938,9
5_#_BRCA_00008_TCGA-5T-A9QA-01Z-00-DX1,-17.712700817145,3.99285387685491,9
3_#_BRCA_00008_TCGA-5T-A9QA-01Z-00-DX1,-2.4714438725966,18.860129942653,5
6_#_BRCA_00008_TCGA-5T-A9QA-01Z-00-DX1,-2.58723982377698,1.50151589026612,2
0_#_BRCA_00009_TCGA-A1-A0SB-01Z-00-DX1,-35.8101290915523,-4.76971074348815,8
1_#_BRCA_00009_TCGA-A1-A0SB-01Z-00-DX1,-2.65023829379702,-8.84370650082341,5
2_#_BRCA_00009_TCGA-A1-A0SB-01Z-00-DX1,15.0313877533196,-19.0563362357967,4
3_#_BRCA_00009_TCGA-A1-A0SB-01Z-00-DX1,19.4751305290502,-8.54595854608732,4
5_#_BRCA_00009_TCGA-A1-A0SB-01Z-00-DX1,29.6622956780363,4.52383902912542,7
6_#_BRCA_00009_TCGA-A1-A0SB-01Z-00-DX1,-4.72859784131375,-28.3911901622032,2
4_#_BRCA_00009_TCGA-A1-A0SB-01Z-00-DX1,-6.00361068063144,-31.7843585157838,9
0_#_BRCA_00010_TCGA-A1-A0SD-01Z-00-DX1,-0.299787407970087,11.9744109850649,5
1_#_BRCA_00010_TCGA-A1-A0SD-01Z-00-DX1,0.256823932481905,2.36810932576597,5
6_#_BRCA_00010_TCGA-A1-A0SD-01Z-00-DX1,-2.50504132964704,-11.7133348546407,5
3_#_BRCA_00010_TCGA-A1-A0SD-01Z-00-DX1,-0.432793413308288,11.9426259904271,5
2_#_BRCA_00010_TCGA-A1-A0SD-01Z-00-DX1,-13.8866339102092,10.5063522351089,5
4_#_BRCA_00010_TCGA-A1-A0SD-01Z-00-DX1,8.52309601152043,-20.0596832090392,9
5_#_BRCA_00010_TCGA-A1-A0SD-01Z-00-DX1,22.6327134090697,1.56574494101898,4
7_#_BRCA_00010_TCGA-A1-A0SD-01Z-00-DX1,27.5048297245869,-11.3582321870605,4
8_#_BRCA_00010_TCGA-A1-A0SD-01Z-00-DX1,13.0354825874644,3.32648169537314,1
0_#_BRCA_00011_TCGA-A1-A0SE-01Z-00-DX1,34.2951888906881,14.3785437968934,7
2_#_BRCA_00011_TCGA-A1-A0SE-01Z-00-DX1,29.2190459318534,4.81842221722316,7
1_#_BRCA_00011_TCGA-A1-A0SE-01Z-00-DX1,1.55964256512407,18.8748637549516,1
5_#_BRCA_00011_TCGA-A1-A0SE-01Z-00-DX1,34.2962916378607,14.3292348377023,7
3_#_BRCA_00011_TCGA-A1-A0SE-01Z-00-DX1,-0.905432676080231,16.4509799540448,1
4_#_BRCA_00011_TCGA-A1-A0SE-01Z-00-DX1,-6.11078316866707,-31.8771840146583,9
0_#_BRCA_00012_TCGA-A1-A0SF-01Z-00-DX1,10.8761522207543,-2.31766510753065,10
2_#_BRCA_00012_TCGA-A1-A0SF-01Z-00-DX1,10.6231548642425,-2.27974119407643,10
3_#_BRCA_00012_TCGA-A1-A0SF-01Z-00-DX1,32.338310664335,2.71750041432909,7
1_#_BRCA_00012_TCGA-A1-A0SF-01Z-00-DX1,-14.2960030072676,-18.4140901659742,2
4_#_BRCA_00012_TCGA-A1-A0SF-01Z-00-DX1,29.1625273508328,4.26556604940876,7
7_#_BRCA_00012_TCGA-A1-A0SF-01Z-00-DX1,-6.55199339169226,-11.5935245171545,2
5_#_BRCA_00012_TCGA-A1-A0SF-01Z-00-DX1,10.8765589400684,-2.23828390967577,10
6_#_BRCA_00012_TCGA-A1-A0SF-01Z-00-DX1,-9.97211667553046,-4.81213299463671,6
0_#_BRCA_00013_TCGA-A1-A0SH-01Z-00-DX1,-24.4856517871759,18.010477545132,5
3_#_BRCA_00013_TCGA-A1-A0SH-01Z-00-DX1,-20.7925371198401,11.8160900193259,5
2_#_BRCA_00013_TCGA-A1-A0SH-01Z-00-DX1,21.2223429643177,10.5867698859225,7
1_#_BRCA_00013_TCGA-A1-A0SH-01Z-00-DX1,-21.1234511476879,10.3043695465435,5
4_#_BRCA_00013_TCGA-A1-A0SH-01Z-00-DX1,-6.08394368488657,-31.8019740139313,9
2_#_BRCA_00014_TCGA-A1-A0SI-01Z-00-DX1,-20.7657129396196,11.7768474493344,5
1_#_BRCA_00014_TCGA-A1-A0SI-01Z-00-DX1,-2.25347441764474,15.6965888185017,1
0_#_BRCA_00014_TCGA-A1-A0SI-01Z-00-DX1,22.0862996620202,-16.7845511638385,4
3_#_BRCA_00014_TCGA-A1-A0SI-01Z-00-DX1,-15.4639347631733,11.967207074245,5
4_#_BRCA_00014_TCGA-A1-A0SI-01Z-00-DX1,11.0206161935022,-30.2955322614808,9
5_#_BRCA_00014_TCGA-A1-A0SI-01Z-00-DX1,21.1939123243728,-16.884427408644,4
0_#_BRCA_00015_TCGA-A1-A0SJ-01Z-00-DX1,11.2344878008673,1.28105604785507,1
1_#_BRCA_00015_TCGA-A1-A0SJ-01Z-00-DX1,-6.19260655087838,-12.2146614883543,2
2_#_BRCA_00015_TCGA-A1-A0SJ-01Z-00-DX1,7.08806685200668,11.8286766519433,1
3_#_BRCA_00015_TCGA-A1-A0SJ-01Z-00-DX1,-12.0673601527144,-8.11862212326729,2
4_#_BRCA_00015_TCGA-A1-A0SJ-01Z-00-DX1,14.837452479565,-19.4099792100055,4
0_#_BRCA_00016_TCGA-A1-A0SK-01Z-00-DX1,-2.47224284737879,-6.36922367103728,9
2_#_BRCA_00016_TCGA-A1-A0SK-01Z-00-DX1,-4.43019533770308,-25.7711676708252,9
1_#_BRCA_00016_TCGA-A1-A0SK-01Z-00-DX1,1.20463977486537,-20.3488072892654,2
3_#_BRCA_00016_TCGA-A1-A0SK-01Z-00-DX1,-4.62227195996444,-26.012173712977,9
6_#_BRCA_00016_TCGA-A1-A0SK-01Z-00-DX1,-2.48110827966676,-6.37707857071861,9
4_#_BRCA_00016_TCGA-A1-A0SK-01Z-00-DX1,-17.4383265404424,0.129918341278938,9
5_#_BRCA_00016_TCGA-A1-A0SK-01Z-00-DX1,-11.9806350035857,-10.2908346934737,2
7_#_BRCA_00016_TCGA-A1-A0SK-01Z-00-DX1,31.5975009033816,-15.092511373029,4
5_#_BRCA_00017_TCGA-A1-A0SM-01Z-00-DX1,-12.1625675395125,-19.5693668852419,2
1_#_BRCA_00017_TCGA-A1-A0SM-01Z-00-DX1,27.3196209189304,-10.6249745985002,4
0_#_BRCA_00017_TCGA-A1-A0SM-01Z-00-DX1,-12.6748914626339,-27.989062846289,2
6_#_BRCA_00017_TCGA-A1-A0SM-01Z-00-DX1,-6.26953411776592,-18.6627926356701,2
2_#_BRCA_00017_TCGA-A1-A0SM-01Z-00-DX1,-6.1853594412734,-18.5672996610645,2
4_#_BRCA_00017_TCGA-A1-A0SM-01Z-00-DX1,11.8737597388493,-1.48261316608477,7
3_#_BRCA_00017_TCGA-A1-A0SM-01Z-00-DX1,-6.58157790906788,-12.6301244603752,2
0_#_BRCA_00018_TCGA-A1-A0SN-01Z-00-DX1,23.4523300674743,-10.2085661859865,4
1_#_BRCA_00018_TCGA-A1-A0SN-01Z-00-DX1,31.4595593432249,1.95481164090318,7
2_#_BRCA_00018_TCGA-A1-A0SN-01Z-00-DX1,9.80830621996777,12.6958705755114,1
4_#_BRCA_00018_TCGA-A1-A0SN-01Z-00-DX1,29.2528827437567,4.41698563894317,7
3_#_BRCA_00018_TCGA-A1-A0SN-01Z-00-DX1,6.74336870952508,-1.54112262607767,1
5_#_BRCA_00018_TCGA-A1-A0SN-01Z-00-DX1,-17.0501913988756,-12.6483371354515,2
6_#_BRCA_00018_TCGA-A1-A0SN-01Z-00-DX1,14.7756912819744,-19.4429685493915,4
7_#_BRCA_00018_TCGA-A1-A0SN-01Z-00-DX1,-6.04432354010828,-31.8055212648573,9
0_#_BRCA_00019_TCGA-A1-A0SP-01Z-00-DX1,-6.07373119001503,-23.8505657264948,2
2_#_BRCA_00019_TCGA-A1-A0SP-01Z-00-DX1,26.7582171856757,19.4270456693999,7
1_#_BRCA_00019_TCGA-A1-A0SP-01Z-00-DX1,21.6070597411017,12.2094773603673,7
3_#_BRCA_00019_TCGA-A1-A0SP-01Z-00-DX1,-12.7571365975647,-22.5453368692741,2
5_#_BRCA_00019_TCGA-A1-A0SP-01Z-00-DX1,-2.00361669365036,2.44194281564179,5
4_#_BRCA_00019_TCGA-A1-A0SP-01Z-00-DX1,-26.7261380273795,-2.31038284501965,2
2_#_BRCA_00020_TCGA-A1-A0SQ-01Z-00-DX1,27.2856697051414,20.1396681674158,7
0_#_BRCA_00020_TCGA-A1-A0SQ-01Z-00-DX1,-2.82539624266459,-31.4329894465452,9
1_#_BRCA_00020_TCGA-A1-A0SQ-01Z-00-DX1,7.01646256446815,-22.5649789632997,4
4_#_BRCA_00020_TCGA-A1-A0SQ-01Z-00-DX1,15.491337322252,-3.68666833755174,4
3_#_BRCA_00020_TCGA-A1-A0SQ-01Z-00-DX1,-4.2913453060993,-22.7243172760519,9
5_#_BRCA_00020_TCGA-A1-A0SQ-01Z-00-DX1,26.7061079703363,-10.646856777164,4
6_#_BRCA_00020_TCGA-A1-A0SQ-01Z-00-DX1,-6.07477421900823,-31.8175005210252,9
0_#_BRCA_00021_TCGA-A2-A04N-01Z-00-DX1,1.90544472595276,10.1263797939022,1
1_#_BRCA_00021_TCGA-A2-A04N-01Z-00-DX1,33.0193067668544,-14.302321196227,4
2_#_BRCA_00021_TCGA-A2-A04N-01Z-00-DX1,1.58781380895532,8.83798542529407,1
3_#_BRCA_00021_TCGA-A2-A04N-01Z-00-DX1,1.79605119512349,9.37446674493225,1
4_#_BRCA_00021_TCGA-A2-A04N-01Z-00-DX1,1.83742621699598,8.87170713465509,1
5_#_BRCA_00021_TCGA-A2-A04N-01Z-00-DX1,21.9914187386308,-12.4831748367157,4
6_#_BRCA_00021_TCGA-A2-A04N-01Z-00-DX1,4.60852143651766,6.90578557692573,1
1_#_BRCA_00022_TCGA-A2-A04P-01Z-00-DX1,3.55964695917992,10.6859900991756,1
0_#_BRCA_00022_TCGA-A2-A04P-01Z-00-DX1,15.731485439355,-7.53595036800778,4
2_#_BRCA_00022_TCGA-A2-A04P-01Z-00-DX1,8.45718435318198,18.1589872137293,1
3_#_BRCA_00022_TCGA-A2-A04P-01Z-00-DX1,8.52345427557531,18.1497977085698,1
4_#_BRCA_00022_TCGA-A2-A04P-01Z-00-DX1,-3.5092517946848,19.0720815030358,1
0_#_BRCA_00023_TCGA-A2-A04Q-01Z-00-DX1,29.5867078500034,17.3275899840954,7
4_#_BRCA_00023_TCGA-A2-A04Q-01Z-00-DX1,23.352370375337,3.0085150211782,4
2_#_BRCA_00023_TCGA-A2-A04Q-01Z-00-DX1,6.29219008530099,3.61464627873004,6
1_#_BRCA_00023_TCGA-A2-A04Q-01Z-00-DX1,29.0322503266587,-1.41290298604712,4
5_#_BRCA_00023_TCGA-A2-A04Q-01Z-00-DX1,8.09817061964268,28.3111150394052,6
6_#_BRCA_00023_TCGA-A2-A04Q-01Z-00-DX1,29.3339795916004,14.664623453781,7
3_#_BRCA_00023_TCGA-A2-A04Q-01Z-00-DX1,22.366194981429,4.00963622405332,4
7_#_BRCA_00023_TCGA-A2-A04Q-01Z-00-DX1,27.966399083339,13.4951388210719,7
0_#_BRCA_00024_TCGA-A2-A04R-01Z-00-DX1,7.74471030918153,13.1304140025768,1
2_#_BRCA_00024_TCGA-A2-A04R-01Z-00-DX1,27.3571064424807,10.4641332442725,7
1_#_BRCA_00024_TCGA-A2-A04R-01Z-00-DX1,11.8643098315054,19.077327672544,1
3_#_BRCA_00024_TCGA-A2-A04R-01Z-00-DX1,7.38921317539046,12.371423864218,1
4_#_BRCA_00024_TCGA-A2-A04R-01Z-00-DX1,6.5895915650859,12.6150042997028,1
5_#_BRCA_00024_TCGA-A2-A04R-01Z-00-DX1,11.9291045038399,18.9100176591196,1
6_#_BRCA_00024_TCGA-A2-A04R-01Z-00-DX1,11.7513611162102,18.3536961479863,1
7_#_BRCA_00024_TCGA-A2-A04R-01Z-00-DX1,9.18566604221792,-22.1410732197991,9
0_#_BRCA_00025_TCGA-A2-A04T-01Z-00-DX1,3.18114858039656,10.9551609731649,1
1_#_BRCA_00025_TCGA-A2-A04T-01Z-00-DX1,-4.39960194191065,36.1000170390298,6
2_#_BRCA_00025_TCGA-A2-A04T-01Z-00-DX1,8.65842628069697,17.6443370218194,1
3_#_BRCA_00025_TCGA-A2-A04T-01Z-00-DX1,4.05143862582866,10.5591014953966,1
4_#_BRCA_00025_TCGA-A2-A04T-01Z-00-DX1,10.4106129834918,-21.8559920875961,9
6_#_BRCA_00025_TCGA-A2-A04T-01Z-00-DX1,9.80927453530144,24.4195186569912,1
7_#_BRCA_00025_TCGA-A2-A04T-01Z-00-DX1,15.071373695542,-7.99739434617648,4
5_#_BRCA_00025_TCGA-A2-A04T-01Z-00-DX1,-1.47207656539096,13.2926247060942,5
2_#_BRCA_00026_TCGA-A2-A04U-01Z-00-DX1,-2.99955878744699,-2.54213329629901,2
4_#_BRCA_00026_TCGA-A2-A04U-01Z-00-DX1,-12.302222579361,-10.3553884118396,2
0_#_BRCA_00026_TCGA-A2-A04U-01Z-00-DX1,20.365111131926,-12.2117255103581,4
1_#_BRCA_00026_TCGA-A2-A04U-01Z-00-DX1,-12.2752343757531,-10.3445258962887,2
7_#_BRCA_00026_TCGA-A2-A04U-01Z-00-DX1,17.9172131222903,1.50002960989232,4
8_#_BRCA_00026_TCGA-A2-A04U-01Z-00-DX1,27.1177818026148,-13.8777600328527,4
3_#_BRCA_00026_TCGA-A2-A04U-01Z-00-DX1,5.21042559349023,16.0699713982344,1
5_#_BRCA_00026_TCGA-A2-A04U-01Z-00-DX1,-15.2835314674948,-28.6495071557753,2
6_#_BRCA_00026_TCGA-A2-A04U-01Z-00-DX1,16.1469281593968,-0.893677184194294,1
9_#_BRCA_00026_TCGA-A2-A04U-01Z-00-DX1,-23.7131778644278,2.03054103791707,5
1_#_BRCA_00027_TCGA-A2-A04V-01Z-00-DX1,-11.9717635009633,-18.2139322422117,2
0_#_BRCA_00027_TCGA-A2-A04V-01Z-00-DX1,4.93633948156369,6.57191634377721,2
3_#_BRCA_00027_TCGA-A2-A04V-01Z-00-DX1,-14.6452839942592,-19.5707404870807,2
2_#_BRCA_00027_TCGA-A2-A04V-01Z-00-DX1,-12.3026144278454,-18.3296744428317,2
5_#_BRCA_00027_TCGA-A2-A04V-01Z-00-DX1,5.480067498098,6.42599289809576,1
4_#_BRCA_00027_TCGA-A2-A04V-01Z-00-DX1,23.1303997285331,3.01959653729285,4
6_#_BRCA_00027_TCGA-A2-A04V-01Z-00-DX1,4.69192352523467,10.2168111163793,1
7_#_BRCA_00027_TCGA-A2-A04V-01Z-00-DX1,5.94819097312777,3.45600242684154,7
0_#_BRCA_00028_TCGA-A2-A04W-01Z-00-DX1,27.7143209242551,-20.5358043964775,4
1_#_BRCA_00028_TCGA-A2-A04W-01Z-00-DX1,-0.69244522578608,10.8720356190765,1
2_#_BRCA_00028_TCGA-A2-A04W-01Z-00-DX1,25.8499933938207,-6.48037161805527,2
3_#_BRCA_00028_TCGA-A2-A04W-01Z-00-DX1,-13.7224510019533,21.9221036230578,5
6_#_BRCA_00028_TCGA-A2-A04W-01Z-00-DX1,24.5314564370097,-3.79686623228422,4
5_#_BRCA_00028_TCGA-A2-A04W-01Z-00-DX1,-13.791986517026,21.8351583108238,5
4_#_BRCA_00028_TCGA-A2-A04W-01Z-00-DX1,-13.4002590354498,22.3277321894297,5
7_#_BRCA_00028_TCGA-A2-A04W-01Z-00-DX1,3.03215531235605,4.69086362832788,1
1_#_BRCA_00029_TCGA-A2-A04X-01Z-00-DX1,-16.5894646214448,-29.1079545417735,2
2_#_BRCA_00029_TCGA-A2-A04X-01Z-00-DX1,5.88418249984359,2.87861972321168,7
0_#_BRCA_00029_TCGA-A2-A04X-01Z-00-DX1,28.5730981078643,-17.4004181443362,4
5_#_BRCA_00029_TCGA-A2-A04X-01Z-00-DX1,19.9465607115075,2.15294231368712,6
3_#_BRCA_00029_TCGA-A2-A04X-01Z-00-DX1,-16.3308162530417,-29.0417860899299,2
4_#_BRCA_00029_TCGA-A2-A04X-01Z-00-DX1,-16.1500532597458,-28.9313382164578,2
6_#_BRCA_00029_TCGA-A2-A04X-01Z-00-DX1,27.755573489175,14.2369320066476,7
0_#_BRCA_00030_TCGA-A2-A04Y-01Z-00-DX1,-13.7267670597223,-30.483644365456,2
1_#_BRCA_00030_TCGA-A2-A04Y-01Z-00-DX1,-9.84006126632481,-2.70658874958093,6
4_#_BRCA_00030_TCGA-A2-A04Y-01Z-00-DX1,-13.552208337048,-30.3089294868999,2
2_#_BRCA_00030_TCGA-A2-A04Y-01Z-00-DX1,34.0274563576677,17.6316216008972,7
3_#_BRCA_00030_TCGA-A2-A04Y-01Z-00-DX1,19.0451841762071,3.43435642924744,7
5_#_BRCA_00030_TCGA-A2-A04Y-01Z-00-DX1,-18.8120794263495,-13.5368914349749,2
6_#_BRCA_00030_TCGA-A2-A04Y-01Z-00-DX1,23.9855391676707,-10.3760791943849,4
0_#_BRCA_00031_TCGA-A2-A0CK-01Z-00-DX1,9.69940486074196,33.0547391638618,6
2_#_BRCA_00031_TCGA-A2-A0CK-01Z-00-DX1,9.84188389323932,33.0144061600426,6
3_#_BRCA_00031_TCGA-A2-A0CK-01Z-00-DX1,27.5179472777031,-19.1274746026734,4
4_#_BRCA_00031_TCGA-A2-A0CK-01Z-00-DX1,7.20148290138803,34.4056383236248,6
1_#_BRCA_00031_TCGA-A2-A0CK-01Z-00-DX1,26.8613812831681,-19.2521508721933,4
5_#_BRCA_00031_TCGA-A2-A0CK-01Z-00-DX1,27.4146104286334,4.10136766850016,4
6_#_BRCA_00031_TCGA-A2-A0CK-01Z-00-DX1,9.74723414711826,-19.7591931594248,9
2_#_BRCA_00032_TCGA-A2-A0CL-01Z-00-DX1,34.4170551846426,12.1806366477422,7
0_#_BRCA_00032_TCGA-A2-A0CL-01Z-00-DX1,9.78737136143676,27.9315080154404,6
1_#_BRCA_00032_TCGA-A2-A0CL-01Z-00-DX1,31.8541693349544,16.6863780544585,7
4_#_BRCA_00032_TCGA-A2-A0CL-01Z-00-DX1,9.8344649060151,28.1681028985028,6
3_#_BRCA_00032_TCGA-A2-A0CL-01Z-00-DX1,30.686812295711,19.5369928212338,7
5_#_BRCA_00032_TCGA-A2-A0CL-01Z-00-DX1,6.51193023472586,31.0079995704885,6
3_#_BRCA_00033_TCGA-A2-A0CM-01Z-00-DX1,-18.5366836033411,7.85196853341495,5
2_#_BRCA_00033_TCGA-A2-A0CM-01Z-00-DX1,11.4494422396201,-14.6750182349982,4
0_#_BRCA_00033_TCGA-A2-A0CM-01Z-00-DX1,-14.7351614485982,26.2446146236699,6
1_#_BRCA_00033_TCGA-A2-A0CM-01Z-00-DX1,-17.3900960633834,7.8235979019705,5
4_#_BRCA_00033_TCGA-A2-A0CM-01Z-00-DX1,-18.6435824091105,7.93273949291699,5
5_#_BRCA_00033_TCGA-A2-A0CM-01Z-00-DX1,-7.29322379775693,12.1815757994935,7
6_#_BRCA_00033_TCGA-A2-A0CM-01Z-00-DX1,-17.2479065950751,7.73368067733502,5
1_#_BRCA_00034_TCGA-A2-A0CO-01Z-00-DX1,25.6928522353533,-11.5730764648561,4
2_#_BRCA_00034_TCGA-A2-A0CO-01Z-00-DX1,27.1567312327044,1.62028055930534,4
0_#_BRCA_00034_TCGA-A2-A0CO-01Z-00-DX1,-1.33362529288606,25.6342222934744,1
3_#_BRCA_00034_TCGA-A2-A0CO-01Z-00-DX1,27.269009155006,1.77800815763293,4
4_#_BRCA_00034_TCGA-A2-A0CO-01Z-00-DX1,29.3170656758968,9.01734450214257,7
0_#_BRCA_00035_TCGA-A2-A0CP-01Z-00-DX1,19.1630679099295,0.0933678161713903,4
1_#_BRCA_00035_TCGA-A2-A0CP-01Z-00-DX1,24.7227826094996,10.7941830727561,7
2_#_BRCA_00035_TCGA-A2-A0CP-01Z-00-DX1,28.4163328270528,17.8049697425189,7
3_#_BRCA_00035_TCGA-A2-A0CP-01Z-00-DX1,24.3406833664582,12.6332640507043,7
4_#_BRCA_00035_TCGA-A2-A0CP-01Z-00-DX1,14.3248051167045,-10.1750222697201,4
5_#_BRCA_00035_TCGA-A2-A0CP-01Z-00-DX1,19.3609976726081,0.0443695146457051,4
7_#_BRCA_00035_TCGA-A2-A0CP-01Z-00-DX1,23.7595509766565,-3.23266405227818,4
6_#_BRCA_00035_TCGA-A2-A0CP-01Z-00-DX1,17.1059581241047,4.0213728540882,4
0_#_BRCA_00036_TCGA-A2-A0CQ-01Z-00-DX1,-5.09436234824199,4.78642034182475,6
1_#_BRCA_00036_TCGA-A2-A0CQ-01Z-00-DX1,-10.5526029856777,-15.1237656642275,2
4_#_BRCA_00036_TCGA-A2-A0CQ-01Z-00-DX1,12.7661044577409,15.165243221925,1
3_#_BRCA_00036_TCGA-A2-A0CQ-01Z-00-DX1,-13.958328545967,-21.9051558666072,2
2_#_BRCA_00036_TCGA-A2-A0CQ-01Z-00-DX1,24.7335507918798,13.3872748016334,7
7_#_BRCA_00036_TCGA-A2-A0CQ-01Z-00-DX1,-12.4418474704079,-5.444156889411,6
6_#_BRCA_00036_TCGA-A2-A0CQ-01Z-00-DX1,24.3666464826734,3.24647462590601,4
5_#_BRCA_00036_TCGA-A2-A0CQ-01Z-00-DX1,7.52798236375188,28.0257308400403,6
8_#_BRCA_00036_TCGA-A2-A0CQ-01Z-00-DX1,-10.928373941983,-15.6496570551819,2
1_#_BRCA_00037_TCGA-A2-A0CR-01Z-00-DX1,30.3412730273322,19.7040564768056,7
2_#_BRCA_00037_TCGA-A2-A0CR-01Z-00-DX1,9.82165268148679,33.1179079650247,6
0_#_BRCA_00037_TCGA-A2-A0CR-01Z-00-DX1,12.0297094570326,6.48582323010015,6
3_#_BRCA_00037_TCGA-A2-A0CR-01Z-00-DX1,28.2672491024473,16.7743642898707,7
4_#_BRCA_00037_TCGA-A2-A0CR-01Z-00-DX1,12.8431372497439,4.14870963210042,1
5_#_BRCA_00037_TCGA-A2-A0CR-01Z-00-DX1,12.0424018483146,6.42854270086302,6
6_#_BRCA_00037_TCGA-A2-A0CR-01Z-00-DX1,9.85162300355394,33.1212290573031,6
0_#_BRCA_00038_TCGA-A2-A0CS-01Z-00-DX1,-0.535686495293514,-13.31904031013,2
1_#_BRCA_00038_TCGA-A2-A0CS-01Z-00-DX1,-1.54035886539947,-15.1851233237088,2
2_#_BRCA_00038_TCGA-A2-A0CS-01Z-00-DX1,0.730436698883647,-17.4444840645484,7
3_#_BRCA_00038_TCGA-A2-A0CS-01Z-00-DX1,-1.2282328793974,-15.3439678329061,2
4_#_BRCA_00038_TCGA-A2-A0CS-01Z-00-DX1,-1.71886635449798,-14.9984722164255,2
0_#_BRCA_00039_TCGA-A2-A0CT-01Z-00-DX1,9.28874819347469,15.7847791399293,1
1_#_BRCA_00039_TCGA-A2-A0CT-01Z-00-DX1,25.3165425575985,-8.26068240735632,4
5_#_BRCA_00039_TCGA-A2-A0CT-01Z-00-DX1,9.14467618221234,15.6512663686929,1
3_#_BRCA_00039_TCGA-A2-A0CT-01Z-00-DX1,11.4342899636873,17.9508121077106,1
2_#_BRCA_00039_TCGA-A2-A0CT-01Z-00-DX1,18.5199531479354,-4.93232850006719,4
4_#_BRCA_00039_TCGA-A2-A0CT-01Z-00-DX1,21.3941687930781,11.5746975316515,7
0_#_BRCA_00040_TCGA-A2-A0CU-01Z-00-DX1,2.65464213736734,6.28344689930314,1
1_#_BRCA_00040_TCGA-A2-A0CU-01Z-00-DX1,5.04505581217984,12.8373168608029,1
2_#_BRCA_00040_TCGA-A2-A0CU-01Z-00-DX1,25.3904435510772,12.1516356308507,7
3_#_BRCA_00040_TCGA-A2-A0CU-01Z-00-DX1,25.5129583304201,8.43957813909653,4
5_#_BRCA_00040_TCGA-A2-A0CU-01Z-00-DX1,5.08516487413195,12.8831757624909,1
4_#_BRCA_00040_TCGA-A2-A0CU-01Z-00-DX1,5.04838284006549,12.7486884407351,1
0_#_BRCA_00041_TCGA-A2-A0CV-01Z-00-DX1,-9.45553843178892,-27.1775819947082,2
1_#_BRCA_00041_TCGA-A2-A0CV-01Z-00-DX1,34.0497246136512,11.9692295043249,7
5_#_BRCA_00041_TCGA-A2-A0CV-01Z-00-DX1,27.9677382331915,4.26634846727011,4
2_#_BRCA_00041_TCGA-A2-A0CV-01Z-00-DX1,22.2185952847035,-15.6008002582243,4
3_#_BRCA_00041_TCGA-A2-A0CV-01Z-00-DX1,10.3166570932711,-2.89932764098385,10
4_#_BRCA_00041_TCGA-A2-A0CV-01Z-00-DX1,-6.21509900512133,-18.72115038593,2
7_#_BRCA_00041_TCGA-A2-A0CV-01Z-00-DX1,-11.9212257875082,-27.4685039392283,2
6_#_BRCA_00041_TCGA-A2-A0CV-01Z-00-DX1,-6.93463104984701,-18.4577198609253,2
2_#_BRCA_00042_TCGA-A2-A0CW-01Z-00-DX1,-9.61649855084767,-5.62080811459521,2
1_#_BRCA_00042_TCGA-A2-A0CW-01Z-00-DX1,-6.55986032136387,-18.5302319833658,2
0_#_BRCA_00042_TCGA-A2-A0CW-01Z-00-DX1,29.3593273152821,8.41442950059655,7
3_#_BRCA_00042_TCGA-A2-A0CW-01Z-00-DX1,34.4600464961665,12.1855749620012,7
5_#_BRCA_00042_TCGA-A2-A0CW-01Z-00-DX1,28.4052361432422,-6.28654672584189,4
4_#_BRCA_00042_TCGA-A2-A0CW-01Z-00-DX1,-9.39262158770591,-4.86613149414291,6
0_#_BRCA_00043_TCGA-A2-A0CX-01Z-00-DX1,2.57126930466743,8.04706022871154,1
4_#_BRCA_00043_TCGA-A2-A0CX-01Z-00-DX1,2.6963387527859,7.93494422591503,1
3_#_BRCA_00043_TCGA-A2-A0CX-01Z-00-DX1,4.61485886224624,4.11518934401789,1
6_#_BRCA_00043_TCGA-A2-A0CX-01Z-00-DX1,3.08096396668034,7.70675289281752,1
2_#_BRCA_00043_TCGA-A2-A0CX-01Z-00-DX1,16.2415264517341,1.66701381879448,6
1_#_BRCA_00043_TCGA-A2-A0CX-01Z-00-DX1,3.00720326074163,7.88763303422523,1
8_#_BRCA_00043_TCGA-A2-A0CX-01Z-00-DX1,19.9298241265197,-12.7598882404829,4
7_#_BRCA_00043_TCGA-A2-A0CX-01Z-00-DX1,3.20933239284303,7.97101802399526,1
5_#_BRCA_00043_TCGA-A2-A0CX-01Z-00-DX1,28.9405583035992,-11.5112169543417,4
1_#_BRCA_00044_TCGA-A2-A0CY-01Z-00-DX1,23.9732142993281,-11.3354606993811,4
0_#_BRCA_00044_TCGA-A2-A0CY-01Z-00-DX1,-3.70921396025324,-20.906288601083,2
3_#_BRCA_00044_TCGA-A2-A0CY-01Z-00-DX1,-18.7902904266071,3.53446698219678,5
2_#_BRCA_00044_TCGA-A2-A0CY-01Z-00-DX1,21.2226401208721,-0.0902401049019649,4
4_#_BRCA_00044_TCGA-A2-A0CY-01Z-00-DX1,-9.13829990349893,-21.2785486866323,2
6_#_BRCA_00044_TCGA-A2-A0CY-01Z-00-DX1,30.5591118776757,-15.7470994128683,4
5_#_BRCA_00044_TCGA-A2-A0CY-01Z-00-DX1,0.988720518457128,-22.8186436401953,2
0_#_BRCA_00045_TCGA-A2-A0CZ-01Z-00-DX1,26.2072027526361,11.7706626414892,7
3_#_BRCA_00045_TCGA-A2-A0CZ-01Z-00-DX1,0.784193449973274,17.1090663176896,1
2_#_BRCA_00045_TCGA-A2-A0CZ-01Z-00-DX1,19.101144886929,-0.52956363360753,4
1_#_BRCA_00045_TCGA-A2-A0CZ-01Z-00-DX1,6.96916388146809,-22.5695030242026,7
4_#_BRCA_00045_TCGA-A2-A0CZ-01Z-00-DX1,27.4928600515374,11.9115885085186,7
5_#_BRCA_00045_TCGA-A2-A0CZ-01Z-00-DX1,31.5322243715495,7.67025624077688,7
7_#_BRCA_00045_TCGA-A2-A0CZ-01Z-00-DX1,6.99552626773105,-22.5480850853678,2
6_#_BRCA_00045_TCGA-A2-A0CZ-01Z-00-DX1,25.4325057566345,11.832494502704,7
0_#_BRCA_00046_TCGA-A2-A0D0-01Z-00-DX1,5.43128489167816,28.6999770168337,7
3_#_BRCA_00046_TCGA-A2-A0D0-01Z-00-DX1,-1.54354808007847,-12.6995033647904,2
2_#_BRCA_00046_TCGA-A2-A0D0-01Z-00-DX1,5.4635152754702,28.7461036401415,6
1_#_BRCA_00046_TCGA-A2-A0D0-01Z-00-DX1,-7.25848724533571,12.429611709837,5
4_#_BRCA_00046_TCGA-A2-A0D0-01Z-00-DX1,-8.78029051717102,9.55507097784367,5
5_#_BRCA_00046_TCGA-A2-A0D0-01Z-00-DX1,3.33665247520446,29.5986038012732,6
3_#_BRCA_00047_TCGA-A2-A0D3-01Z-00-DX1,28.696664846316,4.03230551483744,7
0_#_BRCA_00047_TCGA-A2-A0D3-01Z-00-DX1,30.7529310045197,0.859677048220697,7
1_#_BRCA_00047_TCGA-A2-A0D3-01Z-00-DX1,20.4707713142519,9.44151014400236,4
4_#_BRCA_00047_TCGA-A2-A0D3-01Z-00-DX1,29.7718025377891,4.76208780143209,7
2_#_BRCA_00047_TCGA-A2-A0D3-01Z-00-DX1,32.5371367039832,10.5325573271484,7
5_#_BRCA_00047_TCGA-A2-A0D3-01Z-00-DX1,4.70036984926037,-24.8919156349942,9
6_#_BRCA_00047_TCGA-A2-A0D3-01Z-00-DX1,-22.0644158462254,-28.3947596849844,9
1_#_BRCA_00048_TCGA-A2-A0D4-01Z-00-DX1,-4.97502565381602,6.7375440996174,5
0_#_BRCA_00048_TCGA-A2-A0D4-01Z-00-DX1,-2.23895360413468,22.020503969784,1
5_#_BRCA_00048_TCGA-A2-A0D4-01Z-00-DX1,-2.13278700689769,22.4280400283025,1
3_#_BRCA_00048_TCGA-A2-A0D4-01Z-00-DX1,17.1759442998625,-2.26206004762337,4
2_#_BRCA_00048_TCGA-A2-A0D4-01Z-00-DX1,-17.2557781749627,29.2698890241109,6
4_#_BRCA_00048_TCGA-A2-A0D4-01Z-00-DX1,12.8637174906823,-10.4330749068398,5
6_#_BRCA_00048_TCGA-A2-A0D4-01Z-00-DX1,-2.53002419973941,22.0406135736937,1
0_#_BRCA_00049_TCGA-A2-A0EM-01Z-00-DX1,1.49552853739467,-9.69646701704207,2
3_#_BRCA_00049_TCGA-A2-A0EM-01Z-00-DX1,-10.5282311892905,-17.8493920144409,2
4_#_BRCA_00049_TCGA-A2-A0EM-01Z-00-DX1,-21.6707557041637,-22.9600646542419,2
2_#_BRCA_00049_TCGA-A2-A0EM-01Z-00-DX1,-21.6817145257258,-23.0150347851243,2
1_#_BRCA_00049_TCGA-A2-A0EM-01Z-00-DX1,28.3749283556248,7.39810113597216,7
5_#_BRCA_00049_TCGA-A2-A0EM-01Z-00-DX1,-11.7062717030779,-18.8018137557103,2
6_#_BRCA_00049_TCGA-A2-A0EM-01Z-00-DX1,28.5938099694244,7.58641331732098,7
7_#_BRCA_00049_TCGA-A2-A0EM-01Z-00-DX1,8.74613024422536,-20.7625135716348,9
1_#_BRCA_00050_TCGA-A2-A0EN-01Z-00-DX1,13.7298022999373,-8.68446530224477,4
0_#_BRCA_00050_TCGA-A2-A0EN-01Z-00-DX1,3.93007117592986,29.9914418010975,6
2_#_BRCA_00050_TCGA-A2-A0EN-01Z-00-DX1,26.5849740185702,11.3018436791425,7
3_#_BRCA_00050_TCGA-A2-A0EN-01Z-00-DX1,10.0681102134979,24.4657115237488,1
5_#_BRCA_00050_TCGA-A2-A0EN-01Z-00-DX1,27.0700952814353,12.1859744819534,7
4_#_BRCA_00050_TCGA-A2-A0EN-01Z-00-DX1,19.7823995005849,8.37404260169844,4
6_#_BRCA_00050_TCGA-A2-A0EN-01Z-00-DX1,6.56347046730987,-28.5737274004137,9
7_#_BRCA_00050_TCGA-A2-A0EN-01Z-00-DX1,9.33154428989507,-21.7336210288845,9
1_#_BRCA_00051_TCGA-A2-A0EO-01Z-00-DX1,24.7693970647279,12.93868711459,7
0_#_BRCA_00051_TCGA-A2-A0EO-01Z-00-DX1,6.45980022257912,3.3806088866111,6
3_#_BRCA_00051_TCGA-A2-A0EO-01Z-00-DX1,20.1090140268622,1.50750695160368,4
6_#_BRCA_00051_TCGA-A2-A0EO-01Z-00-DX1,6.62331996678264,3.31912340632183,6
2_#_BRCA_00051_TCGA-A2-A0EO-01Z-00-DX1,5.08920877334745,5.09167214711426,1
4_#_BRCA_00051_TCGA-A2-A0EO-01Z-00-DX1,6.31127607069371,-4.79409228384379,5
5_#_BRCA_00051_TCGA-A2-A0EO-01Z-00-DX1,30.9977587592153,-0.551332527217762,4
7_#_BRCA_00051_TCGA-A2-A0EO-01Z-00-DX1,-10.7709108684143,-3.5128425099067,6
0_#_BRCA_00052_TCGA-A2-A0EP-01Z-00-DX1,-2.62241652360453,36.3070975879531,6
3_#_BRCA_00052_TCGA-A2-A0EP-01Z-00-DX1,24.5083624411237,-2.81820337003438,4
2_#_BRCA_00052_TCGA-A2-A0EP-01Z-00-DX1,-3.725966712612,4.37169751705901,6
1_#_BRCA_00052_TCGA-A2-A0EP-01Z-00-DX1,24.4050808344492,-0.0662746387304051,4
5_#_BRCA_00052_TCGA-A2-A0EP-01Z-00-DX1,-3.75574205589282,4.41080269684165,6
4_#_BRCA_00052_TCGA-A2-A0EP-01Z-00-DX1,22.5777407629425,-14.5021255340946,9
0_#_BRCA_00053_TCGA-A2-A0EQ-01Z-00-DX1,13.8720229321164,-10.4009423216602,4
1_#_BRCA_00053_TCGA-A2-A0EQ-01Z-00-DX1,4.36703426651881,10.4064667571901,1
2_#_BRCA_00053_TCGA-A2-A0EQ-01Z-00-DX1,-12.4340894224628,-11.4801837149611,2
5_#_BRCA_00053_TCGA-A2-A0EQ-01Z-00-DX1,3.55411236400688,25.8182020795598,6
4_#_BRCA_00053_TCGA-A2-A0EQ-01Z-00-DX1,-12.4015887384317,-11.192087686063,2
3_#_BRCA_00053_TCGA-A2-A0EQ-01Z-00-DX1,24.0515770413603,12.9948262137893,7
6_#_BRCA_00053_TCGA-A2-A0EQ-01Z-00-DX1,4.40664221137254,10.2644732375006,1
7_#_BRCA_00053_TCGA-A2-A0EQ-01Z-00-DX1,-4.8196853284677,36.0903229147671,6
1_#_BRCA_00054_TCGA-A2-A0ER-01Z-00-DX1,28.6993679687474,-10.480790210578,4
0_#_BRCA_00054_TCGA-A2-A0ER-01Z-00-DX1,24.5662494654385,3.17577252560282,4
4_#_BRCA_00054_TCGA-A2-A0ER-01Z-00-DX1,31.6303371459594,15.3889794749601,7
2_#_BRCA_00054_TCGA-A2-A0ER-01Z-00-DX1,-12.8207305266779,-20.034954942176,2
3_#_BRCA_00054_TCGA-A2-A0ER-01Z-00-DX1,36.8474768965666,-9.43795180369931,4
5_#_BRCA_00054_TCGA-A2-A0ER-01Z-00-DX1,-14.2182996095234,-28.6101775081335,2
6_#_BRCA_00054_TCGA-A2-A0ER-01Z-00-DX1,-24.2750548346218,3.00562771452013,5
1_#_BRCA_00055_TCGA-A2-A0ES-01Z-00-DX1,24.114576607082,-13.5975424008174,4
0_#_BRCA_00055_TCGA-A2-A0ES-01Z-00-DX1,-21.7086210191642,5.31917094186091,5
5_#_BRCA_00055_TCGA-A2-A0ES-01Z-00-DX1,12.7919135381361,-3.01528377399963,7
4_#_BRCA_00055_TCGA-A2-A0ES-01Z-00-DX1,-3.72981313876756,-20.08408219161,2
2_#_BRCA_00055_TCGA-A2-A0ES-01Z-00-DX1,30.6462327949151,18.8970791781333,7
3_#_BRCA_00055_TCGA-A2-A0ES-01Z-00-DX1,31.167122581739,15.1696832475715,7
6_#_BRCA_00055_TCGA-A2-A0ES-01Z-00-DX1,23.4310360505091,14.5696989353861,7
0_#_BRCA_00056_TCGA-A2-A0ET-01Z-00-DX1,24.4291180926541,10.3091825243838,7
1_#_BRCA_00056_TCGA-A2-A0ET-01Z-00-DX1,-19.3662173233332,5.56949715756571,2
2_#_BRCA_00056_TCGA-A2-A0ET-01Z-00-DX1,-4.52642792562164,-26.7106661407166,9
3_#_BRCA_00056_TCGA-A2-A0ET-01Z-00-DX1,14.2584438255396,-2.61370357114001,5
5_#_BRCA_00056_TCGA-A2-A0ET-01Z-00-DX1,-15.2813322872521,11.7517608394162,5
6_#_BRCA_00056_TCGA-A2-A0ET-01Z-00-DX1,15.8943349979967,-4.29450497146535,4
4_#_BRCA_00056_TCGA-A2-A0ET-01Z-00-DX1,-9.61044126863582,15.5109120924561,5
0_#_BRCA_00057_TCGA-A2-A0EU-01Z-00-DX1,-21.3334915077841,20.9577170936444,5
1_#_BRCA_00057_TCGA-A2-A0EU-01Z-00-DX1,-26.8819425388352,9.27778025053063,5
2_#_BRCA_00057_TCGA-A2-A0EU-01Z-00-DX1,18.8714955340922,-0.941413855763122,4
3_#_BRCA_00057_TCGA-A2-A0EU-01Z-00-DX1,-24.459683928306,18.9065725596907,5
4_#_BRCA_00057_TCGA-A2-A0EU-01Z-00-DX1,-3.48956232115261,11.350646060675,5
5_#_BRCA_00057_TCGA-A2-A0EU-01Z-00-DX1,19.9948333262045,-11.8753577639123,4
6_#_BRCA_00057_TCGA-A2-A0EU-01Z-00-DX1,-26.5982571556038,9.9729873719564,5
0_#_BRCA_00058_TCGA-A2-A0EV-01Z-00-DX1,-21.2221757903087,7.3146451588887,5
1_#_BRCA_00058_TCGA-A2-A0EV-01Z-00-DX1,23.3088662971146,10.0815611677666,7
3_#_BRCA_00058_TCGA-A2-A0EV-01Z-00-DX1,29.0528705501868,-21.2343191248884,4
4_#_BRCA_00058_TCGA-A2-A0EV-01Z-00-DX1,-7.52659883349194,13.3354017302822,5
5_#_BRCA_00058_TCGA-A2-A0EV-01Z-00-DX1,27.1626956440759,-16.8219919204827,4
7_#_BRCA_00058_TCGA-A2-A0EV-01Z-00-DX1,-3.20803322314005,-1.21026991168354,5
2_#_BRCA_00058_TCGA-A2-A0EV-01Z-00-DX1,-6.6591658685596,24.0848174279339,1
8_#_BRCA_00058_TCGA-A2-A0EV-01Z-00-DX1,-6.77187968187721,29.838422712211,6
6_#_BRCA_00058_TCGA-A2-A0EV-01Z-00-DX1,11.6288305836589,-14.2784166829765,5
0_#_BRCA_00059_TCGA-A2-A0EW-01Z-00-DX1,-16.3086770352404,1.92792111636482,9
1_#_BRCA_00059_TCGA-A2-A0EW-01Z-00-DX1,-16.3581410085839,2.01362354248481,9
3_#_BRCA_00059_TCGA-A2-A0EW-01Z-00-DX1,-16.2922044138134,1.91063381967162,9
4_#_BRCA_00059_TCGA-A2-A0EW-01Z-00-DX1,-9.65169806748829,24.4833840606401,9
2_#_BRCA_00059_TCGA-A2-A0EW-01Z-00-DX1,-16.3705738136396,2.01973307935501,9
5_#_BRCA_00059_TCGA-A2-A0EW-01Z-00-DX1,-16.3823603648342,2.04675691254976,9
1_#_BRCA_00060_TCGA-A2-A0EX-01Z-00-DX1,28.0064489489066,18.6802682766044,7
0_#_BRCA_00060_TCGA-A2-A0EX-01Z-00-DX1,-5.07976113313505,6.32300425172845,5
2_#_BRCA_00060_TCGA-A2-A0EX-01Z-00-DX1,24.4797532187882,19.0545465900296,7
4_#_BRCA_00060_TCGA-A2-A0EX-01Z-00-DX1,29.0436559112193,19.4675648732772,7
6_#_BRCA_00060_TCGA-A2-A0EX-01Z-00-DX1,22.9736228002136,12.451374548426,7
3_#_BRCA_00060_TCGA-A2-A0EX-01Z-00-DX1,21.1776861243578,13.7590608030845,5
5_#_BRCA_00060_TCGA-A2-A0EX-01Z-00-DX1,9.49605204409618,-20.4188923709448,9
0_#_BRCA_00061_TCGA-A2-A0EY-01Z-00-DX1,-21.1244753060934,15.8323074405496,5
5_#_BRCA_00061_TCGA-A2-A0EY-01Z-00-DX1,-21.2611905734143,16.0752758421543,5
2_#_BRCA_00061_TCGA-A2-A0EY-01Z-00-DX1,28.026296984269,19.2402544438694,7
1_#_BRCA_00061_TCGA-A2-A0EY-01Z-00-DX1,-9.00211173125332,12.9480979371815,5
3_#_BRCA_00061_TCGA-A2-A0EY-01Z-00-DX1,19.0962076432307,-0.554909478467882,4
4_#_BRCA_00061_TCGA-A2-A0EY-01Z-00-DX1,-16.9363176042081,23.0038438196214,1
3_#_BRCA_00062_TCGA-A2-A0ST-01Z-00-DX1,26.8704086784381,12.0273155080402,7
2_#_BRCA_00062_TCGA-A2-A0ST-01Z-00-DX1,5.93171236750871,34.4365250511467,6
0_#_BRCA_00062_TCGA-A2-A0ST-01Z-00-DX1,34.4652016202754,12.0008117560761,7
6_#_BRCA_00062_TCGA-A2-A0ST-01Z-00-DX1,27.9476117935067,16.879407908001,7
5_#_BRCA_00062_TCGA-A2-A0ST-01Z-00-DX1,22.8418247160077,14.859060760439,7
1_#_BRCA_00062_TCGA-A2-A0ST-01Z-00-DX1,1.15397123507207,-18.0294276331981,7
4_#_BRCA_00062_TCGA-A2-A0ST-01Z-00-DX1,27.7345467869578,10.2519225802991,7
0_#_BRCA_00063_TCGA-A2-A0SU-01Z-00-DX1,19.796465715929,-6.63092219763101,4
1_#_BRCA_00063_TCGA-A2-A0SU-01Z-00-DX1,-16.9535814566521,23.2101290164456,1
4_#_BRCA_00063_TCGA-A2-A0SU-01Z-00-DX1,-10.8141994671532,30.3118000504335,6
2_#_BRCA_00063_TCGA-A2-A0SU-01Z-00-DX1,-20.5853697715592,12.126277519222,5
5_#_BRCA_00063_TCGA-A2-A0SU-01Z-00-DX1,25.5127622064788,14.8613161627118,7
3_#_BRCA_00063_TCGA-A2-A0SU-01Z-00-DX1,-22.4472106277706,19.171084700907,5
0_#_BRCA_00064_TCGA-A2-A0SV-01Z-00-DX1,31.2307310657712,7.74702178926922,7
1_#_BRCA_00064_TCGA-A2-A0SV-01Z-00-DX1,-1.09496790868087,-12.8866487539517,2
5_#_BRCA_00064_TCGA-A2-A0SV-01Z-00-DX1,27.5156530325222,12.2321911181676,7
2_#_BRCA_00064_TCGA-A2-A0SV-01Z-00-DX1,15.9916832700902,-13.3936209194885,4
4_#_BRCA_00064_TCGA-A2-A0SV-01Z-00-DX1,-6.50722134222435,-2.41685653612481,2
8_#_BRCA_00064_TCGA-A2-A0SV-01Z-00-DX1,-2.26931973185526,-16.9045838973877,2
7_#_BRCA_00064_TCGA-A2-A0SV-01Z-00-DX1,-2.22579604424713,-16.895289978369,2
6_#_BRCA_00064_TCGA-A2-A0SV-01Z-00-DX1,-21.5249263762522,-27.9470241703491,9
9_#_BRCA_00064_TCGA-A2-A0SV-01Z-00-DX1,-0.0800653451566532,-27.8381044854892,9
3_#_BRCA_00064_TCGA-A2-A0SV-01Z-00-DX1,5.25781418503331,-16.8712145059563,4
0_#_BRCA_00065_TCGA-A2-A0SW-01Z-00-DX1,12.6503797023432,19.8274881964264,1
1_#_BRCA_00065_TCGA-A2-A0SW-01Z-00-DX1,2.1013621214734,-15.6288253167635,2
3_#_BRCA_00065_TCGA-A2-A0SW-01Z-00-DX1,8.2249927676553,8.55803913515652,1
5_#_BRCA_00065_TCGA-A2-A0SW-01Z-00-DX1,9.18851528184868,9.97671462876935,1
4_#_BRCA_00065_TCGA-A2-A0SW-01Z-00-DX1,-6.98129420986024,13.1005567090198,5
2_#_BRCA_00065_TCGA-A2-A0SW-01Z-00-DX1,-1.91565226792663,10.4677976340359,5
6_#_BRCA_00065_TCGA-A2-A0SW-01Z-00-DX1,9.83813926252421,18.1685846477204,1
7_#_BRCA_00065_TCGA-A2-A0SW-01Z-00-DX1,1.84842473522618,11.2471564062483,1
1_#_BRCA_00066_TCGA-A2-A0SX-01Z-00-DX1,10.93352514826,-30.8390017888937,9
4_#_BRCA_00066_TCGA-A2-A0SX-01Z-00-DX1,11.2065422061174,-10.8025583334341,4
0_#_BRCA_00066_TCGA-A2-A0SX-01Z-00-DX1,23.604009725275,2.55706434071521,4
2_#_BRCA_00066_TCGA-A2-A0SX-01Z-00-DX1,-1.31981164984996,-16.3490614957026,2
3_#_BRCA_00066_TCGA-A2-A0SX-01Z-00-DX1,-11.2508634365027,11.1675220096217,5
6_#_BRCA_00066_TCGA-A2-A0SX-01Z-00-DX1,26.3656393655295,-18.2529909901286,4
5_#_BRCA_00066_TCGA-A2-A0SX-01Z-00-DX1,-17.6919002046757,-10.7600712353116,2
7_#_BRCA_00066_TCGA-A2-A0SX-01Z-00-DX1,-1.4237860646295,-16.558150088915,9
8_#_BRCA_00066_TCGA-A2-A0SX-01Z-00-DX1,21.8786078188558,-3.3468027901328,4
9_#_BRCA_00066_TCGA-A2-A0SX-01Z-00-DX1,27.0107691794499,-20.1016779974043,4
1_#_BRCA_00067_TCGA-A2-A0SY-01Z-00-DX1,20.9308685524696,-26.0055630138383,10
0_#_BRCA_00067_TCGA-A2-A0SY-01Z-00-DX1,15.8671294839811,6.26853719009799,1
3_#_BRCA_00067_TCGA-A2-A0SY-01Z-00-DX1,26.8991098183506,-22.2139356288887,4
4_#_BRCA_00067_TCGA-A2-A0SY-01Z-00-DX1,15.392548905528,6.79444342167068,1
2_#_BRCA_00067_TCGA-A2-A0SY-01Z-00-DX1,30.7009617347473,9.65756133342839,4
5_#_BRCA_00067_TCGA-A2-A0SY-01Z-00-DX1,-3.00352589939672,-29.6956886997515,9
1_#_BRCA_00068_TCGA-A2-A0T0-01Z-00-DX1,-12.5971582984507,-15.1770894154431,1
3_#_BRCA_00068_TCGA-A2-A0T0-01Z-00-DX1,13.8142696339197,8.7073923820139,1
2_#_BRCA_00068_TCGA-A2-A0T0-01Z-00-DX1,12.7594272726964,8.51191253255824,1
0_#_BRCA_00068_TCGA-A2-A0T0-01Z-00-DX1,0.137040551073005,-6.39248772093797,1
5_#_BRCA_00068_TCGA-A2-A0T0-01Z-00-DX1,-0.0242631595830819,-6.55881671117225,1
8_#_BRCA_00068_TCGA-A2-A0T0-01Z-00-DX1,1.34887077957409,-6.11753591839642,1
4_#_BRCA_00068_TCGA-A2-A0T0-01Z-00-DX1,0.630857756898687,-21.4478618103002,2
7_#_BRCA_00068_TCGA-A2-A0T0-01Z-00-DX1,18.7699246809483,-20.0732087311577,10
6_#_BRCA_00068_TCGA-A2-A0T0-01Z-00-DX1,2.00325219622681,-15.9154979670906,2
0_#_BRCA_00069_TCGA-A2-A0T1-01Z-00-DX1,-5.57699286111508,-3.94995168832367,2
1_#_BRCA_00069_TCGA-A2-A0T1-01Z-00-DX1,-29.6993269252096,-0.478462351697981,2
3_#_BRCA_00069_TCGA-A2-A0T1-01Z-00-DX1,13.759630538345,-14.5030924956053,2
2_#_BRCA_00069_TCGA-A2-A0T1-01Z-00-DX1,-29.912067392877,-0.341011377988057,2
6_#_BRCA_00069_TCGA-A2-A0T1-01Z-00-DX1,-29.985593722348,-0.397594579146623,2
4_#_BRCA_00069_TCGA-A2-A0T1-01Z-00-DX1,1.54035878938064,32.7310915805242,6
5_#_BRCA_00069_TCGA-A2-A0T1-01Z-00-DX1,30.6310358076493,-21.8114965034305,4
7_#_BRCA_00069_TCGA-A2-A0T1-01Z-00-DX1,26.4381761821927,-6.1749058909804,2
0_#_BRCA_00070_TCGA-A2-A0T2-01Z-00-DX1,10.7402075781756,17.0564981141476,1
2_#_BRCA_00070_TCGA-A2-A0T2-01Z-00-DX1,11.5597479832611,17.4188915533495,1
3_#_BRCA_00070_TCGA-A2-A0T2-01Z-00-DX1,18.1248551694501,-21.2361046104336,4
1_#_BRCA_00070_TCGA-A2-A0T2-01Z-00-DX1,7.51163941890241,-3.26402330705157,1
5_#_BRCA_00070_TCGA-A2-A0T2-01Z-00-DX1,8.79689577225063,5.5569863470981,1
4_#_BRCA_00070_TCGA-A2-A0T2-01Z-00-DX1,14.7619755260845,-16.9907576370069,1
0_#_BRCA_00071_TCGA-A2-A0T3-01Z-00-DX1,12.8311766189143,33.3853352080827,7
4_#_BRCA_00071_TCGA-A2-A0T3-01Z-00-DX1,-16.7059955745322,26.7293400832552,6
2_#_BRCA_00071_TCGA-A2-A0T3-01Z-00-DX1,31.371267268936,10.0779041277972,7
6_#_BRCA_00071_TCGA-A2-A0T3-01Z-00-DX1,12.5769127406487,33.5399802489688,7
1_#_BRCA_00071_TCGA-A2-A0T3-01Z-00-DX1,29.9786033382514,20.1506811691179,7
5_#_BRCA_00071_TCGA-A2-A0T3-01Z-00-DX1,-0.611879536659234,-16.0565017363716,2
3_#_BRCA_00071_TCGA-A2-A0T3-01Z-00-DX1,12.6091145825851,33.5211035629439,7
8_#_BRCA_00071_TCGA-A2-A0T3-01Z-00-DX1,12.1303255379517,33.7581972676374,7
7_#_BRCA_00071_TCGA-A2-A0T3-01Z-00-DX1,3.3355248202013,-3.49645453164564,7
0_#_BRCA_00072_TCGA-A2-A0T4-01Z-00-DX1,17.2425004743726,3.57094019626975,1
2_#_BRCA_00072_TCGA-A2-A0T4-01Z-00-DX1,27.3580978252912,17.191734930279,7
1_#_BRCA_00072_TCGA-A2-A0T4-01Z-00-DX1,18.5611840529896,-4.83493265947615,4
3_#_BRCA_00072_TCGA-A2-A0T4-01Z-00-DX1,13.1183859735684,-6.89818723853258,5
5_#_BRCA_00072_TCGA-A2-A0T4-01Z-00-DX1,0.613973363411132,17.1473963554029,1
4_#_BRCA_00072_TCGA-A2-A0T4-01Z-00-DX1,-1.86992949790496,22.365535235555,1
0_#_BRCA_00073_TCGA-A2-A0T5-01Z-00-DX1,-15.8629472950609,3.92690766308798,9
5_#_BRCA_00073_TCGA-A2-A0T5-01Z-00-DX1,-17.3034140629762,4.5415525351485,9
3_#_BRCA_00073_TCGA-A2-A0T5-01Z-00-DX1,-17.9875143261588,4.6056508541626,9
2_#_BRCA_00073_TCGA-A2-A0T5-01Z-00-DX1,19.4926971133145,-0.710917926883781,4
4_#_BRCA_00073_TCGA-A2-A0T5-01Z-00-DX1,27.9117883294179,17.5402798092331,7
1_#_BRCA_00073_TCGA-A2-A0T5-01Z-00-DX1,-8.14645584677172,7.70395833141217,5
6_#_BRCA_00073_TCGA-A2-A0T5-01Z-00-DX1,-17.7148905281683,4.67894994479815,9
0_#_BRCA_00074_TCGA-A2-A0T6-01Z-00-DX1,-2.12166246461334,22.2892150862275,1
2_#_BRCA_00074_TCGA-A2-A0T6-01Z-00-DX1,-2.83997071677051,22.7687914090338,1
1_#_BRCA_00074_TCGA-A2-A0T6-01Z-00-DX1,26.7447483529193,13.8697104727126,7
3_#_BRCA_00074_TCGA-A2-A0T6-01Z-00-DX1,12.9214007723176,-6.87075511056489,5
4_#_BRCA_00074_TCGA-A2-A0T6-01Z-00-DX1,-1.40002747924723,22.0754547714699,1
5_#_BRCA_00074_TCGA-A2-A0T6-01Z-00-DX1,-13.6470909228719,-5.78109957378513,9
1_#_BRCA_00075_TCGA-A2-A0T7-01Z-00-DX1,-1.79117410680812,-16.5259859677505,5
0_#_BRCA_00075_TCGA-A2-A0T7-01Z-00-DX1,-14.9088774272333,10.0107886105904,5
3_#_BRCA_00075_TCGA-A2-A0T7-01Z-00-DX1,13.7674355994384,-5.09142855954304,5
6_#_BRCA_00075_TCGA-A2-A0T7-01Z-00-DX1,-2.46050745796298,-11.8894128844089,5
2_#_BRCA_00075_TCGA-A2-A0T7-01Z-00-DX1,-11.5510436531903,9.66895318481942,5
4_#_BRCA_00075_TCGA-A2-A0T7-01Z-00-DX1,-17.8298287852837,-2.86377042960462,2
5_#_BRCA_00075_TCGA-A2-A0T7-01Z-00-DX1,-2.44942057776386,-11.9877434383529,5
0_#_BRCA_00076_TCGA-A2-A0YC-01Z-00-DX1,19.4607390123427,6.12855618214648,4
1_#_BRCA_00076_TCGA-A2-A0YC-01Z-00-DX1,31.5097698900338,14.1600609646981,7
3_#_BRCA_00076_TCGA-A2-A0YC-01Z-00-DX1,19.5130375217959,6.11126216423814,7
2_#_BRCA_00076_TCGA-A2-A0YC-01Z-00-DX1,23.0784943445997,4.6681442924822,7
4_#_BRCA_00076_TCGA-A2-A0YC-01Z-00-DX1,24.5737347537255,6.59026367963705,7
5_#_BRCA_00076_TCGA-A2-A0YC-01Z-00-DX1,30.0561371452279,16.3874778359053,7
0_#_BRCA_00077_TCGA-A2-A0YD-01Z-00-DX1,9.7924672187175,13.0537364853054,1
1_#_BRCA_00077_TCGA-A2-A0YD-01Z-00-DX1,9.95891357776078,26.9701835466884,6
6_#_BRCA_00077_TCGA-A2-A0YD-01Z-00-DX1,9.77970086973437,12.9581289137427,1
2_#_BRCA_00077_TCGA-A2-A0YD-01Z-00-DX1,-4.2931785694347,33.3212560649508,6
4_#_BRCA_00077_TCGA-A2-A0YD-01Z-00-DX1,22.7839080324159,4.68214621397821,7
3_#_BRCA_00077_TCGA-A2-A0YD-01Z-00-DX1,28.4768443597336,13.199275832952,7
7_#_BRCA_00077_TCGA-A2-A0YD-01Z-00-DX1,8.86238705337752,-26.2695771162495,9
5_#_BRCA_00077_TCGA-A2-A0YD-01Z-00-DX1,7.97420119901989,23.5654567620138,1
0_#_BRCA_00078_TCGA-A2-A0YE-01Z-00-DX1,13.8433455100024,-12.648776888865,7
3_#_BRCA_00078_TCGA-A2-A0YE-01Z-00-DX1,-7.73690291346505,-0.460544709378768,6
2_#_BRCA_00078_TCGA-A2-A0YE-01Z-00-DX1,-7.58521865034623,-0.525262330336654,6
1_#_BRCA_00078_TCGA-A2-A0YE-01Z-00-DX1,27.959470402356,-3.38209498001862,4
4_#_BRCA_00078_TCGA-A2-A0YE-01Z-00-DX1,0.336437388970085,30.4992151419949,6
5_#_BRCA_00078_TCGA-A2-A0YE-01Z-00-DX1,4.38234128793874,-24.6970221778242,9
1_#_BRCA_00079_TCGA-A2-A0YF-01Z-00-DX1,-1.815495699351,-0.0672993570269486,9
0_#_BRCA_00079_TCGA-A2-A0YF-01Z-00-DX1,22.9683272979739,11.076136000015,7
2_#_BRCA_00079_TCGA-A2-A0YF-01Z-00-DX1,15.9341768377567,-3.37797315396299,4
3_#_BRCA_00079_TCGA-A2-A0YF-01Z-00-DX1,-2.28085929075222,18.2664953801471,5
4_#_BRCA_00079_TCGA-A2-A0YF-01Z-00-DX1,-2.38679633619361,18.4467530777462,5
5_#_BRCA_00079_TCGA-A2-A0YF-01Z-00-DX1,-0.570144293999235,-27.5398748747765,9
1_#_BRCA_00080_TCGA-A2-A0YG-01Z-00-DX1,-11.7275656712174,-1.15897048253366,6
0_#_BRCA_00080_TCGA-A2-A0YG-01Z-00-DX1,-9.53730670997945,-6.15520027978039,2
2_#_BRCA_00080_TCGA-A2-A0YG-01Z-00-DX1,30.5874333016483,-17.3760596521791,4
3_#_BRCA_00080_TCGA-A2-A0YG-01Z-00-DX1,-11.9189215097834,-2.85272621082426,6
5_#_BRCA_00080_TCGA-A2-A0YG-01Z-00-DX1,29.1625984007272,2.7075710973366,7
4_#_BRCA_00080_TCGA-A2-A0YG-01Z-00-DX1,-12.1168136952933,-2.14434249940608,6
1_#_BRCA_00081_TCGA-A2-A0YH-01Z-00-DX1,20.2666115847073,-3.05377275607237,2
0_#_BRCA_00081_TCGA-A2-A0YH-01Z-00-DX1,33.9516668776664,17.1979688282641,7
2_#_BRCA_00081_TCGA-A2-A0YH-01Z-00-DX1,-11.7990084159443,-3.56913146715892,6
4_#_BRCA_00081_TCGA-A2-A0YH-01Z-00-DX1,-5.52695107495191,-0.55667863734039,6
6_#_BRCA_00081_TCGA-A2-A0YH-01Z-00-DX1,-11.8404803845292,-2.97445691855186,6
3_#_BRCA_00081_TCGA-A2-A0YH-01Z-00-DX1,-13.2331543376572,-28.6687370810973,2
5_#_BRCA_00081_TCGA-A2-A0YH-01Z-00-DX1,30.9466217589666,-18.5423239018681,4
2_#_BRCA_00082_TCGA-A2-A0YI-01Z-00-DX1,-22.455269784082,21.6252949731463,5
1_#_BRCA_00082_TCGA-A2-A0YI-01Z-00-DX1,-14.0904593966327,16.4038568741023,5
0_#_BRCA_00082_TCGA-A2-A0YI-01Z-00-DX1,-19.7033227060658,20.0386040811973,5
5_#_BRCA_00082_TCGA-A2-A0YI-01Z-00-DX1,-14.159406456592,16.5313751263583,5
3_#_BRCA_00082_TCGA-A2-A0YI-01Z-00-DX1,-14.1314675300598,16.3224913453501,5
6_#_BRCA_00082_TCGA-A2-A0YI-01Z-00-DX1,-19.556044253686,5.95644672235541,5
4_#_BRCA_00082_TCGA-A2-A0YI-01Z-00-DX1,-22.1009158980625,21.5504171347817,5
0_#_BRCA_00083_TCGA-A2-A0YJ-01Z-00-DX1,-9.66724817493343,-5.9817225539583,2
1_#_BRCA_00083_TCGA-A2-A0YJ-01Z-00-DX1,-11.0951829375943,-5.10873919538153,2
2_#_BRCA_00083_TCGA-A2-A0YJ-01Z-00-DX1,11.7006451402662,-1.52521578289506,7
3_#_BRCA_00083_TCGA-A2-A0YJ-01Z-00-DX1,-9.77768559414901,-5.75071944068985,2
6_#_BRCA_00083_TCGA-A2-A0YJ-01Z-00-DX1,-9.76259990892565,-5.91836046380943,2
4_#_BRCA_00083_TCGA-A2-A0YJ-01Z-00-DX1,-22.5720151505154,-9.84883456596416,2
5_#_BRCA_00083_TCGA-A2-A0YJ-01Z-00-DX1,-2.06098637892435,-13.9972017285403,2
0_#_BRCA_00084_TCGA-A2-A0YK-01Z-00-DX1,31.3581993250055,9.39724602117017,7
3_#_BRCA_00084_TCGA-A2-A0YK-01Z-00-DX1,20.6174196812233,-2.98419978617735,2
2_#_BRCA_00084_TCGA-A2-A0YK-01Z-00-DX1,22.1662078308709,0.382779962705696,4
1_#_BRCA_00084_TCGA-A2-A0YK-01Z-00-DX1,2.11756659433836,27.8731740538749,6
4_#_BRCA_00084_TCGA-A2-A0YK-01Z-00-DX1,29.5099849202526,-20.7492302479621,4
1_#_BRCA_00085_TCGA-A2-A0YL-01Z-00-DX1,30.239900698268,14.7223492835373,7
0_#_BRCA_00085_TCGA-A2-A0YL-01Z-00-DX1,29.4663387300623,11.3733782703778,7
3_#_BRCA_00085_TCGA-A2-A0YL-01Z-00-DX1,2.68275557184545,22.8334264942169,1
2_#_BRCA_00085_TCGA-A2-A0YL-01Z-00-DX1,20.4782740309186,-3.02371475123217,2
4_#_BRCA_00085_TCGA-A2-A0YL-01Z-00-DX1,11.0492187202471,-12.0430703492149,4
5_#_BRCA_00085_TCGA-A2-A0YL-01Z-00-DX1,28.7849946073327,9.83238686573773,7
6_#_BRCA_00085_TCGA-A2-A0YL-01Z-00-DX1,31.4884134597384,14.1793555453623,7
0_#_BRCA_00086_TCGA-A2-A0YM-01Z-00-DX1,-15.5538814799711,-15.851487150158,2
2_#_BRCA_00086_TCGA-A2-A0YM-01Z-00-DX1,-15.8224970717476,-16.3555723893886,2
1_#_BRCA_00086_TCGA-A2-A0YM-01Z-00-DX1,23.7413804043928,-4.67595876612643,4
5_#_BRCA_00086_TCGA-A2-A0YM-01Z-00-DX1,4.44473784907789,1.95642370495735,7
3_#_BRCA_00086_TCGA-A2-A0YM-01Z-00-DX1,-16.0607457444843,-16.9605946541719,2
4_#_BRCA_00086_TCGA-A2-A0YM-01Z-00-DX1,24.5028912651649,-13.2966032939788,4
6_#_BRCA_00086_TCGA-A2-A0YM-01Z-00-DX1,31.2504750266755,-5.04486592976224,4
7_#_BRCA_00086_TCGA-A2-A0YM-01Z-00-DX1,12.1083363885383,-21.028175597844,9
0_#_BRCA_00087_TCGA-A2-A0YT-01Z-00-DX1,25.2360301197245,5.4500085054549,7
1_#_BRCA_00087_TCGA-A2-A0YT-01Z-00-DX1,25.2157441001576,5.49836532459592,7
2_#_BRCA_00087_TCGA-A2-A0YT-01Z-00-DX1,25.509314066495,5.32076165570854,7
3_#_BRCA_00087_TCGA-A2-A0YT-01Z-00-DX1,31.7443834716512,5.18382234397647,7
5_#_BRCA_00087_TCGA-A2-A0YT-01Z-00-DX1,25.2869727014151,5.41621031666481,7
7_#_BRCA_00087_TCGA-A2-A0YT-01Z-00-DX1,31.6492290953725,5.7049546473325,7
4_#_BRCA_00087_TCGA-A2-A0YT-01Z-00-DX1,30.0401906483328,15.0783971900125,7
6_#_BRCA_00087_TCGA-A2-A0YT-01Z-00-DX1,25.4132523903392,5.42484148019,7
0_#_BRCA_00088_TCGA-A2-A1FV-01Z-00-DX1,2.33503701264281,22.3143619759098,1
2_#_BRCA_00088_TCGA-A2-A1FV-01Z-00-DX1,0.679171743876414,25.1794204493411,1
1_#_BRCA_00088_TCGA-A2-A1FV-01Z-00-DX1,31.8747105327113,10.3345748727443,7
4_#_BRCA_00088_TCGA-A2-A1FV-01Z-00-DX1,31.1398427708486,16.7467839372763,7
3_#_BRCA_00088_TCGA-A2-A1FV-01Z-00-DX1,25.6409959386623,-13.4044372206863,4
5_#_BRCA_00088_TCGA-A2-A1FV-01Z-00-DX1,-0.315404235127029,24.4170360240538,1
6_#_BRCA_00088_TCGA-A2-A1FV-01Z-00-DX1,2.25039034663859,22.2089226345649,1
0_#_BRCA_00089_TCGA-A2-A1FW-01Z-00-DX1,15.8999111346873,9.82540103212076,1
4_#_BRCA_00089_TCGA-A2-A1FW-01Z-00-DX1,15.992271593971,9.75250825852842,1
3_#_BRCA_00089_TCGA-A2-A1FW-01Z-00-DX1,16.2680364696378,-13.9405141136024,4
1_#_BRCA_00089_TCGA-A2-A1FW-01Z-00-DX1,16.2462298973104,10.5710348780549,1
2_#_BRCA_00089_TCGA-A2-A1FW-01Z-00-DX1,15.5089231940432,9.90712129895118,1
6_#_BRCA_00089_TCGA-A2-A1FW-01Z-00-DX1,15.8816611609222,9.96419346947749,1
5_#_BRCA_00089_TCGA-A2-A1FW-01Z-00-DX1,15.5795130668352,9.94459392753159,1
0_#_BRCA_00090_TCGA-A2-A1FX-01Z-00-DX1,16.2464808935574,9.29915967012854,1
1_#_BRCA_00090_TCGA-A2-A1FX-01Z-00-DX1,16.063174366386,9.5657611884755,1
5_#_BRCA_00090_TCGA-A2-A1FX-01Z-00-DX1,16.4531162797865,9.15108590212965,10
6_#_BRCA_00090_TCGA-A2-A1FX-01Z-00-DX1,15.9680113761865,9.37294416707463,1
4_#_BRCA_00090_TCGA-A2-A1FX-01Z-00-DX1,16.0829370656548,9.67777408961965,1
2_#_BRCA_00090_TCGA-A2-A1FX-01Z-00-DX1,27.0690771327488,-21.6055449569135,10
3_#_BRCA_00090_TCGA-A2-A1FX-01Z-00-DX1,16.3880133994208,9.34476290445653,1
7_#_BRCA_00090_TCGA-A2-A1FX-01Z-00-DX1,24.2253842699831,-0.76895410530505,4
8_#_BRCA_00090_TCGA-A2-A1FX-01Z-00-DX1,-10.3017211796073,-30.2391265415518,2
0_#_BRCA_00091_TCGA-A2-A1FZ-01Z-00-DX1,-23.6559297010668,15.682474689902,5
1_#_BRCA_00091_TCGA-A2-A1FZ-01Z-00-DX1,-20.8545885677819,12.1534154815648,5
2_#_BRCA_00091_TCGA-A2-A1FZ-01Z-00-DX1,-22.5771087728744,21.865374154669,6
3_#_BRCA_00091_TCGA-A2-A1FZ-01Z-00-DX1,-19.7700471420511,20.0254877650736,5
4_#_BRCA_00091_TCGA-A2-A1FZ-01Z-00-DX1,-3.45752326613204,9.20868859908896,5
6_#_BRCA_00091_TCGA-A2-A1FZ-01Z-00-DX1,-23.9557850619772,16.2362046719196,5
5_#_BRCA_00091_TCGA-A2-A1FZ-01Z-00-DX1,-23.7679924360385,13.9969699230353,5
7_#_BRCA_00091_TCGA-A2-A1FZ-01Z-00-DX1,-23.6284778573078,14.4885808915308,5
8_#_BRCA_00091_TCGA-A2-A1FZ-01Z-00-DX1,-2.52318776888723,-11.6342506951423,5
4_#_BRCA_00092_TCGA-A2-A1G0-01Z-00-DX1,-0.227086119529874,15.050911653702,1
0_#_BRCA_00092_TCGA-A2-A1G0-01Z-00-DX1,-1.67129770389615,20.2993510299303,1
3_#_BRCA_00092_TCGA-A2-A1G0-01Z-00-DX1,16.5036380555043,-11.837573423331,4
2_#_BRCA_00092_TCGA-A2-A1G0-01Z-00-DX1,-0.978363452189917,19.4214429756463,1
1_#_BRCA_00092_TCGA-A2-A1G0-01Z-00-DX1,23.2928103241782,12.5712834151528,7
5_#_BRCA_00092_TCGA-A2-A1G0-01Z-00-DX1,-1.85356868213205,20.5542204922325,1
6_#_BRCA_00092_TCGA-A2-A1G0-01Z-00-DX1,13.8854789751141,15.1692061463751,1
0_#_BRCA_00093_TCGA-A2-A1G1-01Z-00-DX1,1.98585954980051,32.9330943969216,6
1_#_BRCA_00093_TCGA-A2-A1G1-01Z-00-DX1,-7.53212073720136,0.52901099297057,6
3_#_BRCA_00093_TCGA-A2-A1G1-01Z-00-DX1,25.1189072924712,-0.531118610551955,4
2_#_BRCA_00093_TCGA-A2-A1G1-01Z-00-DX1,1.98830547715538,32.8883925196708,6
5_#_BRCA_00093_TCGA-A2-A1G1-01Z-00-DX1,2.32885218208963,32.8963452717764,6
4_#_BRCA_00093_TCGA-A2-A1G1-01Z-00-DX1,-2.03155199098613,4.09282931926747,6
2_#_BRCA_00094_TCGA-A2-A1G4-01Z-00-DX1,2.5604230337925,6.87686791929211,1
0_#_BRCA_00094_TCGA-A2-A1G4-01Z-00-DX1,-10.1584324289594,7.72799530805608,5
1_#_BRCA_00094_TCGA-A2-A1G4-01Z-00-DX1,-20.1271842126931,5.09988803404521,5
4_#_BRCA_00094_TCGA-A2-A1G4-01Z-00-DX1,-20.0972560525279,5.20412660781685,5
3_#_BRCA_00094_TCGA-A2-A1G4-01Z-00-DX1,31.1913731922733,2.37350663561283,4
5_#_BRCA_00094_TCGA-A2-A1G4-01Z-00-DX1,-0.357070639018326,-27.4239497100559,9
0_#_BRCA_00095_TCGA-A2-A1G6-01Z-00-DX1,-25.9022575861536,19.3365113910382,5
2_#_BRCA_00095_TCGA-A2-A1G6-01Z-00-DX1,-24.3267149341195,18.7537977041315,5
1_#_BRCA_00095_TCGA-A2-A1G6-01Z-00-DX1,-4.80518066198782,8.66405577962964,5
3_#_BRCA_00095_TCGA-A2-A1G6-01Z-00-DX1,35.9765546330348,8.16727351145072,7
5_#_BRCA_00095_TCGA-A2-A1G6-01Z-00-DX1,-6.61628549659124,8.16306280223992,5
4_#_BRCA_00095_TCGA-A2-A1G6-01Z-00-DX1,-21.8454182272275,22.3701491415939,5
7_#_BRCA_00095_TCGA-A2-A1G6-01Z-00-DX1,22.3983731719281,12.8156859950951,7
6_#_BRCA_00095_TCGA-A2-A1G6-01Z-00-DX1,-0.720531253221672,-28.1570905592475,9
2_#_BRCA_00096_TCGA-A2-A259-01Z-00-DX1,32.040610479499,10.3366785701245,7
1_#_BRCA_00096_TCGA-A2-A259-01Z-00-DX1,31.3899433525311,14.8760140856505,7
0_#_BRCA_00096_TCGA-A2-A259-01Z-00-DX1,-16.3331515629979,6.38264616113253,5
4_#_BRCA_00096_TCGA-A2-A259-01Z-00-DX1,29.8813489401872,1.80862484316658,7
3_#_BRCA_00096_TCGA-A2-A259-01Z-00-DX1,20.7821800756802,-25.7389466651647,10
6_#_BRCA_00096_TCGA-A2-A259-01Z-00-DX1,4.97336935328974,-3.54238058874856,10
5_#_BRCA_00096_TCGA-A2-A259-01Z-00-DX1,-16.2396070767509,6.2833295262693,9
0_#_BRCA_00097_TCGA-A2-A25A-01Z-00-DX1,12.6993138117902,15.5522625925669,1
1_#_BRCA_00097_TCGA-A2-A25A-01Z-00-DX1,13.5058397448008,16.8105443633041,1
4_#_BRCA_00097_TCGA-A2-A25A-01Z-00-DX1,6.6214443514638,15.2202669984402,1
2_#_BRCA_00097_TCGA-A2-A25A-01Z-00-DX1,28.4219050541857,13.5032322432477,7
3_#_BRCA_00097_TCGA-A2-A25A-01Z-00-DX1,9.591420237994,-3.66454401869152,2
6_#_BRCA_00097_TCGA-A2-A25A-01Z-00-DX1,13.6685976758416,16.7169097550945,1
5_#_BRCA_00097_TCGA-A2-A25A-01Z-00-DX1,7.50419413177972,26.4671068568468,1
7_#_BRCA_00097_TCGA-A2-A25A-01Z-00-DX1,12.7908193493294,15.6298806657155,1
0_#_BRCA_00098_TCGA-A2-A25B-01Z-00-DX1,-19.8835706819552,18.789447159209,5
1_#_BRCA_00098_TCGA-A2-A25B-01Z-00-DX1,-19.3793979600218,18.4600669551336,5
2_#_BRCA_00098_TCGA-A2-A25B-01Z-00-DX1,-15.4367699581354,16.4661674104117,5
3_#_BRCA_00098_TCGA-A2-A25B-01Z-00-DX1,-19.68763732505,18.9423225430907,5
5_#_BRCA_00098_TCGA-A2-A25B-01Z-00-DX1,-15.6895989523111,16.3296607895488,5
4_#_BRCA_00098_TCGA-A2-A25B-01Z-00-DX1,18.7044938672612,-8.55875770761972,4
0_#_BRCA_00099_TCGA-A2-A25C-01Z-00-DX1,-25.3895812644556,18.1004938476357,5
4_#_BRCA_00099_TCGA-A2-A25C-01Z-00-DX1,-25.9435055193499,18.9799951935961,5
1_#_BRCA_00099_TCGA-A2-A25C-01Z-00-DX1,-24.7316348946013,18.4208982195428,5
3_#_BRCA_00099_TCGA-A2-A25C-01Z-00-DX1,8.38728361848436,1.90859142799489,5
5_#_BRCA_00099_TCGA-A2-A25C-01Z-00-DX1,-22.1989650330281,9.27449370281205,5
2_#_BRCA_00099_TCGA-A2-A25C-01Z-00-DX1,-25.9100424167022,19.1782844430534,5
6_#_BRCA_00099_TCGA-A2-A25C-01Z-00-DX1,-24.6720594569794,18.265188725011,5
7_#_BRCA_00099_TCGA-A2-A25C-01Z-00-DX1,-23.2719798817991,8.76736700789608,5
0_#_BRCA_00100_TCGA-A2-A25D-01Z-00-DX1,9.59161105690304,13.0574667439787,1
1_#_BRCA_00100_TCGA-A2-A25D-01Z-00-DX1,-10.2222712400226,-3.29869006607971,6
2_#_BRCA_00100_TCGA-A2-A25D-01Z-00-DX1,10.3921282528856,-5.70789819206198,1
3_#_BRCA_00100_TCGA-A2-A25D-01Z-00-DX1,12.7816580555796,3.99394000194655,1
4_#_BRCA_00100_TCGA-A2-A25D-01Z-00-DX1,-15.6932145628042,32.5165458622405,6
0_#_BRCA_00101_TCGA-A2-A25E-01Z-00-DX1,11.5952671896149,4.856751771433,4
5_#_BRCA_00101_TCGA-A2-A25E-01Z-00-DX1,10.6971084899604,4.26504274795648,1
1_#_BRCA_00101_TCGA-A2-A25E-01Z-00-DX1,12.065028267129,5.008786992325,1
3_#_BRCA_00101_TCGA-A2-A25E-01Z-00-DX1,12.3085099041143,4.96629669118655,1
6_#_BRCA_00101_TCGA-A2-A25E-01Z-00-DX1,12.0950509973828,5.13960430067623,1
2_#_BRCA_00101_TCGA-A2-A25E-01Z-00-DX1,29.9477783766154,-12.2063784355944,4
4_#_BRCA_00101_TCGA-A2-A25E-01Z-00-DX1,22.6569593342676,-5.30189614875483,4
0_#_BRCA_00102_TCGA-A2-A25F-01Z-00-DX1,27.5444131169514,-23.4806562588756,10
1_#_BRCA_00102_TCGA-A2-A25F-01Z-00-DX1,12.7153539004081,7.80799900825454,1
2_#_BRCA_00102_TCGA-A2-A25F-01Z-00-DX1,17.8975230243433,-21.5972865212262,10
3_#_BRCA_00102_TCGA-A2-A25F-01Z-00-DX1,12.5414108311697,7.91499446900477,1
4_#_BRCA_00102_TCGA-A2-A25F-01Z-00-DX1,12.6074384923961,8.03033509807937,1
5_#_BRCA_00102_TCGA-A2-A25F-01Z-00-DX1,7.56047398583213,-0.923262824229192,1
6_#_BRCA_00102_TCGA-A2-A25F-01Z-00-DX1,36.953291346453,-2.72377121119622,1
0_#_BRCA_00103_TCGA-A2-A3KC-01Z-00-DX1,35.497192078715,7.3406856876116,7
1_#_BRCA_00103_TCGA-A2-A3KC-01Z-00-DX1,-1.06249594634114,20.8335998978409,1
2_#_BRCA_00103_TCGA-A2-A3KC-01Z-00-DX1,-18.3530917081238,19.3153252411338,5
3_#_BRCA_00103_TCGA-A2-A3KC-01Z-00-DX1,23.6029322234069,-11.5032990701164,4
4_#_BRCA_00103_TCGA-A2-A3KC-01Z-00-DX1,-19.1433815461281,23.7702030692453,5
5_#_BRCA_00103_TCGA-A2-A3KC-01Z-00-DX1,32.9959873198894,15.7093750876637,7
0_#_BRCA_00104_TCGA-A2-A3KD-01Z-00-DX1,19.2372322575922,-13.5682700228528,4
1_#_BRCA_00104_TCGA-A2-A3KD-01Z-00-DX1,0.425113135559874,-29.8332569760469,9
4_#_BRCA_00104_TCGA-A2-A3KD-01Z-00-DX1,0.0895403398325153,-29.994692634866,2
5_#_BRCA_00104_TCGA-A2-A3KD-01Z-00-DX1,2.81505123884844,-18.6347078958364,9
2_#_BRCA_00104_TCGA-A2-A3KD-01Z-00-DX1,-5.20882255042662,-12.3670484750485,2
8_#_BRCA_00104_TCGA-A2-A3KD-01Z-00-DX1,1.05253923999803,-29.3608701015259,9
3_#_BRCA_00104_TCGA-A2-A3KD-01Z-00-DX1,0.748265925586237,-29.7299085565905,9
7_#_BRCA_00104_TCGA-A2-A3KD-01Z-00-DX1,0.39043245078734,-30.1689997185898,9
6_#_BRCA_00104_TCGA-A2-A3KD-01Z-00-DX1,28.2368672127526,-3.41356140302407,4
1_#_BRCA_00105_TCGA-A2-A3XS-01Z-00-DX1,10.1029627752732,-2.95139814457054,10
0_#_BRCA_00105_TCGA-A2-A3XS-01Z-00-DX1,9.75563282930224,-3.56571581294185,2
3_#_BRCA_00105_TCGA-A2-A3XS-01Z-00-DX1,28.2404240450493,-7.74738686534233,4
2_#_BRCA_00105_TCGA-A2-A3XS-01Z-00-DX1,9.77892946183694,-2.85033714317642,10
4_#_BRCA_00105_TCGA-A2-A3XS-01Z-00-DX1,10.017520587405,-3.02126426085218,10
5_#_BRCA_00105_TCGA-A2-A3XS-01Z-00-DX1,10.0918577896878,-3.00226353095865,10
1_#_BRCA_00106_TCGA-A2-A3XT-01Z-00-DX1,22.9170776610949,-4.15421269195454,4
0_#_BRCA_00106_TCGA-A2-A3XT-01Z-00-DX1,-14.6006618490757,-27.6313846046013,2
4_#_BRCA_00106_TCGA-A2-A3XT-01Z-00-DX1,-13.4004204035604,-18.9321058789514,2
5_#_BRCA_00106_TCGA-A2-A3XT-01Z-00-DX1,6.46252694237046,3.17653603254225,6
2_#_BRCA_00106_TCGA-A2-A3XT-01Z-00-DX1,29.0876211492372,-1.48827899926783,4
3_#_BRCA_00106_TCGA-A2-A3XT-01Z-00-DX1,-14.5631987519515,-27.7143246289804,2
7_#_BRCA_00106_TCGA-A2-A3XT-01Z-00-DX1,-14.5750563134209,-27.6905319338594,2
6_#_BRCA_00106_TCGA-A2-A3XT-01Z-00-DX1,-3.08118404699897,-13.4857218972827,2
0_#_BRCA_00107_TCGA-A2-A3XU-01Z-00-DX1,-18.4737620498978,-2.00540417636482,2
3_#_BRCA_00107_TCGA-A2-A3XU-01Z-00-DX1,-7.11269389397458,-27.5610592319092,2
1_#_BRCA_00107_TCGA-A2-A3XU-01Z-00-DX1,26.8430772955911,14.1425239977032,7
2_#_BRCA_00107_TCGA-A2-A3XU-01Z-00-DX1,-14.3110923934806,-26.1861466970656,2
4_#_BRCA_00107_TCGA-A2-A3XU-01Z-00-DX1,-14.2776343064525,-26.885584987815,2
5_#_BRCA_00107_TCGA-A2-A3XU-01Z-00-DX1,22.5530548615246,-1.44055300935431,4
6_#_BRCA_00107_TCGA-A2-A3XU-01Z-00-DX1,27.0417580849492,-22.5376009879913,4
0_#_BRCA_00108_TCGA-A2-A3XV-01Z-00-DX1,-23.9994631509583,7.95591369893499,5
3_#_BRCA_00108_TCGA-A2-A3XV-01Z-00-DX1,-23.7135953149094,7.41681038659199,5
2_#_BRCA_00108_TCGA-A2-A3XV-01Z-00-DX1,-24.0543334903906,7.590562868912,5
1_#_BRCA_00108_TCGA-A2-A3XV-01Z-00-DX1,-23.6136531326254,7.50988541253771,5
5_#_BRCA_00108_TCGA-A2-A3XV-01Z-00-DX1,-24.266351748902,8.25005041977902,5
6_#_BRCA_00108_TCGA-A2-A3XV-01Z-00-DX1,-15.0020835964358,29.6886185172552,6
4_#_BRCA_00108_TCGA-A2-A3XV-01Z-00-DX1,-6.6495300074499,0.142120201034175,6
0_#_BRCA_00109_TCGA-A2-A3XW-01Z-00-DX1,28.0450825341111,4.2884959208428,1
1_#_BRCA_00109_TCGA-A2-A3XW-01Z-00-DX1,-7.37619426028844,13.1149730647366,5
3_#_BRCA_00109_TCGA-A2-A3XW-01Z-00-DX1,-19.2006513768274,-0.644146509899045,5
5_#_BRCA_00109_TCGA-A2-A3XW-01Z-00-DX1,-18.4241229093419,-1.83668970588803,2
2_#_BRCA_00109_TCGA-A2-A3XW-01Z-00-DX1,-18.5156880942415,-1.75955318206107,2
6_#_BRCA_00109_TCGA-A2-A3XW-01Z-00-DX1,32.7199671506732,1.47701290824528,4
4_#_BRCA_00109_TCGA-A2-A3XW-01Z-00-DX1,-19.0977232761873,-0.675635833115272,2
7_#_BRCA_00109_TCGA-A2-A3XW-01Z-00-DX1,-12.1876589427381,-26.5133725301059,2
2_#_BRCA_00110_TCGA-A2-A3XX-01Z-00-DX1,-18.3427623773927,-1.17695613482519,2
3_#_BRCA_00110_TCGA-A2-A3XX-01Z-00-DX1,-18.367871926503,-1.14284175695079,2
1_#_BRCA_00110_TCGA-A2-A3XX-01Z-00-DX1,30.861758002601,-10.9640315715366,4
4_#_BRCA_00110_TCGA-A2-A3XX-01Z-00-DX1,30.4622547861422,-19.302724677393,4
5_#_BRCA_00110_TCGA-A2-A3XX-01Z-00-DX1,29.2684618568138,-1.64418833836498,10
0_#_BRCA_00110_TCGA-A2-A3XX-01Z-00-DX1,-8.44398425660281,3.28643764518348,6
6_#_BRCA_00110_TCGA-A2-A3XX-01Z-00-DX1,-18.4067936356265,-0.90424660202534,2
7_#_BRCA_00110_TCGA-A2-A3XX-01Z-00-DX1,30.8504986744814,-11.1074361297831,4
1_#_BRCA_00111_TCGA-A2-A3XY-01Z-00-DX1,-4.12291527691096,-16.9705344982241,2
4_#_BRCA_00111_TCGA-A2-A3XY-01Z-00-DX1,-4.51297531180141,-17.1648928847297,2
0_#_BRCA_00111_TCGA-A2-A3XY-01Z-00-DX1,-4.41360660523637,-17.6025082878636,2
2_#_BRCA_00111_TCGA-A2-A3XY-01Z-00-DX1,-1.78874394282867,-18.2067081870861,9
3_#_BRCA_00111_TCGA-A2-A3XY-01Z-00-DX1,-4.72435200841438,-2.40283951959156,7
5_#_BRCA_00111_TCGA-A2-A3XY-01Z-00-DX1,11.597076713702,-7.0279776692846,4
6_#_BRCA_00111_TCGA-A2-A3XY-01Z-00-DX1,-4.34381795226232,-17.1633495350855,2
1_#_BRCA_00112_TCGA-A2-A3XZ-01Z-00-DX1,-24.1574174461709,16.5821548078261,5
2_#_BRCA_00112_TCGA-A2-A3XZ-01Z-00-DX1,-26.625499010357,10.1662274088293,5
0_#_BRCA_00112_TCGA-A2-A3XZ-01Z-00-DX1,8.72683738929127,24.9530858475163,1
3_#_BRCA_00112_TCGA-A2-A3XZ-01Z-00-DX1,35.6590475772772,7.25952763133592,7
5_#_BRCA_00112_TCGA-A2-A3XZ-01Z-00-DX1,-21.9255579627288,9.80738508152544,5
6_#_BRCA_00112_TCGA-A2-A3XZ-01Z-00-DX1,6.25323385940021,33.7256535239017,6
4_#_BRCA_00112_TCGA-A2-A3XZ-01Z-00-DX1,-26.6247624201422,10.3941769604745,5
7_#_BRCA_00112_TCGA-A2-A3XZ-01Z-00-DX1,5.66807129213902,1.41351540794446,1
1_#_BRCA_00113_TCGA-A2-A3Y0-01Z-00-DX1,-13.3801188869019,-28.104312721893,2
2_#_BRCA_00113_TCGA-A2-A3Y0-01Z-00-DX1,-21.8158498418508,-8.05517483759636,2
0_#_BRCA_00113_TCGA-A2-A3Y0-01Z-00-DX1,19.0879617699535,3.53967982852249,7
3_#_BRCA_00113_TCGA-A2-A3Y0-01Z-00-DX1,-10.4783151498704,-9.3631473669937,7
6_#_BRCA_00113_TCGA-A2-A3Y0-01Z-00-DX1,12.3014151307109,-1.63610158391096,7
4_#_BRCA_00113_TCGA-A2-A3Y0-01Z-00-DX1,12.5488769310196,-2.6070053388197,7
5_#_BRCA_00113_TCGA-A2-A3Y0-01Z-00-DX1,-12.2668474391809,27.5232751949744,6
1_#_BRCA_00114_TCGA-A2-A4RW-01Z-00-DX1,-0.879481220311467,20.7269802600813,1
0_#_BRCA_00114_TCGA-A2-A4RW-01Z-00-DX1,26.7156188871505,19.6892943463391,7
6_#_BRCA_00114_TCGA-A2-A4RW-01Z-00-DX1,27.3860999851037,20.043787495923,7
4_#_BRCA_00114_TCGA-A2-A4RW-01Z-00-DX1,-0.564837725366711,20.695046008783,1
3_#_BRCA_00114_TCGA-A2-A4RW-01Z-00-DX1,20.926944510204,9.31251389135133,4
2_#_BRCA_00114_TCGA-A2-A4RW-01Z-00-DX1,-18.6690123363324,23.7778360080039,5
5_#_BRCA_00114_TCGA-A2-A4RW-01Z-00-DX1,2.01093199760338,21.961699768175,1
1_#_BRCA_00115_TCGA-A2-A4RX-01Z-00-DX1,26.2342364971311,-15.3712570737372,4
0_#_BRCA_00115_TCGA-A2-A4RX-01Z-00-DX1,-22.1404626663454,4.77789129392331,5
2_#_BRCA_00115_TCGA-A2-A4RX-01Z-00-DX1,25.6848148179156,18.5687432668019,7
3_#_BRCA_00115_TCGA-A2-A4RX-01Z-00-DX1,-17.2488928602586,17.1054194831149,5
5_#_BRCA_00115_TCGA-A2-A4RX-01Z-00-DX1,20.6397151093592,2.0203264182827,6
4_#_BRCA_00115_TCGA-A2-A4RX-01Z-00-DX1,-4.94577431040252,-17.3912440316445,2
0_#_BRCA_00116_TCGA-A2-A4RY-01Z-00-DX1,35.8419246241665,8.2754976033218,7
1_#_BRCA_00116_TCGA-A2-A4RY-01Z-00-DX1,-19.5051433916117,19.0388010854613,5
2_#_BRCA_00116_TCGA-A2-A4RY-01Z-00-DX1,26.654333381202,20.2914478178602,7
4_#_BRCA_00116_TCGA-A2-A4RY-01Z-00-DX1,17.5054393574389,-12.6761811043429,4
3_#_BRCA_00116_TCGA-A2-A4RY-01Z-00-DX1,36.0346685755523,7.16059807793706,7
5_#_BRCA_00116_TCGA-A2-A4RY-01Z-00-DX1,18.2198868024129,-7.54488935552108,7
6_#_BRCA_00116_TCGA-A2-A4RY-01Z-00-DX1,-6.85575868983684,8.23838317001757,5
0_#_BRCA_00117_TCGA-A2-A4S0-01Z-00-DX1,-2.70442514174186,-31.5127962920456,9
1_#_BRCA_00117_TCGA-A2-A4S0-01Z-00-DX1,-1.48407903288319,-29.660130124467,9
5_#_BRCA_00117_TCGA-A2-A4S0-01Z-00-DX1,-2.50497419754277,-31.4617654902446,9
3_#_BRCA_00117_TCGA-A2-A4S0-01Z-00-DX1,-2.82735794087241,-31.5233731493453,9
4_#_BRCA_00117_TCGA-A2-A4S0-01Z-00-DX1,-6.70925353446596,8.20666420068455,5
2_#_BRCA_00117_TCGA-A2-A4S0-01Z-00-DX1,-20.7718404093537,11.6030040392653,5
0_#_BRCA_00118_TCGA-A2-A4S1-01Z-00-DX1,-8.96658358218575,16.5918500950749,1
1_#_BRCA_00118_TCGA-A2-A4S1-01Z-00-DX1,-3.21406507153257,22.9978413691539,1
2_#_BRCA_00118_TCGA-A2-A4S1-01Z-00-DX1,25.2983871837282,-7.99678365930401,4
3_#_BRCA_00118_TCGA-A2-A4S1-01Z-00-DX1,24.7237930653694,11.8133086852717,7
4_#_BRCA_00118_TCGA-A2-A4S1-01Z-00-DX1,-16.5348916664206,3.19982497998166,9
5_#_BRCA_00118_TCGA-A2-A4S1-01Z-00-DX1,-20.0406834521582,12.7801217095267,5
0_#_BRCA_00119_TCGA-A2-A4S2-01Z-00-DX1,27.1936915942886,20.6289185893078,7
3_#_BRCA_00119_TCGA-A2-A4S2-01Z-00-DX1,-14.3750400512266,8.86492796279752,5
2_#_BRCA_00119_TCGA-A2-A4S2-01Z-00-DX1,26.5190092933381,19.6271996427956,7
1_#_BRCA_00119_TCGA-A2-A4S2-01Z-00-DX1,-17.8308084875311,15.8637572098369,5
4_#_BRCA_00119_TCGA-A2-A4S2-01Z-00-DX1,13.6786752289926,-3.40653372932958,5
5_#_BRCA_00119_TCGA-A2-A4S2-01Z-00-DX1,-16.2438654881825,20.9987569207971,5
0_#_BRCA_00120_TCGA-A2-A4S3-01Z-00-DX1,-18.3193948655204,18.7517687651438,5
2_#_BRCA_00120_TCGA-A2-A4S3-01Z-00-DX1,-19.7882668440745,18.7391708619959,5
1_#_BRCA_00120_TCGA-A2-A4S3-01Z-00-DX1,-23.9138551468237,17.730130879064,5
5_#_BRCA_00120_TCGA-A2-A4S3-01Z-00-DX1,-24.1106878121557,17.8033877232601,5
4_#_BRCA_00120_TCGA-A2-A4S3-01Z-00-DX1,19.4459992556791,-9.16167295848624,4
3_#_BRCA_00120_TCGA-A2-A4S3-01Z-00-DX1,35.8199397424689,8.13782521798131,7
1_#_BRCA_00121_TCGA-A7-A0CD-01Z-00-DX1,-19.7883633667927,-11.39555922185,2
2_#_BRCA_00121_TCGA-A7-A0CD-01Z-00-DX1,-14.36037977479,33.5952764697742,6
0_#_BRCA_00121_TCGA-A7-A0CD-01Z-00-DX1,-16.2321526713589,-13.5458971322985,2
3_#_BRCA_00121_TCGA-A7-A0CD-01Z-00-DX1,-19.8506786809316,-11.3935404667711,2
6_#_BRCA_00121_TCGA-A7-A0CD-01Z-00-DX1,-11.5493267209235,27.5332518270416,6
4_#_BRCA_00121_TCGA-A7-A0CD-01Z-00-DX1,28.3443092173341,7.39407997463375,7
5_#_BRCA_00121_TCGA-A7-A0CD-01Z-00-DX1,33.1964074321806,18.5271865446247,7
0_#_BRCA_00123_TCGA-A7-A0CE-01Z-00-DX1,-25.8744172731199,-1.77463325255635,2
1_#_BRCA_00123_TCGA-A7-A0CE-01Z-00-DX1,-26.2932373288339,-1.9316619456998,2
2_#_BRCA_00123_TCGA-A7-A0CE-01Z-00-DX1,-25.8741796200831,-1.80976605644064,2
3_#_BRCA_00123_TCGA-A7-A0CE-01Z-00-DX1,-5.17399143925682,10.427316323969,5
4_#_BRCA_00123_TCGA-A7-A0CE-01Z-00-DX1,-25.7892261688582,-1.73729131363109,2
5_#_BRCA_00123_TCGA-A7-A0CE-01Z-00-DX1,-26.4910990242743,4.4063926111897,2
4_#_BRCA_00124_TCGA-A7-A0CE-01Z-00-DX2,-5.14770762012034,10.3858215004065,5
1_#_BRCA_00124_TCGA-A7-A0CE-01Z-00-DX2,-25.7879282990572,-1.76467144662688,2
3_#_BRCA_00124_TCGA-A7-A0CE-01Z-00-DX2,-23.3452079991211,2.42263982242286,5
2_#_BRCA_00124_TCGA-A7-A0CE-01Z-00-DX2,-26.4540121165005,-1.90931554171246,2
6_#_BRCA_00124_TCGA-A7-A0CE-01Z-00-DX2,-26.0135382855794,-1.85633706391253,2
0_#_BRCA_00124_TCGA-A7-A0CE-01Z-00-DX2,-26.1991932792058,-1.91478050358624,2
5_#_BRCA_00124_TCGA-A7-A0CE-01Z-00-DX2,-25.9294234271047,-1.88749467148408,2
2_#_BRCA_00125_TCGA-A7-A0CG-01Z-00-DX1,29.9069203336846,0.937059873903141,7
3_#_BRCA_00125_TCGA-A7-A0CG-01Z-00-DX1,23.7129388493908,19.0581139504404,7
1_#_BRCA_00125_TCGA-A7-A0CG-01Z-00-DX1,4.02827015467395,1.89348185640377,7
4_#_BRCA_00125_TCGA-A7-A0CG-01Z-00-DX1,-8.95922429730985,38.3494404548359,6
0_#_BRCA_00125_TCGA-A7-A0CG-01Z-00-DX1,-9.28164728846846,37.7041111279177,6
5_#_BRCA_00125_TCGA-A7-A0CG-01Z-00-DX1,30.0496259980668,0.681075720618772,7
6_#_BRCA_00125_TCGA-A7-A0CG-01Z-00-DX1,-3.75470180147836,4.37247562158425,6
4_#_BRCA_00126_TCGA-A7-A0CG-01Z-00-DX2,1.87771540201577,34.4663659225146,6
0_#_BRCA_00126_TCGA-A7-A0CG-01Z-00-DX2,-9.04835465767156,37.9110224462736,6
5_#_BRCA_00126_TCGA-A7-A0CG-01Z-00-DX2,-16.9204584174928,29.3866965038356,6
1_#_BRCA_00126_TCGA-A7-A0CG-01Z-00-DX2,-16.1249978693068,28.2576028572479,6
6_#_BRCA_00126_TCGA-A7-A0CG-01Z-00-DX2,-9.20212777166542,37.8801406551519,6
2_#_BRCA_00126_TCGA-A7-A0CG-01Z-00-DX2,34.9709553452566,18.9336685378366,7
3_#_BRCA_00126_TCGA-A7-A0CG-01Z-00-DX2,-13.8061273562418,28.7110755514276,6
0_#_BRCA_00127_TCGA-A7-A0CH-01Z-00-DX1,-23.3374553595715,15.5456666427716,5
4_#_BRCA_00127_TCGA-A7-A0CH-01Z-00-DX1,-25.3656948571754,8.68412892714305,5
2_#_BRCA_00127_TCGA-A7-A0CH-01Z-00-DX1,-6.47315135471373,-14.2425212030093,5
1_#_BRCA_00127_TCGA-A7-A0CH-01Z-00-DX1,20.6601434556074,10.8651967793131,7
6_#_BRCA_00127_TCGA-A7-A0CH-01Z-00-DX1,-25.0966384464897,17.1112371254498,5
3_#_BRCA_00127_TCGA-A7-A0CH-01Z-00-DX1,-22.619670999266,6.94463173826367,5
5_#_BRCA_00127_TCGA-A7-A0CH-01Z-00-DX1,-21.493821553852,12.1699343337699,5
0_#_BRCA_00128_TCGA-A7-A0CH-01Z-00-DX2,-24.9019539385167,16.7377116763921,5
3_#_BRCA_00128_TCGA-A7-A0CH-01Z-00-DX2,-24.273346535442,8.63602429938099,5
2_#_BRCA_00128_TCGA-A7-A0CH-01Z-00-DX2,-6.5198437502486,-15.0899097214276,5
1_#_BRCA_00128_TCGA-A7-A0CH-01Z-00-DX2,-5.25825235532036,-20.4707473792316,2
4_#_BRCA_00128_TCGA-A7-A0CH-01Z-00-DX2,-24.6658479540531,8.03556978491677,5
5_#_BRCA_00128_TCGA-A7-A0CH-01Z-00-DX2,-23.7812984592548,8.87228520449823,5
0_#_BRCA_00129_TCGA-A7-A0CJ-01Z-00-DX1,-1.4022143686316,8.00803744840512,5
3_#_BRCA_00129_TCGA-A7-A0CJ-01Z-00-DX1,-1.37178035210393,8.08190545011811,5
2_#_BRCA_00129_TCGA-A7-A0CJ-01Z-00-DX1,13.5228729171645,-3.56030069920373,5
6_#_BRCA_00129_TCGA-A7-A0CJ-01Z-00-DX1,20.3272798012137,12.9289270031614,5
5_#_BRCA_00129_TCGA-A7-A0CJ-01Z-00-DX1,-6.00535236996741,-24.2261572581689,2
7_#_BRCA_00129_TCGA-A7-A0CJ-01Z-00-DX1,-1.59460358136739,8.14271153936127,5
4_#_BRCA_00129_TCGA-A7-A0CJ-01Z-00-DX1,-9.06358562346897,-11.3608055882739,5
1_#_BRCA_00129_TCGA-A7-A0CJ-01Z-00-DX1,16.8873111543449,-4.21994907582628,4
0_#_BRCA_00130_TCGA-A7-A0CJ-01Z-00-DX2,-22.2580006392786,3.60287092315931,5
3_#_BRCA_00130_TCGA-A7-A0CJ-01Z-00-DX2,-29.2256814549906,12.2973398701645,5
1_#_BRCA_00130_TCGA-A7-A0CJ-01Z-00-DX2,-26.7514639160286,-2.24471985194794,2
2_#_BRCA_00130_TCGA-A7-A0CJ-01Z-00-DX2,-25.5786246097385,8.09416400608036,5
5_#_BRCA_00130_TCGA-A7-A0CJ-01Z-00-DX2,-23.0883936122419,2.94212296135572,5
4_#_BRCA_00130_TCGA-A7-A0CJ-01Z-00-DX2,-27.1224967173043,-2.54126045648533,2
6_#_BRCA_00130_TCGA-A7-A0CJ-01Z-00-DX2,-27.1650297546847,-2.47114059235292,2
8_#_BRCA_00130_TCGA-A7-A0CJ-01Z-00-DX2,-26.8148694832901,-2.27700048481562,2
7_#_BRCA_00130_TCGA-A7-A0CJ-01Z-00-DX2,19.9322039979611,12.0049378252491,5
9_#_BRCA_00130_TCGA-A7-A0CJ-01Z-00-DX2,-27.0221376219915,11.7205470550106,5
3_#_BRCA_00131_TCGA-A7-A0D9-01Z-00-DX1,3.15536319473716,33.5675782848837,6
2_#_BRCA_00131_TCGA-A7-A0D9-01Z-00-DX1,13.7246022466688,-4.00082719194459,5
1_#_BRCA_00131_TCGA-A7-A0D9-01Z-00-DX1,23.7612091314972,5.93736508500885,7
0_#_BRCA_00131_TCGA-A7-A0D9-01Z-00-DX1,-13.5046168260606,25.4085376629926,6
4_#_BRCA_00131_TCGA-A7-A0D9-01Z-00-DX1,-4.65306678980253,10.679736031656,5
6_#_BRCA_00131_TCGA-A7-A0D9-01Z-00-DX1,-11.6648947392286,27.8316704384713,6
5_#_BRCA_00131_TCGA-A7-A0D9-01Z-00-DX1,-19.3393785489076,15.4839831676828,5
0_#_BRCA_00132_TCGA-A7-A0D9-01Z-00-DX2,-18.7190738951236,27.3471109558134,6
1_#_BRCA_00132_TCGA-A7-A0D9-01Z-00-DX2,-16.3955554481379,21.0892982918415,5
2_#_BRCA_00132_TCGA-A7-A0D9-01Z-00-DX2,-5.7508896659744,10.9281456483616,7
4_#_BRCA_00132_TCGA-A7-A0D9-01Z-00-DX2,7.55172773462568,32.8322593159343,7
5_#_BRCA_00132_TCGA-A7-A0D9-01Z-00-DX2,-7.18279031752586,12.7382658558486,7
3_#_BRCA_00132_TCGA-A7-A0D9-01Z-00-DX2,-13.3763589252278,25.6439314857692,6
6_#_BRCA_00132_TCGA-A7-A0D9-01Z-00-DX2,18.6111108916064,9.0589289800587,7
0_#_BRCA_00133_TCGA-A7-A0DA-01Z-00-DX1,22.6916976263695,11.8595628909672,7
1_#_BRCA_00133_TCGA-A7-A0DA-01Z-00-DX1,-24.6369188038807,6.64372415944388,5
2_#_BRCA_00133_TCGA-A7-A0DA-01Z-00-DX1,-24.6808136320522,6.60181479198507,5
3_#_BRCA_00133_TCGA-A7-A0DA-01Z-00-DX1,-23.7262436844822,6.46004900426473,5
4_#_BRCA_00133_TCGA-A7-A0DA-01Z-00-DX1,-25.6179764646455,8.07821343080882,5
5_#_BRCA_00133_TCGA-A7-A0DA-01Z-00-DX1,-24.4334583394714,6.15970459609955,5
6_#_BRCA_00133_TCGA-A7-A0DA-01Z-00-DX1,-26.4044356500521,4.13383032542131,2
7_#_BRCA_00133_TCGA-A7-A0DA-01Z-00-DX1,22.3025927545612,-9.85319549131951,4
2_#_BRCA_00134_TCGA-A7-A0DA-01Z-00-DX2,-26.3551075405271,4.32658723157064,2
0_#_BRCA_00134_TCGA-A7-A0DA-01Z-00-DX2,15.355968618706,-3.92514502691343,4
1_#_BRCA_00134_TCGA-A7-A0DA-01Z-00-DX2,-27.3562532430217,11.5619743501965,5
6_#_BRCA_00134_TCGA-A7-A0DA-01Z-00-DX2,-25.3341207046157,8.77399101808356,5
4_#_BRCA_00134_TCGA-A7-A0DA-01Z-00-DX2,-26.0341349588723,19.3550619274401,5
3_#_BRCA_00134_TCGA-A7-A0DA-01Z-00-DX2,-21.041846663856,-9.08973625929114,9
5_#_BRCA_00134_TCGA-A7-A0DA-01Z-00-DX2,-21.5059613990239,22.6260801376459,5
7_#_BRCA_00134_TCGA-A7-A0DA-01Z-00-DX2,-4.74896898789763,8.54085671782143,5
0_#_BRCA_00135_TCGA-A7-A0DB-01Z-00-DX1,13.6053025446004,-3.47253715473711,5
1_#_BRCA_00135_TCGA-A7-A0DB-01Z-00-DX1,-18.6796116971387,12.6895575899648,5
4_#_BRCA_00135_TCGA-A7-A0DB-01Z-00-DX1,-19.1361716025275,17.3186451988228,5
2_#_BRCA_00135_TCGA-A7-A0DB-01Z-00-DX1,-3.60331316090782,11.5327297974075,5
3_#_BRCA_00135_TCGA-A7-A0DB-01Z-00-DX1,-10.4450326168447,9.88972882134666,5
5_#_BRCA_00135_TCGA-A7-A0DB-01Z-00-DX1,9.12422645950634,31.1114296132465,6
6_#_BRCA_00135_TCGA-A7-A0DB-01Z-00-DX1,14.2863144779166,-5.80789494435869,5
7_#_BRCA_00135_TCGA-A7-A0DB-01Z-00-DX1,-2.15006167564014,12.8062826845219,5
0_#_BRCA_00136_TCGA-A7-A0DB-01Z-00-DX2,-18.6309860656132,12.7034172756194,5
3_#_BRCA_00136_TCGA-A7-A0DB-01Z-00-DX2,-22.1649457995674,21.0326103043191,5
6_#_BRCA_00136_TCGA-A7-A0DB-01Z-00-DX2,-19.7835622371503,18.3038168687313,5
1_#_BRCA_00136_TCGA-A7-A0DB-01Z-00-DX2,-19.8890730297814,18.5744152864979,5
2_#_BRCA_00136_TCGA-A7-A0DB-01Z-00-DX2,-19.6083708000922,17.9336482251807,5
4_#_BRCA_00136_TCGA-A7-A0DB-01Z-00-DX2,-19.4386801353397,17.6000007536005,5
5_#_BRCA_00136_TCGA-A7-A0DB-01Z-00-DX2,-18.554467412994,12.4539945082378,5
0_#_BRCA_00137_TCGA-A7-A0DC-01Z-00-DX1,-16.4701961480562,-20.2160821298243,2
1_#_BRCA_00137_TCGA-A7-A0DC-01Z-00-DX1,-16.4471579162143,-20.0822288951412,2
3_#_BRCA_00137_TCGA-A7-A0DC-01Z-00-DX1,-2.8783831157004,-14.4257149418281,2
4_#_BRCA_00137_TCGA-A7-A0DC-01Z-00-DX1,-2.49731655922724,-33.5013362093096,2
5_#_BRCA_00137_TCGA-A7-A0DC-01Z-00-DX1,-2.78248550944446,-14.1077994177822,2
2_#_BRCA_00137_TCGA-A7-A0DC-01Z-00-DX1,-3.41108164297475,-15.598332061517,2
6_#_BRCA_00137_TCGA-A7-A0DC-01Z-00-DX1,-2.39760034011571,-11.9913277950431,5
0_#_BRCA_00138_TCGA-A7-A0DC-01Z-00-DX2,-7.13338277066631,-23.5617779073847,2
1_#_BRCA_00138_TCGA-A7-A0DC-01Z-00-DX2,-2.82861516477585,-15.7141685724071,5
2_#_BRCA_00138_TCGA-A7-A0DC-01Z-00-DX2,-16.5447941171652,-20.2412971633487,2
3_#_BRCA_00138_TCGA-A7-A0DC-01Z-00-DX2,-2.52820970429012,-15.5876679071982,5
4_#_BRCA_00138_TCGA-A7-A0DC-01Z-00-DX2,-2.49875520383066,-16.0677562295078,5
5_#_BRCA_00138_TCGA-A7-A0DC-01Z-00-DX2,-15.9464017822302,-20.2868850932094,2
0_#_BRCA_00139_TCGA-A7-A13D-01Z-00-DX1,-19.3828105448441,15.5271340619466,5
1_#_BRCA_00139_TCGA-A7-A13D-01Z-00-DX1,-19.8454893339261,2.84810168968891,5
3_#_BRCA_00139_TCGA-A7-A13D-01Z-00-DX1,-22.8979589259677,18.0751487917399,5
6_#_BRCA_00139_TCGA-A7-A13D-01Z-00-DX1,-20.0492046130108,2.21223674022847,9
5_#_BRCA_00139_TCGA-A7-A13D-01Z-00-DX1,-19.2502643922096,15.3332936899798,5
4_#_BRCA_00139_TCGA-A7-A13D-01Z-00-DX1,-19.8878403130671,2.63948103848101,5
2_#_BRCA_00139_TCGA-A7-A13D-01Z-00-DX1,-18.9822599980581,3.78178875297398,9
0_#_BRCA_00140_TCGA-A7-A13D-01Z-00-DX2,-20.1327210453775,1.9720669074176,9
2_#_BRCA_00140_TCGA-A7-A13D-01Z-00-DX2,-20.2010635505095,2.05261673653524,9
1_#_BRCA_00140_TCGA-A7-A13D-01Z-00-DX2,-19.4864229979105,14.9476358792705,5
4_#_BRCA_00140_TCGA-A7-A13D-01Z-00-DX2,-20.1158924023747,2.16219124006549,9
3_#_BRCA_00140_TCGA-A7-A13D-01Z-00-DX2,-20.1374603404709,1.84181882451149,9
5_#_BRCA_00140_TCGA-A7-A13D-01Z-00-DX2,-20.2434990325342,2.02022663713934,9
6_#_BRCA_00140_TCGA-A7-A13D-01Z-00-DX2,-0.893087204431294,-26.6570950112661,9
0_#_BRCA_00141_TCGA-A7-A13E-01Z-00-DX1,-24.6001492758075,18.9481051217054,5
4_#_BRCA_00141_TCGA-A7-A13E-01Z-00-DX1,-24.8630960860002,16.8769997235034,5
2_#_BRCA_00141_TCGA-A7-A13E-01Z-00-DX1,-27.4052943564531,-2.54190277041865,2
6_#_BRCA_00141_TCGA-A7-A13E-01Z-00-DX1,-29.5283755024209,10.4880646579359,2
3_#_BRCA_00141_TCGA-A7-A13E-01Z-00-DX1,-20.0751454736093,21.5789513696813,5
1_#_BRCA_00141_TCGA-A7-A13E-01Z-00-DX1,-24.6757510196291,9.09261807143663,5
5_#_BRCA_00141_TCGA-A7-A13E-01Z-00-DX1,-29.5187397568871,10.4099311567401,2
0_#_BRCA_00142_TCGA-A7-A13E-01Z-00-DX2,-20.4185522438934,-10.8934257522178,2
3_#_BRCA_00142_TCGA-A7-A13E-01Z-00-DX2,-27.2247272501296,-2.83749220308163,2
1_#_BRCA_00142_TCGA-A7-A13E-01Z-00-DX2,16.9745968265586,-16.0601514596989,4
2_#_BRCA_00142_TCGA-A7-A13E-01Z-00-DX2,-27.3317936015326,-2.84300300644615,2
5_#_BRCA_00142_TCGA-A7-A13E-01Z-00-DX2,-27.5050538372774,-3.01980450078424,2
4_#_BRCA_00142_TCGA-A7-A13E-01Z-00-DX2,-33.2721173365366,4.13350069176559,2
6_#_BRCA_00142_TCGA-A7-A13E-01Z-00-DX2,0.515408491093758,34.7968327640791,6
0_#_BRCA_00143_TCGA-A7-A13F-01Z-00-DX1,-9.59093867834447,5.6443370684976,1
3_#_BRCA_00143_TCGA-A7-A13F-01Z-00-DX1,-15.6332409769073,13.6359148612954,5
2_#_BRCA_00143_TCGA-A7-A13F-01Z-00-DX1,34.5442102549418,18.4453136575543,7
1_#_BRCA_00143_TCGA-A7-A13F-01Z-00-DX1,-20.2525445759996,21.2984317657369,5
6_#_BRCA_00143_TCGA-A7-A13F-01Z-00-DX1,-20.3666422620899,21.7734355270021,5
4_#_BRCA_00143_TCGA-A7-A13F-01Z-00-DX1,-21.1423661130639,19.5390066760772,5
5_#_BRCA_00143_TCGA-A7-A13F-01Z-00-DX1,-9.80239642390078,28.1429522256808,5
0_#_BRCA_00144_TCGA-A7-A13F-01Z-00-DX2,-20.2025748545103,21.5554755136885,5
5_#_BRCA_00144_TCGA-A7-A13F-01Z-00-DX2,5.51870924907924,25.1994124430656,1
2_#_BRCA_00144_TCGA-A7-A13F-01Z-00-DX2,5.41048194867943,24.9864447931199,1
1_#_BRCA_00144_TCGA-A7-A13F-01Z-00-DX2,-9.75530240366961,28.0988595388863,5
4_#_BRCA_00144_TCGA-A7-A13F-01Z-00-DX2,5.35522655590201,25.2011479412267,1
3_#_BRCA_00144_TCGA-A7-A13F-01Z-00-DX2,5.5046875280207,26.8384365655055,1
2_#_BRCA_00145_TCGA-A7-A13G-01Z-00-DX1,-28.1089599269932,11.7014890899162,5
3_#_BRCA_00145_TCGA-A7-A13G-01Z-00-DX1,-27.8980154973571,11.2848931023681,5
0_#_BRCA_00145_TCGA-A7-A13G-01Z-00-DX1,-27.842051727143,11.2695496944767,5
1_#_BRCA_00145_TCGA-A7-A13G-01Z-00-DX1,-27.6206052520433,10.6405912125962,5
5_#_BRCA_00145_TCGA-A7-A13G-01Z-00-DX1,-28.3162235879531,11.8316909381454,5
6_#_BRCA_00145_TCGA-A7-A13G-01Z-00-DX1,-27.6190104426692,11.0686921816321,5
4_#_BRCA_00145_TCGA-A7-A13G-01Z-00-DX1,-6.61014895414981,8.19379762932844,5
2_#_BRCA_00146_TCGA-A7-A13G-01Z-00-DX2,-4.31027044187841,10.57801832681,5
1_#_BRCA_00146_TCGA-A7-A13G-01Z-00-DX2,-27.8523514395362,11.1915318743981,5
3_#_BRCA_00146_TCGA-A7-A13G-01Z-00-DX2,-28.1367737064853,11.7132531335323,5
0_#_BRCA_00146_TCGA-A7-A13G-01Z-00-DX2,-27.5472029604507,10.8456951695989,5
4_#_BRCA_00146_TCGA-A7-A13G-01Z-00-DX2,-27.3831852082876,10.9840702581624,5
4_#_BRCA_00147_TCGA-A7-A13H-01Z-00-DX1,-13.3128945612207,15.9756694862567,5
0_#_BRCA_00147_TCGA-A7-A13H-01Z-00-DX1,-13.0392275666256,15.7093056722804,5
1_#_BRCA_00147_TCGA-A7-A13H-01Z-00-DX1,-2.67681666393457,12.06036260214,1
2_#_BRCA_00147_TCGA-A7-A13H-01Z-00-DX1,-13.9686869383367,16.2719292974215,5
3_#_BRCA_00147_TCGA-A7-A13H-01Z-00-DX1,15.4630803115483,-3.94700668011591,4
5_#_BRCA_00147_TCGA-A7-A13H-01Z-00-DX1,-3.98676704085844,14.7310893837736,1
1_#_BRCA_00148_TCGA-A7-A13H-01Z-00-DX2,-4.66352024187374,7.74543847627307,5
0_#_BRCA_00148_TCGA-A7-A13H-01Z-00-DX2,-0.560308188157275,19.7258317771395,1
7_#_BRCA_00148_TCGA-A7-A13H-01Z-00-DX2,-19.898678205919,18.4022391858512,5
3_#_BRCA_00148_TCGA-A7-A13H-01Z-00-DX2,-1.20781609430037,20.8283727161486,1
2_#_BRCA_00148_TCGA-A7-A13H-01Z-00-DX2,-4.83892055188103,8.27090128993508,5
4_#_BRCA_00148_TCGA-A7-A13H-01Z-00-DX2,-23.1275090792237,15.8359857901548,5
6_#_BRCA_00148_TCGA-A7-A13H-01Z-00-DX2,-7.8696005527178,23.8014081698084,6
5_#_BRCA_00148_TCGA-A7-A13H-01Z-00-DX2,-4.55619679074041,7.69464585983673,5
0_#_BRCA_00149_TCGA-A7-A26E-01Z-00-DX1,-20.1110251611786,19.6175789889365,5
3_#_BRCA_00149_TCGA-A7-A26E-01Z-00-DX1,-19.3114265301854,18.6131499184088,5
4_#_BRCA_00149_TCGA-A7-A26E-01Z-00-DX1,-18.2203368190997,23.1314168277787,5
2_#_BRCA_00149_TCGA-A7-A26E-01Z-00-DX1,-18.3178918806473,23.238387843054,5
5_#_BRCA_00149_TCGA-A7-A26E-01Z-00-DX1,-19.9048954574911,23.275689269553,5
1_#_BRCA_00149_TCGA-A7-A26E-01Z-00-DX1,-10.1259929327475,31.7985897825866,6
6_#_BRCA_00149_TCGA-A7-A26E-01Z-00-DX1,-23.1104929962759,19.7906855815884,5
7_#_BRCA_00149_TCGA-A7-A26E-01Z-00-DX1,-22.128927765822,-28.4630932271135,9
0_#_BRCA_00150_TCGA-A7-A26F-01Z-00-DX1,-24.3139312838012,5.70471201966898,5
2_#_BRCA_00150_TCGA-A7-A26F-01Z-00-DX1,-23.8902145694687,5.76127933731539,5
1_#_BRCA_00150_TCGA-A7-A26F-01Z-00-DX1,-24.0682810841272,5.23583955158494,5
3_#_BRCA_00150_TCGA-A7-A26F-01Z-00-DX1,-24.0484447597254,6.06579037055742,5
5_#_BRCA_00150_TCGA-A7-A26F-01Z-00-DX1,-26.0255393623205,-2.22189256494861,2
4_#_BRCA_00150_TCGA-A7-A26F-01Z-00-DX1,-24.5195388726629,6.39825329370509,5
6_#_BRCA_00150_TCGA-A7-A26F-01Z-00-DX1,-24.1000554614665,5.61511067578893,5
7_#_BRCA_00150_TCGA-A7-A26F-01Z-00-DX1,-24.1952227042324,4.97709409702742,5
1_#_BRCA_00151_TCGA-A7-A26G-01Z-00-DX1,-0.312851396901172,23.1816046379771,1
3_#_BRCA_00151_TCGA-A7-A26G-01Z-00-DX1,0.0585154926167148,23.5093954688363,1
2_#_BRCA_00151_TCGA-A7-A26G-01Z-00-DX1,2.09582809572565,22.5743103351668,1
0_#_BRCA_00151_TCGA-A7-A26G-01Z-00-DX1,-12.4850475907828,3.05679844907997,1
4_#_BRCA_00151_TCGA-A7-A26G-01Z-00-DX1,-18.4567492690079,15.8575665320672,5
6_#_BRCA_00151_TCGA-A7-A26G-01Z-00-DX1,-13.1288661361507,3.58623704836113,6
5_#_BRCA_00151_TCGA-A7-A26G-01Z-00-DX1,-0.0882119994395603,23.3838030963425,1
8_#_BRCA_00151_TCGA-A7-A26G-01Z-00-DX1,-17.5256692686852,-3.15873373521145,2
7_#_BRCA_00151_TCGA-A7-A26G-01Z-00-DX1,20.1425569606808,-1.23040802218515,4
2_#_BRCA_00152_TCGA-A7-A26H-01Z-00-DX1,-12.9419818642743,34.8080477747111,6
1_#_BRCA_00152_TCGA-A7-A26H-01Z-00-DX1,-9.1375437666048,-10.057645418823,5
3_#_BRCA_00152_TCGA-A7-A26H-01Z-00-DX1,-21.0044443867551,23.6806420551045,6
0_#_BRCA_00152_TCGA-A7-A26H-01Z-00-DX1,-18.4573291767544,11.3062137310916,5
6_#_BRCA_00152_TCGA-A7-A26H-01Z-00-DX1,-9.11390917515753,-10.1663889056089,9
4_#_BRCA_00152_TCGA-A7-A26H-01Z-00-DX1,-17.5596013948326,21.3574381170873,5
5_#_BRCA_00152_TCGA-A7-A26H-01Z-00-DX1,-18.3705853372572,11.3951672947806,5
7_#_BRCA_00152_TCGA-A7-A26H-01Z-00-DX1,-9.20056543124415,-10.1862542000798,9
2_#_BRCA_00153_TCGA-A7-A26I-01Z-00-DX1,-22.7584241749267,21.5715025305306,5
4_#_BRCA_00153_TCGA-A7-A26I-01Z-00-DX1,-16.5261629950631,20.8985968812321,5
0_#_BRCA_00153_TCGA-A7-A26I-01Z-00-DX1,-21.3909575184697,23.2773695281718,6
1_#_BRCA_00153_TCGA-A7-A26I-01Z-00-DX1,-16.3234565307427,21.542329784162,5
5_#_BRCA_00153_TCGA-A7-A26I-01Z-00-DX1,-19.2379653923533,15.8203941810255,5
3_#_BRCA_00153_TCGA-A7-A26I-01Z-00-DX1,-23.1552040909785,19.905882664888,5
6_#_BRCA_00153_TCGA-A7-A26I-01Z-00-DX1,-17.3017498243962,-8.26274580295206,5
7_#_BRCA_00153_TCGA-A7-A26I-01Z-00-DX1,-23.2878642377145,20.9704567694827,5
2_#_BRCA_00154_TCGA-A7-A26J-01Z-00-DX1,-17.7501958858769,15.596787595679,5
1_#_BRCA_00154_TCGA-A7-A26J-01Z-00-DX1,-16.9720133307212,14.2280967172475,5
4_#_BRCA_00154_TCGA-A7-A26J-01Z-00-DX1,-16.5432128619903,13.674753422917,5
6_#_BRCA_00154_TCGA-A7-A26J-01Z-00-DX1,-20.8735124836491,8.37979440379393,5
0_#_BRCA_00154_TCGA-A7-A26J-01Z-00-DX1,-20.798136551428,8.46630720555699,5
3_#_BRCA_00154_TCGA-A7-A26J-01Z-00-DX1,-21.890149915478,22.2894259348596,5
5_#_BRCA_00154_TCGA-A7-A26J-01Z-00-DX1,-16.804605739359,14.4583964974962,5
5_#_BRCA_00155_TCGA-A7-A2KD-01Z-00-DX1,-13.3894622386622,15.8271635969287,5
2_#_BRCA_00155_TCGA-A7-A2KD-01Z-00-DX1,-19.2706307328109,10.4590210091542,5
1_#_BRCA_00155_TCGA-A7-A2KD-01Z-00-DX1,-23.7757148630873,15.0798427533597,5
0_#_BRCA_00155_TCGA-A7-A2KD-01Z-00-DX1,-19.294613302121,10.5996065855443,5
3_#_BRCA_00155_TCGA-A7-A2KD-01Z-00-DX1,-26.4006099702054,6.84181297602683,5
4_#_BRCA_00155_TCGA-A7-A2KD-01Z-00-DX1,-20.4889195578955,11.9587905154077,5
2_#_BRCA_00156_TCGA-A7-A3IY-01Z-00-DX1,3.86031531674078,-31.1860852349093,9
4_#_BRCA_00156_TCGA-A7-A3IY-01Z-00-DX1,3.25796625428784,-31.3511849523942,9
0_#_BRCA_00156_TCGA-A7-A3IY-01Z-00-DX1,4.10496104925996,-31.2724362212537,9
6_#_BRCA_00156_TCGA-A7-A3IY-01Z-00-DX1,-1.94877986023064,-30.9697548407284,9
3_#_BRCA_00156_TCGA-A7-A3IY-01Z-00-DX1,3.63791720696978,-30.8959269055604,9
5_#_BRCA_00156_TCGA-A7-A3IY-01Z-00-DX1,1.45137303471743,-28.1497496311223,9
7_#_BRCA_00156_TCGA-A7-A3IY-01Z-00-DX1,2.83337480037023,-31.4355698398886,9
1_#_BRCA_00156_TCGA-A7-A3IY-01Z-00-DX1,2.75384757489805,-31.57537710145,9
8_#_BRCA_00156_TCGA-A7-A3IY-01Z-00-DX1,3.31034212206485,-30.6953936714662,9
0_#_BRCA_00157_TCGA-A7-A3IZ-01Z-00-DX1,35.7190910996173,8.36652426628835,7
3_#_BRCA_00157_TCGA-A7-A3IZ-01Z-00-DX1,8.34239348438039,32.8364484909499,6
1_#_BRCA_00157_TCGA-A7-A3IZ-01Z-00-DX1,8.4789336475743,32.1649531834191,6
2_#_BRCA_00157_TCGA-A7-A3IZ-01Z-00-DX1,-20.8690474892882,23.8145523639385,6
5_#_BRCA_00157_TCGA-A7-A3IZ-01Z-00-DX1,9.35642868551487,31.095032729924,6
4_#_BRCA_00157_TCGA-A7-A3IZ-01Z-00-DX1,9.33000764937203,31.0594770367612,6
0_#_BRCA_00158_TCGA-A7-A3J0-01Z-00-DX1,30.2034870999173,1.9057838433974,7
1_#_BRCA_00158_TCGA-A7-A3J0-01Z-00-DX1,-12.8392934581302,-24.4617806757003,2
3_#_BRCA_00158_TCGA-A7-A3J0-01Z-00-DX1,-7.11051571614983,-10.1420378645117,2
2_#_BRCA_00158_TCGA-A7-A3J0-01Z-00-DX1,-23.0557824964575,-11.1407787872866,6
4_#_BRCA_00158_TCGA-A7-A3J0-01Z-00-DX1,-10.3390802847662,0.0795757922363373,2
5_#_BRCA_00158_TCGA-A7-A3J0-01Z-00-DX1,9.33885716906083,-4.94465873900755,4
0_#_BRCA_00159_TCGA-A7-A3J1-01Z-00-DX1,-19.9712866328041,23.4030135091055,5
5_#_BRCA_00159_TCGA-A7-A3J1-01Z-00-DX1,-19.7793375538927,22.8915457164792,5
4_#_BRCA_00159_TCGA-A7-A3J1-01Z-00-DX1,9.51646760890316,30.6194313556678,6
2_#_BRCA_00159_TCGA-A7-A3J1-01Z-00-DX1,-0.495985312902428,19.8365575939185,1
1_#_BRCA_00159_TCGA-A7-A3J1-01Z-00-DX1,35.5858550516816,7.11103423488135,7
3_#_BRCA_00159_TCGA-A7-A3J1-01Z-00-DX1,-19.8174076945605,24.3116613220946,5
1_#_BRCA_00160_TCGA-A7-A3RF-01Z-00-DX1,3.06587860084031,-30.366148186608,9
6_#_BRCA_00160_TCGA-A7-A3RF-01Z-00-DX1,3.83052093284723,-31.1094236416057,9
0_#_BRCA_00160_TCGA-A7-A3RF-01Z-00-DX1,-2.27001923695424,-30.9719915882264,2
2_#_BRCA_00160_TCGA-A7-A3RF-01Z-00-DX1,1.47069217357409,-28.0594220547228,5
4_#_BRCA_00160_TCGA-A7-A3RF-01Z-00-DX1,-3.04749055586167,-31.3384734930053,2
3_#_BRCA_00160_TCGA-A7-A3RF-01Z-00-DX1,-2.86305497531807,-31.3126227915419,2
5_#_BRCA_00160_TCGA-A7-A3RF-01Z-00-DX1,-22.7991583435032,8.28738279942357,5
1_#_BRCA_00161_TCGA-A7-A425-01Z-00-DX1,19.8684818878733,-10.159910828623,4
0_#_BRCA_00161_TCGA-A7-A425-01Z-00-DX1,24.1770475916504,-10.3515330922518,4
5_#_BRCA_00161_TCGA-A7-A425-01Z-00-DX1,22.1787478103551,-10.6600627164898,4
6_#_BRCA_00161_TCGA-A7-A425-01Z-00-DX1,19.3629938566614,-10.2010262718132,4
3_#_BRCA_00161_TCGA-A7-A425-01Z-00-DX1,22.2698051354733,-10.8619861550224,4
4_#_BRCA_00161_TCGA-A7-A425-01Z-00-DX1,20.4542212437757,-10.5525360954114,4
2_#_BRCA_00161_TCGA-A7-A425-01Z-00-DX1,22.1634220952868,-10.3642853333147,4
0_#_BRCA_00162_TCGA-A7-A426-01Z-00-DX1,14.9198683291855,14.9474971591692,1
2_#_BRCA_00162_TCGA-A7-A426-01Z-00-DX1,-0.69960050375659,13.5551995451985,1
1_#_BRCA_00162_TCGA-A7-A426-01Z-00-DX1,14.3028122295394,16.0984182814082,1
3_#_BRCA_00162_TCGA-A7-A426-01Z-00-DX1,15.0147993454969,14.8896072430458,4
5_#_BRCA_00162_TCGA-A7-A426-01Z-00-DX1,14.0378236392287,16.1347075138071,1
4_#_BRCA_00162_TCGA-A7-A426-01Z-00-DX1,9.49522624829754,30.4848419439243,1
6_#_BRCA_00162_TCGA-A7-A426-01Z-00-DX1,-2.86182353250467,11.9253741455577,5
1_#_BRCA_00163_TCGA-A7-A4SA-01Z-00-DX1,-18.1548373700338,19.4230151507089,1
0_#_BRCA_00163_TCGA-A7-A4SA-01Z-00-DX1,-22.5527063745537,20.4232861015265,5
3_#_BRCA_00163_TCGA-A7-A4SA-01Z-00-DX1,-21.8015949514883,9.48802416343237,5
2_#_BRCA_00163_TCGA-A7-A4SA-01Z-00-DX1,35.9512074012387,6.94219343337854,7
4_#_BRCA_00163_TCGA-A7-A4SA-01Z-00-DX1,11.7459713105226,30.1811721435528,1
0_#_BRCA_00164_TCGA-A7-A4SB-01Z-00-DX1,-4.27148056670676,10.7203935368802,5
2_#_BRCA_00164_TCGA-A7-A4SB-01Z-00-DX1,-2.80997855317996,23.0591861016681,1
4_#_BRCA_00164_TCGA-A7-A4SB-01Z-00-DX1,22.4757372093738,11.9389234366624,7
5_#_BRCA_00164_TCGA-A7-A4SB-01Z-00-DX1,-13.5633733620422,22.3232411278003,5
3_#_BRCA_00164_TCGA-A7-A4SB-01Z-00-DX1,-2.43075248301694,23.6106489679576,1
1_#_BRCA_00164_TCGA-A7-A4SB-01Z-00-DX1,-2.36819395773184,23.0033458820199,1
6_#_BRCA_00164_TCGA-A7-A4SB-01Z-00-DX1,-2.99245765872522,23.0953897134728,1
0_#_BRCA_00165_TCGA-A7-A4SC-01Z-00-DX1,7.91998377463779,-28.6738477490845,9
1_#_BRCA_00165_TCGA-A7-A4SC-01Z-00-DX1,36.1170466452668,8.22502059985009,7
3_#_BRCA_00165_TCGA-A7-A4SC-01Z-00-DX1,7.4005714152433,-29.0219548802777,9
4_#_BRCA_00165_TCGA-A7-A4SC-01Z-00-DX1,7.94585253874979,-28.7330787577805,9
2_#_BRCA_00165_TCGA-A7-A4SC-01Z-00-DX1,21.6135380161847,17.1799950291166,7
5_#_BRCA_00165_TCGA-A7-A4SC-01Z-00-DX1,7.85413317082417,-28.6794483284101,9
6_#_BRCA_00165_TCGA-A7-A4SC-01Z-00-DX1,18.2126223987236,-7.52991205148494,7
0_#_BRCA_00166_TCGA-A7-A4SD-01Z-00-DX1,-20.6159080685518,14.6244127094559,5
4_#_BRCA_00166_TCGA-A7-A4SD-01Z-00-DX1,-20.3906631731812,14.4582057753419,5
2_#_BRCA_00166_TCGA-A7-A4SD-01Z-00-DX1,-20.8462685667372,15.378624085554,5
3_#_BRCA_00166_TCGA-A7-A4SD-01Z-00-DX1,-21.6488999914928,15.055143824119,5
1_#_BRCA_00166_TCGA-A7-A4SD-01Z-00-DX1,-22.3666225094948,13.6683902972786,5
6_#_BRCA_00166_TCGA-A7-A4SD-01Z-00-DX1,-26.8549941355943,4.71809923221232,5
5_#_BRCA_00166_TCGA-A7-A4SD-01Z-00-DX1,-24.2394496988258,16.1032065344772,5
7_#_BRCA_00166_TCGA-A7-A4SD-01Z-00-DX1,-26.8940406328337,4.73624593386738,5
5_#_BRCA_00167_TCGA-A7-A4SE-01Z-00-DX1,-18.2892250968757,17.0771738992282,5
0_#_BRCA_00167_TCGA-A7-A4SE-01Z-00-DX1,-20.0560408789171,1.94875436099469,9
1_#_BRCA_00167_TCGA-A7-A4SE-01Z-00-DX1,-3.02277781470192,6.88219651210079,5
7_#_BRCA_00167_TCGA-A7-A4SE-01Z-00-DX1,-18.5763244885487,14.4471712262068,5
2_#_BRCA_00167_TCGA-A7-A4SE-01Z-00-DX1,-16.8403734090756,20.583674990262,5
6_#_BRCA_00167_TCGA-A7-A4SE-01Z-00-DX1,0.455198780508652,-27.5625109142477,9
4_#_BRCA_00167_TCGA-A7-A4SE-01Z-00-DX1,-16.8143296672484,22.8256445162142,6
3_#_BRCA_00167_TCGA-A7-A4SE-01Z-00-DX1,-18.5157256692066,13.70793515303,5
8_#_BRCA_00167_TCGA-A7-A4SE-01Z-00-DX1,-3.05123706956449,10.9714460429214,5
0_#_BRCA_00168_TCGA-A7-A4SF-01Z-00-DX1,-23.0260400306698,18.5844074561375,5
1_#_BRCA_00168_TCGA-A7-A4SF-01Z-00-DX1,-18.4633172139432,14.3366655797975,5
5_#_BRCA_00168_TCGA-A7-A4SF-01Z-00-DX1,-18.2516568426621,14.7694407824419,5
2_#_BRCA_00168_TCGA-A7-A4SF-01Z-00-DX1,-14.5924985560394,16.9080458561666,5
3_#_BRCA_00168_TCGA-A7-A4SF-01Z-00-DX1,20.9666336433371,9.40831962216176,4
4_#_BRCA_00168_TCGA-A7-A4SF-01Z-00-DX1,-18.2667887259001,14.2939630012148,5
0_#_BRCA_00169_TCGA-A7-A56D-01Z-00-DX1,-15.7814793339292,17.3895991474768,5
1_#_BRCA_00169_TCGA-A7-A56D-01Z-00-DX1,-23.6765930575641,19.4132231677561,5
5_#_BRCA_00169_TCGA-A7-A56D-01Z-00-DX1,-23.6927129671297,15.4416636574904,5
2_#_BRCA_00169_TCGA-A7-A56D-01Z-00-DX1,-26.0221686963087,7.2025768264514,5
3_#_BRCA_00169_TCGA-A7-A56D-01Z-00-DX1,-13.5030334444075,16.0578945082859,5
4_#_BRCA_00169_TCGA-A7-A56D-01Z-00-DX1,-23.7774554387233,14.1239840879462,5
6_#_BRCA_00169_TCGA-A7-A56D-01Z-00-DX1,-26.1405893979877,6.47726179647018,5
1_#_BRCA_00170_TCGA-A7-A5ZV-01Z-00-DX1,-14.9750100477806,33.9860014634236,6
4_#_BRCA_00170_TCGA-A7-A5ZV-01Z-00-DX1,-15.0498526004151,33.9345204878815,6
0_#_BRCA_00170_TCGA-A7-A5ZV-01Z-00-DX1,-24.6425730145031,-3.80753798947155,6
3_#_BRCA_00170_TCGA-A7-A5ZV-01Z-00-DX1,-27.9392194679022,1.77208851352637,6
2_#_BRCA_00170_TCGA-A7-A5ZV-01Z-00-DX1,-28.012314474205,1.71631004625721,2
5_#_BRCA_00170_TCGA-A7-A5ZV-01Z-00-DX1,-23.0261347965268,11.7696621656032,5
6_#_BRCA_00170_TCGA-A7-A5ZV-01Z-00-DX1,-25.0919918583354,-3.31488169290899,2
7_#_BRCA_00170_TCGA-A7-A5ZV-01Z-00-DX1,-24.6162188033431,-3.80138054184776,6
5_#_BRCA_00171_TCGA-A7-A5ZW-01Z-00-DX1,-22.4776111760453,15.0552673890885,5
2_#_BRCA_00171_TCGA-A7-A5ZW-01Z-00-DX1,-21.5518484086421,14.7561198002067,5
1_#_BRCA_00171_TCGA-A7-A5ZW-01Z-00-DX1,-21.6821014456635,14.858047511317,5
0_#_BRCA_00171_TCGA-A7-A5ZW-01Z-00-DX1,-20.9738699104337,11.9516376599125,5
4_#_BRCA_00171_TCGA-A7-A5ZW-01Z-00-DX1,-21.7696453583497,14.6106962988961,5
3_#_BRCA_00171_TCGA-A7-A5ZW-01Z-00-DX1,-21.2798235821075,14.329957723253,5
6_#_BRCA_00171_TCGA-A7-A5ZW-01Z-00-DX1,-21.0168589230049,12.5891305080036,5
0_#_BRCA_00172_TCGA-A7-A5ZX-01Z-00-DX1,-18.676703957519,18.9846993503551,5
4_#_BRCA_00172_TCGA-A7-A5ZX-01Z-00-DX1,-12.4382763959954,16.2612414522243,5
1_#_BRCA_00172_TCGA-A7-A5ZX-01Z-00-DX1,-12.1543500870865,16.317344911334,5
2_#_BRCA_00172_TCGA-A7-A5ZX-01Z-00-DX1,-13.065767448937,15.8699372821696,5
3_#_BRCA_00172_TCGA-A7-A5ZX-01Z-00-DX1,-3.80873424957074,11.4605156969277,5
5_#_BRCA_00172_TCGA-A7-A5ZX-01Z-00-DX1,-18.5348206964222,18.9279831412553,5
2_#_BRCA_00173_TCGA-A7-A5ZX-01Z-00-DX2,7.95050778849136,-29.4351428315715,9
0_#_BRCA_00173_TCGA-A7-A5ZX-01Z-00-DX2,7.62594276670947,-29.2650904440142,9
1_#_BRCA_00173_TCGA-A7-A5ZX-01Z-00-DX2,7.17912735007931,-29.6673734404167,9
3_#_BRCA_00173_TCGA-A7-A5ZX-01Z-00-DX2,7.98296607182426,-29.6404012151843,9
5_#_BRCA_00173_TCGA-A7-A5ZX-01Z-00-DX2,17.9771195661081,-11.9349986136423,4
4_#_BRCA_00173_TCGA-A7-A5ZX-01Z-00-DX2,34.7438652197297,7.53321028743887,7
6_#_BRCA_00173_TCGA-A7-A5ZX-01Z-00-DX2,12.4252316888775,-6.1743257107905,5
1_#_BRCA_00174_TCGA-A7-A6VV-01Z-00-DX1,-18.0356718797437,17.1093199598419,5
0_#_BRCA_00174_TCGA-A7-A6VV-01Z-00-DX1,-1.87239650362525,14.9006849360809,1
3_#_BRCA_00174_TCGA-A7-A6VV-01Z-00-DX1,-0.992979632474004,12.4133561046502,5
2_#_BRCA_00174_TCGA-A7-A6VV-01Z-00-DX1,-2.92564848112944,8.89771964373732,5
4_#_BRCA_00174_TCGA-A7-A6VV-01Z-00-DX1,-2.1433457328786,15.4033728400374,5
5_#_BRCA_00174_TCGA-A7-A6VV-01Z-00-DX1,9.42576977669873,30.4861975033571,1
6_#_BRCA_00174_TCGA-A7-A6VV-01Z-00-DX1,-24.8993926748166,16.9385804145049,5
0_#_BRCA_00175_TCGA-A7-A6VV-01Z-00-DX2,3.88858919065113,-18.7438069955239,9
1_#_BRCA_00175_TCGA-A7-A6VV-01Z-00-DX2,16.6505352326765,-8.25372589708279,4
2_#_BRCA_00175_TCGA-A7-A6VV-01Z-00-DX2,-6.67735806621182,-24.3743036442622,2
5_#_BRCA_00175_TCGA-A7-A6VV-01Z-00-DX2,9.25209550152372,-20.4398823532117,9
4_#_BRCA_00175_TCGA-A7-A6VV-01Z-00-DX2,10.6834241312941,-16.3463285744956,4
3_#_BRCA_00175_TCGA-A7-A6VV-01Z-00-DX2,24.1823880908854,7.749719833687,7
6_#_BRCA_00175_TCGA-A7-A6VV-01Z-00-DX2,26.2774740963177,-9.89537080331619,4
0_#_BRCA_00176_TCGA-A7-A6VW-01Z-00-DX1,-8.84317853524824,12.7455203004552,5
1_#_BRCA_00176_TCGA-A7-A6VW-01Z-00-DX1,-22.3997310099213,13.6573857980153,5
4_#_BRCA_00176_TCGA-A7-A6VW-01Z-00-DX1,-21.0324612378201,7.09409615212198,5
6_#_BRCA_00176_TCGA-A7-A6VW-01Z-00-DX1,-22.4160115298439,13.6710042215309,5
5_#_BRCA_00176_TCGA-A7-A6VW-01Z-00-DX1,-8.90663866054863,12.9217953475843,5
3_#_BRCA_00176_TCGA-A7-A6VW-01Z-00-DX1,0.972313822247713,5.51047070698843,1
2_#_BRCA_00176_TCGA-A7-A6VW-01Z-00-DX1,-22.339506607061,13.7115774913482,5
7_#_BRCA_00176_TCGA-A7-A6VW-01Z-00-DX1,-15.0334970246943,11.34368895788,5
0_#_BRCA_00177_TCGA-A7-A6VX-01Z-00-DX1,-25.654740293626,6.00597570401423,5
1_#_BRCA_00177_TCGA-A7-A6VX-01Z-00-DX1,-25.7939266060404,6.48150238535639,5
3_#_BRCA_00177_TCGA-A7-A6VX-01Z-00-DX1,-1.53630180363379,-11.298480728271,5
6_#_BRCA_00177_TCGA-A7-A6VX-01Z-00-DX1,-7.67619439168091,8.13927311640964,4
2_#_BRCA_00177_TCGA-A7-A6VX-01Z-00-DX1,-15.6396319725708,13.2880312685065,5
4_#_BRCA_00177_TCGA-A7-A6VX-01Z-00-DX1,22.0151608834403,-9.87697974544285,4
5_#_BRCA_00177_TCGA-A7-A6VX-01Z-00-DX1,19.3921901413596,-9.4335265763874,4
7_#_BRCA_00177_TCGA-A7-A6VX-01Z-00-DX1,-18.7814206285998,29.3338235133102,6
0_#_BRCA_00179_TCGA-A7-A6VY-01Z-00-DX1,-19.0946933431691,-10.2801312408793,2
4_#_BRCA_00179_TCGA-A7-A6VY-01Z-00-DX1,-14.3944421647309,25.1734919208003,5
5_#_BRCA_00179_TCGA-A7-A6VY-01Z-00-DX1,-17.8203081832397,8.43904160219377,5
6_#_BRCA_00179_TCGA-A7-A6VY-01Z-00-DX1,-26.9903126994882,-2.6872905283029,2
1_#_BRCA_00179_TCGA-A7-A6VY-01Z-00-DX1,-18.163010857891,8.49852813162025,5
2_#_BRCA_00179_TCGA-A7-A6VY-01Z-00-DX1,-21.9436033865558,4.67948260280284,5
3_#_BRCA_00179_TCGA-A7-A6VY-01Z-00-DX1,-18.4798866074121,8.22555675764081,5
8_#_BRCA_00179_TCGA-A7-A6VY-01Z-00-DX1,-18.5961152266127,8.20965305929307,5
7_#_BRCA_00179_TCGA-A7-A6VY-01Z-00-DX1,-21.0411008250225,15.8126167908034,5
0_#_BRCA_00180_TCGA-A8-A06N-01Z-00-DX1,-45.1241618016325,-7.99728780625598,8
1_#_BRCA_00180_TCGA-A8-A06N-01Z-00-DX1,-33.7958935287022,-14.2451938740329,8
2_#_BRCA_00180_TCGA-A8-A06N-01Z-00-DX1,-40.9816809901204,-11.7795377664196,8
3_#_BRCA_00180_TCGA-A8-A06N-01Z-00-DX1,2.25788304061373,-23.3395007398585,8
4_#_BRCA_00180_TCGA-A8-A06N-01Z-00-DX1,-34.8947350935665,-12.2629360933898,8
5_#_BRCA_00180_TCGA-A8-A06N-01Z-00-DX1,2.06393054016285,-23.3144342513012,2
2_#_BRCA_00181_TCGA-A8-A06O-01Z-00-DX1,-40.5706046113666,-9.82601449828859,8
1_#_BRCA_00181_TCGA-A8-A06O-01Z-00-DX1,-39.0183742185434,2.45752199347454,8
0_#_BRCA_00181_TCGA-A8-A06O-01Z-00-DX1,-42.5400016497696,-13.9543169816873,8
3_#_BRCA_00181_TCGA-A8-A06O-01Z-00-DX1,-38.6938376601178,2.92335777928963,8
4_#_BRCA_00181_TCGA-A8-A06O-01Z-00-DX1,-35.6626947776748,-10.8455954670011,8
5_#_BRCA_00181_TCGA-A8-A06O-01Z-00-DX1,-38.9737637182535,-8.31384861831765,8
2_#_BRCA_00182_TCGA-A8-A06P-01Z-00-DX1,-39.4243897631039,0.564573282552355,8
0_#_BRCA_00182_TCGA-A8-A06P-01Z-00-DX1,-40.2121672612271,-5.2983063621202,8
1_#_BRCA_00182_TCGA-A8-A06P-01Z-00-DX1,-40.496982959879,2.44353114881339,8
3_#_BRCA_00182_TCGA-A8-A06P-01Z-00-DX1,-33.7689509197669,-11.0433376263559,8
5_#_BRCA_00182_TCGA-A8-A06P-01Z-00-DX1,-34.8451658260951,-5.32935828891545,8
4_#_BRCA_00182_TCGA-A8-A06P-01Z-00-DX1,-36.9297482112224,-12.9498363344593,8
6_#_BRCA_00182_TCGA-A8-A06P-01Z-00-DX1,5.72092862039572,-28.4430334224311,9
1_#_BRCA_00183_TCGA-A8-A06Q-01Z-00-DX1,-38.979889555555,-13.0179180736501,8
4_#_BRCA_00183_TCGA-A8-A06Q-01Z-00-DX1,-40.9447132905869,-2.20181434397668,8
6_#_BRCA_00183_TCGA-A8-A06Q-01Z-00-DX1,-41.8528278016793,-0.0648121399363084,8
3_#_BRCA_00183_TCGA-A8-A06Q-01Z-00-DX1,-40.7676266412525,-5.40049825395693,8
2_#_BRCA_00183_TCGA-A8-A06Q-01Z-00-DX1,-33.6456860482008,-14.6942847705185,8
0_#_BRCA_00183_TCGA-A8-A06Q-01Z-00-DX1,-41.8682697010461,0.108429689821285,8
7_#_BRCA_00183_TCGA-A8-A06Q-01Z-00-DX1,-37.7767091179935,-5.99155651106438,8
5_#_BRCA_00183_TCGA-A8-A06Q-01Z-00-DX1,-39.835593070138,-2.74290330021192,8
8_#_BRCA_00183_TCGA-A8-A06Q-01Z-00-DX1,-41.5186890414671,-9.7587956299079,8
3_#_BRCA_00184_TCGA-A8-A06R-01Z-00-DX1,-41.5501132358115,-13.345342950577,8
5_#_BRCA_00184_TCGA-A8-A06R-01Z-00-DX1,-41.4974580246445,-13.754402399021,8
6_#_BRCA_00184_TCGA-A8-A06R-01Z-00-DX1,-41.9333004360505,-15.2227641456207,8
0_#_BRCA_00184_TCGA-A8-A06R-01Z-00-DX1,-40.6153877573468,-10.190913078423,8
2_#_BRCA_00184_TCGA-A8-A06R-01Z-00-DX1,-41.066975660932,-15.0059825278576,8
4_#_BRCA_00184_TCGA-A8-A06R-01Z-00-DX1,-35.5817959977383,-15.4629113541455,8
1_#_BRCA_00184_TCGA-A8-A06R-01Z-00-DX1,-41.733511810837,-14.9034861435381,8
4_#_BRCA_00185_TCGA-A8-A06T-01Z-00-DX1,-36.1492778348195,-4.27315754152002,8
1_#_BRCA_00185_TCGA-A8-A06T-01Z-00-DX1,-45.0779514730511,-7.90566638011719,8
3_#_BRCA_00185_TCGA-A8-A06T-01Z-00-DX1,-35.0286123675468,-8.57323949396673,8
5_#_BRCA_00185_TCGA-A8-A06T-01Z-00-DX1,-41.6583977147079,-2.7004597443246,8
0_#_BRCA_00185_TCGA-A8-A06T-01Z-00-DX1,-36.7781566114365,-4.37697732789179,8
2_#_BRCA_00185_TCGA-A8-A06T-01Z-00-DX1,-35.8700684399109,-3.82236702233732,8
0_#_BRCA_00186_TCGA-A8-A06U-01Z-00-DX1,-44.3906751359604,-3.03456466841162,8
1_#_BRCA_00186_TCGA-A8-A06U-01Z-00-DX1,-45.1689428765981,-7.76392206529382,8
3_#_BRCA_00186_TCGA-A8-A06U-01Z-00-DX1,-36.7356566508368,-4.20932505899051,8
2_#_BRCA_00186_TCGA-A8-A06U-01Z-00-DX1,-41.3751805459505,-10.6645034854711,8
4_#_BRCA_00186_TCGA-A8-A06U-01Z-00-DX1,-41.8581460858862,-10.2410608820441,8
5_#_BRCA_00186_TCGA-A8-A06U-01Z-00-DX1,-43.7840346564451,-8.60641114911696,8
0_#_BRCA_00187_TCGA-A8-A06X-01Z-00-DX1,-35.9089753308633,-10.7246422509775,8
1_#_BRCA_00187_TCGA-A8-A06X-01Z-00-DX1,-38.2424344356088,-3.57608004637987,8
3_#_BRCA_00187_TCGA-A8-A06X-01Z-00-DX1,-33.6626433549802,-14.6883831101634,8
4_#_BRCA_00187_TCGA-A8-A06X-01Z-00-DX1,-40.3194597435274,-2.34937047925527,8
5_#_BRCA_00187_TCGA-A8-A06X-01Z-00-DX1,-37.4560215548462,-15.4407276778597,8
2_#_BRCA_00187_TCGA-A8-A06X-01Z-00-DX1,-38.6019934018788,-3.34981092842263,8
6_#_BRCA_00187_TCGA-A8-A06X-01Z-00-DX1,-38.2079558006725,-3.62668123622969,8
0_#_BRCA_00188_TCGA-A8-A06Y-01Z-00-DX1,-39.5994189377425,-2.39997706256385,8
4_#_BRCA_00188_TCGA-A8-A06Y-01Z-00-DX1,-41.2667917850524,0.476563931777794,8
3_#_BRCA_00188_TCGA-A8-A06Y-01Z-00-DX1,-33.3909744537191,-14.8334725405082,8
1_#_BRCA_00188_TCGA-A8-A06Y-01Z-00-DX1,-42.0216567249627,-1.91764265591421,8
5_#_BRCA_00188_TCGA-A8-A06Y-01Z-00-DX1,-33.2901841820591,-13.0909248143463,8
2_#_BRCA_00188_TCGA-A8-A06Y-01Z-00-DX1,-35.2757464030961,-11.6131893770835,8
1_#_BRCA_00189_TCGA-A8-A06Z-01Z-00-DX1,-42.6052540737266,-2.94464447358718,8
4_#_BRCA_00189_TCGA-A8-A06Z-01Z-00-DX1,-37.4047967519362,-3.97262149799057,8
2_#_BRCA_00189_TCGA-A8-A06Z-01Z-00-DX1,-35.0228782000052,-10.8080232524911,8
3_#_BRCA_00189_TCGA-A8-A06Z-01Z-00-DX1,-42.0381939978149,-2.15654975105155,8
0_#_BRCA_00189_TCGA-A8-A06Z-01Z-00-DX1,-42.8875008443089,-0.952296314497039,8
5_#_BRCA_00189_TCGA-A8-A06Z-01Z-00-DX1,-41.5363443501879,-0.603090462844872,8
0_#_BRCA_00190_TCGA-A8-A075-01Z-00-DX1,-40.4670565061872,1.63381699519321,8
5_#_BRCA_00190_TCGA-A8-A075-01Z-00-DX1,-40.8546544346075,0.951396947000838,8
4_#_BRCA_00190_TCGA-A8-A075-01Z-00-DX1,-40.4643091491986,-1.6887013437993,8
2_#_BRCA_00190_TCGA-A8-A075-01Z-00-DX1,-41.0915995617617,-9.78780692118743,8
1_#_BRCA_00190_TCGA-A8-A075-01Z-00-DX1,-39.8999676931227,0.218465228834149,8
6_#_BRCA_00190_TCGA-A8-A075-01Z-00-DX1,-39.8383698601976,2.17106688221619,8
3_#_BRCA_00190_TCGA-A8-A075-01Z-00-DX1,-41.9297571961863,0.0933810556903522,8
1_#_BRCA_00191_TCGA-A8-A076-01Z-00-DX1,-34.1483139553308,-4.1269317235546,8
3_#_BRCA_00191_TCGA-A8-A076-01Z-00-DX1,-41.7724431469751,-1.50712775194684,8
0_#_BRCA_00191_TCGA-A8-A076-01Z-00-DX1,-41.7852647469068,-2.10306437426091,8
2_#_BRCA_00191_TCGA-A8-A076-01Z-00-DX1,-35.56508339343,-6.22532639108766,8
4_#_BRCA_00191_TCGA-A8-A076-01Z-00-DX1,-40.690993101874,-2.29219280543843,8
5_#_BRCA_00191_TCGA-A8-A076-01Z-00-DX1,-40.7556173944952,-2.34287358154271,8
6_#_BRCA_00191_TCGA-A8-A076-01Z-00-DX1,-34.789138801163,-11.5450937211569,8
7_#_BRCA_00191_TCGA-A8-A076-01Z-00-DX1,-33.9110457688715,-4.16685031373835,8
1_#_BRCA_00192_TCGA-A8-A079-01Z-00-DX1,-33.8871755169633,-14.2738516545457,8
0_#_BRCA_00192_TCGA-A8-A079-01Z-00-DX1,-35.6764252063895,-10.1637107429587,8
3_#_BRCA_00192_TCGA-A8-A079-01Z-00-DX1,-34.8967530174858,-11.6148744640513,8
2_#_BRCA_00192_TCGA-A8-A079-01Z-00-DX1,-35.7983831261962,-5.81947954619327,8
4_#_BRCA_00192_TCGA-A8-A079-01Z-00-DX1,-35.1911521441249,-3.59921506728752,8
5_#_BRCA_00192_TCGA-A8-A079-01Z-00-DX1,-40.3590740567176,-1.44521909675453,8
0_#_BRCA_00193_TCGA-A8-A07B-01Z-00-DX1,-39.7846547222356,-10.1107022002204,8
3_#_BRCA_00193_TCGA-A8-A07B-01Z-00-DX1,-40.1266664316345,-12.8884198050222,8
2_#_BRCA_00193_TCGA-A8-A07B-01Z-00-DX1,-39.2562293653874,-7.28493374082178,8
1_#_BRCA_00193_TCGA-A8-A07B-01Z-00-DX1,-35.1174854943561,-13.7388816894139,8
4_#_BRCA_00193_TCGA-A8-A07B-01Z-00-DX1,-35.7554002544173,-10.3094791822566,8
0_#_BRCA_00194_TCGA-A8-A07C-01Z-00-DX1,-44.0452484358391,-8.56338051566635,8
2_#_BRCA_00194_TCGA-A8-A07C-01Z-00-DX1,-42.9922510965554,-8.96654227228323,8
6_#_BRCA_00194_TCGA-A8-A07C-01Z-00-DX1,-39.9691712081137,-13.577671549986,8
1_#_BRCA_00194_TCGA-A8-A07C-01Z-00-DX1,-44.085889099823,-9.07043661694477,8
3_#_BRCA_00194_TCGA-A8-A07C-01Z-00-DX1,-43.9432201335174,-9.61558100815064,8
5_#_BRCA_00194_TCGA-A8-A07C-01Z-00-DX1,-44.4040311190284,-8.86405180996181,8
4_#_BRCA_00194_TCGA-A8-A07C-01Z-00-DX1,-43.6234367942904,-9.72127590248651,8
7_#_BRCA_00194_TCGA-A8-A07C-01Z-00-DX1,-43.8434498240684,-8.87195303236871,8
1_#_BRCA_00195_TCGA-A8-A07E-01Z-00-DX1,-39.4586729672393,-12.3907108555941,8
3_#_BRCA_00195_TCGA-A8-A07E-01Z-00-DX1,-40.0389729595765,-10.4219307368988,8
2_#_BRCA_00195_TCGA-A8-A07E-01Z-00-DX1,-39.733449874268,-11.028079668327,8
4_#_BRCA_00195_TCGA-A8-A07E-01Z-00-DX1,-38.5135869687118,-14.4468461279891,8
0_#_BRCA_00195_TCGA-A8-A07E-01Z-00-DX1,-39.02725524508,-13.9635243914209,8
0_#_BRCA_00196_TCGA-A8-A07F-01Z-00-DX1,-41.3794238948834,-13.9050433800273,8
1_#_BRCA_00196_TCGA-A8-A07F-01Z-00-DX1,-38.5571134129998,-8.36646179320408,8
2_#_BRCA_00196_TCGA-A8-A07F-01Z-00-DX1,-35.31744358167,-15.5401719851609,8
3_#_BRCA_00196_TCGA-A8-A07F-01Z-00-DX1,-37.0231786969707,-16.3251151749152,8
6_#_BRCA_00196_TCGA-A8-A07F-01Z-00-DX1,-36.4086167898974,-15.6573678837724,8
4_#_BRCA_00196_TCGA-A8-A07F-01Z-00-DX1,-41.4099414776864,-13.8631709228434,8
5_#_BRCA_00196_TCGA-A8-A07F-01Z-00-DX1,-38.5800279438306,-8.33922474099718,8
4_#_BRCA_00197_TCGA-A8-A07G-01Z-00-DX1,-36.2281810070859,-14.4786143683678,8
3_#_BRCA_00197_TCGA-A8-A07G-01Z-00-DX1,-37.1944365064133,-16.6009264874047,8
2_#_BRCA_00197_TCGA-A8-A07G-01Z-00-DX1,-37.2861068579829,-16.3677149359712,8
0_#_BRCA_00197_TCGA-A8-A07G-01Z-00-DX1,-37.5309060427906,-9.53427943812026,8
1_#_BRCA_00197_TCGA-A8-A07G-01Z-00-DX1,-33.9698509545633,-15.0818463298406,8
5_#_BRCA_00197_TCGA-A8-A07G-01Z-00-DX1,-37.6433229104784,-9.61860631023089,8
6_#_BRCA_00197_TCGA-A8-A07G-01Z-00-DX1,-37.1149823507008,-16.6174577349267,8
0_#_BRCA_00198_TCGA-A8-A07I-01Z-00-DX1,-41.6295697101116,-1.94426388997445,8
1_#_BRCA_00198_TCGA-A8-A07I-01Z-00-DX1,-38.3100411689287,-7.86048496298323,8
4_#_BRCA_00198_TCGA-A8-A07I-01Z-00-DX1,-40.5864458291238,-6.26865579994695,8
6_#_BRCA_00198_TCGA-A8-A07I-01Z-00-DX1,-40.0978703400021,-2.41828563053679,8
2_#_BRCA_00198_TCGA-A8-A07I-01Z-00-DX1,-40.2377057457882,-15.6584657039923,8
3_#_BRCA_00198_TCGA-A8-A07I-01Z-00-DX1,-40.4793014011119,-10.2586588423832,8
7_#_BRCA_00198_TCGA-A8-A07I-01Z-00-DX1,-39.513073771992,0.573172136865942,8
5_#_BRCA_00198_TCGA-A8-A07I-01Z-00-DX1,-41.2464328347934,-1.42525553519745,8
1_#_BRCA_00199_TCGA-A8-A07J-01Z-00-DX1,-40.1022646605138,-12.2153182806625,8
0_#_BRCA_00199_TCGA-A8-A07J-01Z-00-DX1,-35.259843174914,-12.8386270911247,8
4_#_BRCA_00199_TCGA-A8-A07J-01Z-00-DX1,-37.1329705986434,-15.4078230678052,8
3_#_BRCA_00199_TCGA-A8-A07J-01Z-00-DX1,-38.7639663480088,-7.93921052928491,8
5_#_BRCA_00199_TCGA-A8-A07J-01Z-00-DX1,-40.1874143833707,-12.1099822002529,8
2_#_BRCA_00199_TCGA-A8-A07J-01Z-00-DX1,-40.0829216677534,-13.2151864939733,8
6_#_BRCA_00199_TCGA-A8-A07J-01Z-00-DX1,-43.4883609715583,-13.2288610107697,8
0_#_BRCA_00200_TCGA-A8-A07L-01Z-00-DX1,-39.6084800457583,-7.41770940883222,8
1_#_BRCA_00200_TCGA-A8-A07L-01Z-00-DX1,-41.1785019666329,-0.294611559447976,8
2_#_BRCA_00200_TCGA-A8-A07L-01Z-00-DX1,-40.8034981770615,-1.14571914471074,8
5_#_BRCA_00200_TCGA-A8-A07L-01Z-00-DX1,-39.7924215064252,-4.92981427206749,8
3_#_BRCA_00200_TCGA-A8-A07L-01Z-00-DX1,-34.1697290345408,-13.3469380340292,8
6_#_BRCA_00200_TCGA-A8-A07L-01Z-00-DX1,-38.9495636120136,-7.85718103107076,8
4_#_BRCA_00200_TCGA-A8-A07L-01Z-00-DX1,-39.0191120962816,-10.9436360068307,8
7_#_BRCA_00200_TCGA-A8-A07L-01Z-00-DX1,-39.0949722108337,2.9663821126423,8
0_#_BRCA_00201_TCGA-A8-A07O-01Z-00-DX1,-45.8043799415061,-4.74428321561964,8
3_#_BRCA_00201_TCGA-A8-A07O-01Z-00-DX1,-46.2555483133649,-4.26706875495575,8
2_#_BRCA_00201_TCGA-A8-A07O-01Z-00-DX1,-43.788480960419,-1.07930287831316,8
1_#_BRCA_00201_TCGA-A8-A07O-01Z-00-DX1,-45.0871555612611,-6.96338906233051,8
5_#_BRCA_00201_TCGA-A8-A07O-01Z-00-DX1,-45.5415190253189,-4.03888924186794,8
4_#_BRCA_00201_TCGA-A8-A07O-01Z-00-DX1,-45.9599474733648,-4.84145940819256,8
3_#_BRCA_00202_TCGA-A8-A07P-01Z-00-DX1,-40.7006082115069,-4.934555626077,8
0_#_BRCA_00202_TCGA-A8-A07P-01Z-00-DX1,-42.3151226324452,0.864070359430003,8
1_#_BRCA_00202_TCGA-A8-A07P-01Z-00-DX1,-34.0747977635823,-13.5986811741456,8
2_#_BRCA_00202_TCGA-A8-A07P-01Z-00-DX1,-42.7343141309636,0.62552717651426,8
7_#_BRCA_00202_TCGA-A8-A07P-01Z-00-DX1,-41.7549012636516,1.46081742895922,8
4_#_BRCA_00202_TCGA-A8-A07P-01Z-00-DX1,-41.4945802386455,-4.40736160216719,8
5_#_BRCA_00202_TCGA-A8-A07P-01Z-00-DX1,-42.2002403601193,-6.82984372306252,8
6_#_BRCA_00202_TCGA-A8-A07P-01Z-00-DX1,-38.7558118738075,-14.1962712331851,8
8_#_BRCA_00202_TCGA-A8-A07P-01Z-00-DX1,-41.6514146391375,-5.30749655320193,8
0_#_BRCA_00203_TCGA-A8-A07R-01Z-00-DX1,-36.7981187818361,-5.23518174918625,8
1_#_BRCA_00203_TCGA-A8-A07R-01Z-00-DX1,-35.0991763916826,-15.4473439615228,8
4_#_BRCA_00203_TCGA-A8-A07R-01Z-00-DX1,-33.8031060463416,-15.3141498593299,8
3_#_BRCA_00203_TCGA-A8-A07R-01Z-00-DX1,-41.3657968426333,-0.730628589669475,8
6_#_BRCA_00203_TCGA-A8-A07R-01Z-00-DX1,-35.6950321515288,-9.71783680747762,8
2_#_BRCA_00203_TCGA-A8-A07R-01Z-00-DX1,-37.4445187845677,-4.27030694219832,8
5_#_BRCA_00203_TCGA-A8-A07R-01Z-00-DX1,-35.6073451663544,-10.3290982233122,8
7_#_BRCA_00203_TCGA-A8-A07R-01Z-00-DX1,-40.5683529566446,-10.8287054565891,8
3_#_BRCA_00204_TCGA-A8-A07S-01Z-00-DX1,-38.0919606310952,-10.4977241770955,8
2_#_BRCA_00204_TCGA-A8-A07S-01Z-00-DX1,-41.001320293275,1.60437868228367,8
1_#_BRCA_00204_TCGA-A8-A07S-01Z-00-DX1,-41.440633536797,0.330522018294656,8
6_#_BRCA_00204_TCGA-A8-A07S-01Z-00-DX1,-43.8404079847448,-4.23718310012008,8
5_#_BRCA_00204_TCGA-A8-A07S-01Z-00-DX1,-41.5791187424161,0.560892101807501,8
0_#_BRCA_00204_TCGA-A8-A07S-01Z-00-DX1,-39.7076832277894,0.866826970136585,8
7_#_BRCA_00204_TCGA-A8-A07S-01Z-00-DX1,-38.693194534595,-7.36944244676747,8
4_#_BRCA_00204_TCGA-A8-A07S-01Z-00-DX1,-40.7280967378395,2.32292358688897,8
0_#_BRCA_00207_TCGA-A8-A07Z-01Z-00-DX1,-42.2046581299549,-3.89760315125406,8
2_#_BRCA_00207_TCGA-A8-A07Z-01Z-00-DX1,-33.7311248834893,-13.9665731086322,8
4_#_BRCA_00207_TCGA-A8-A07Z-01Z-00-DX1,-45.6007462318727,-2.61213783527738,8
1_#_BRCA_00207_TCGA-A8-A07Z-01Z-00-DX1,-45.7360310425136,-2.63695605822093,8
6_#_BRCA_00207_TCGA-A8-A07Z-01Z-00-DX1,-42.6970625694848,-3.51019957248266,8
3_#_BRCA_00207_TCGA-A8-A07Z-01Z-00-DX1,-45.0946145239361,-7.70850004751092,8
5_#_BRCA_00207_TCGA-A8-A07Z-01Z-00-DX1,-43.1002353306123,-3.11225037925885,8
1_#_BRCA_00208_TCGA-A8-A081-01Z-00-DX1,-44.3953579581098,-5.66412959835166,8
3_#_BRCA_00208_TCGA-A8-A081-01Z-00-DX1,-45.1489847796022,-4.76786623017548,8
4_#_BRCA_00208_TCGA-A8-A081-01Z-00-DX1,-42.6787121852169,-8.87402057577468,8
2_#_BRCA_00208_TCGA-A8-A081-01Z-00-DX1,-45.0873008281797,-7.42369962217122,8
0_#_BRCA_00208_TCGA-A8-A081-01Z-00-DX1,-45.3154857128464,-4.89962492619411,8
6_#_BRCA_00208_TCGA-A8-A081-01Z-00-DX1,-35.5346122262437,-10.7419712991954,8
7_#_BRCA_00208_TCGA-A8-A081-01Z-00-DX1,-41.0371753922126,-5.71775300211793,8
5_#_BRCA_00208_TCGA-A8-A081-01Z-00-DX1,-39.0075122223016,-14.8150498135973,8
0_#_BRCA_00209_TCGA-A8-A082-01Z-00-DX1,-37.0239032202414,-3.47319360438447,8
1_#_BRCA_00209_TCGA-A8-A082-01Z-00-DX1,-35.1147704602307,-3.35861629967604,8
3_#_BRCA_00209_TCGA-A8-A082-01Z-00-DX1,-41.4139095405047,-1.42569357044559,8
6_#_BRCA_00209_TCGA-A8-A082-01Z-00-DX1,-37.7019096930972,-13.8957257873289,8
2_#_BRCA_00209_TCGA-A8-A082-01Z-00-DX1,-26.8114567122203,-11.9134496417427,8
5_#_BRCA_00209_TCGA-A8-A082-01Z-00-DX1,17.7275985697493,-22.7836902720832,10
4_#_BRCA_00209_TCGA-A8-A082-01Z-00-DX1,-40.7246423512123,-5.10398040131674,8
7_#_BRCA_00209_TCGA-A8-A082-01Z-00-DX1,-34.1042947886875,4.0103103284772,8
1_#_BRCA_00210_TCGA-A8-A083-01Z-00-DX1,-45.0452666438123,-4.68836205751054,8
0_#_BRCA_00210_TCGA-A8-A083-01Z-00-DX1,-45.0780872426964,-5.11310426064909,8
3_#_BRCA_00210_TCGA-A8-A083-01Z-00-DX1,-45.1002139787362,-5.45903164261377,8
2_#_BRCA_00210_TCGA-A8-A083-01Z-00-DX1,-33.2560848768904,-10.8723455402863,8
5_#_BRCA_00210_TCGA-A8-A083-01Z-00-DX1,-44.7769028480807,-5.97979825135621,8
4_#_BRCA_00210_TCGA-A8-A083-01Z-00-DX1,-13.0819299206705,-24.0429565533787,2
1_#_BRCA_00211_TCGA-A8-A084-01Z-00-DX1,-40.7996340801319,-12.6856360523446,8
0_#_BRCA_00211_TCGA-A8-A084-01Z-00-DX1,-38.1589775298619,-8.8202242651065,8
2_#_BRCA_00211_TCGA-A8-A084-01Z-00-DX1,-41.7441933729474,-15.1927334571456,8
3_#_BRCA_00211_TCGA-A8-A084-01Z-00-DX1,-37.2793038094266,-16.3689074832667,8
4_#_BRCA_00211_TCGA-A8-A084-01Z-00-DX1,-35.8343685852729,-15.4001383827316,8
5_#_BRCA_00211_TCGA-A8-A084-01Z-00-DX1,-34.2845474155154,-15.4157595699874,8
3_#_BRCA_00212_TCGA-A8-A085-01Z-00-DX1,-34.4135890123469,-13.5935486625033,8
1_#_BRCA_00212_TCGA-A8-A085-01Z-00-DX1,-42.4614354733199,-8.51623057023974,8
5_#_BRCA_00212_TCGA-A8-A085-01Z-00-DX1,-44.1024249980725,-1.51754405504889,8
4_#_BRCA_00212_TCGA-A8-A085-01Z-00-DX1,-43.7082288371637,-4.77993865799179,8
0_#_BRCA_00212_TCGA-A8-A085-01Z-00-DX1,-40.039686432019,-4.60155036879053,8
2_#_BRCA_00212_TCGA-A8-A085-01Z-00-DX1,-43.0901471850522,-0.356227741838929,8
6_#_BRCA_00212_TCGA-A8-A085-01Z-00-DX1,-39.4901308599466,3.13756364737262,8
1_#_BRCA_00213_TCGA-A8-A086-01Z-00-DX1,-36.6837403721157,-7.58003286310847,8
5_#_BRCA_00213_TCGA-A8-A086-01Z-00-DX1,-39.6032111974361,-3.14489882201612,8
3_#_BRCA_00213_TCGA-A8-A086-01Z-00-DX1,-41.1964831770133,-12.6238118857966,8
2_#_BRCA_00213_TCGA-A8-A086-01Z-00-DX1,-40.7274013361666,-11.1041640481295,8
0_#_BRCA_00213_TCGA-A8-A086-01Z-00-DX1,-35.9120129337688,-15.2282488227389,8
4_#_BRCA_00213_TCGA-A8-A086-01Z-00-DX1,-37.19624306301,-9.99381603916069,8
6_#_BRCA_00213_TCGA-A8-A086-01Z-00-DX1,-35.5670926371112,-10.6190078863222,8
0_#_BRCA_00214_TCGA-A8-A08A-01Z-00-DX1,-39.3401482885448,-2.4513612295199,8
2_#_BRCA_00214_TCGA-A8-A08A-01Z-00-DX1,-33.5628980198051,-13.433764058211,8
3_#_BRCA_00214_TCGA-A8-A08A-01Z-00-DX1,-34.3886479788343,-10.8074034266277,8
5_#_BRCA_00214_TCGA-A8-A08A-01Z-00-DX1,-39.6930184806867,-2.29070260803525,8
1_#_BRCA_00214_TCGA-A8-A08A-01Z-00-DX1,-39.549908922882,-1.87625281257355,8
4_#_BRCA_00214_TCGA-A8-A08A-01Z-00-DX1,-40.0368081254501,-1.16476511394108,8
6_#_BRCA_00214_TCGA-A8-A08A-01Z-00-DX1,-39.3584997272958,-2.29392770985115,8
7_#_BRCA_00214_TCGA-A8-A08A-01Z-00-DX1,-39.3689730699732,-2.68077762392791,8
0_#_BRCA_00215_TCGA-A8-A08B-01Z-00-DX1,-43.4915322377652,-1.87356912005024,8
4_#_BRCA_00215_TCGA-A8-A08B-01Z-00-DX1,-39.7961063766056,-10.5645281252223,8
2_#_BRCA_00215_TCGA-A8-A08B-01Z-00-DX1,-46.0536119219648,-2.89634795147316,8
1_#_BRCA_00215_TCGA-A8-A08B-01Z-00-DX1,-43.2178172152319,-0.892756874101596,8
6_#_BRCA_00215_TCGA-A8-A08B-01Z-00-DX1,-44.2174600370269,-2.01891003475639,8
8_#_BRCA_00215_TCGA-A8-A08B-01Z-00-DX1,-45.6063738884749,-3.60406316334385,8
3_#_BRCA_00215_TCGA-A8-A08B-01Z-00-DX1,-42.8726229990788,-7.83186129472546,8
5_#_BRCA_00215_TCGA-A8-A08B-01Z-00-DX1,-46.2654509807073,-4.37475782889934,8
7_#_BRCA_00215_TCGA-A8-A08B-01Z-00-DX1,-46.0452846628329,-3.00576650632334,8
9_#_BRCA_00215_TCGA-A8-A08B-01Z-00-DX1,-46.0403207938221,-2.89054408147922,8
1_#_BRCA_00216_TCGA-A8-A08C-01Z-00-DX1,-39.81568203673,-1.2837795922355,8
0_#_BRCA_00216_TCGA-A8-A08C-01Z-00-DX1,-40.4602820497653,0.0153036319138793,8
3_#_BRCA_00216_TCGA-A8-A08C-01Z-00-DX1,-39.5754591463305,-3.24348584862385,8
4_#_BRCA_00216_TCGA-A8-A08C-01Z-00-DX1,-40.1996301587964,-0.908974794688493,8
6_#_BRCA_00216_TCGA-A8-A08C-01Z-00-DX1,-40.0425187293405,-0.0514599009413761,8
5_#_BRCA_00216_TCGA-A8-A08C-01Z-00-DX1,-34.5059598386859,-13.7208353005942,8
2_#_BRCA_00216_TCGA-A8-A08C-01Z-00-DX1,-39.1676754912559,-2.15905350049886,8
0_#_BRCA_00217_TCGA-A8-A08F-01Z-00-DX1,-34.0789224797644,-4.20380501282347,8
1_#_BRCA_00217_TCGA-A8-A08F-01Z-00-DX1,-34.8598771390507,-6.5007907046955,8
3_#_BRCA_00217_TCGA-A8-A08F-01Z-00-DX1,-44.6203180291052,-1.94966290076887,8
5_#_BRCA_00217_TCGA-A8-A08F-01Z-00-DX1,-34.2120366441531,4.00130892698184,8
2_#_BRCA_00217_TCGA-A8-A08F-01Z-00-DX1,-34.2578000003735,3.87488568582153,8
4_#_BRCA_00217_TCGA-A8-A08F-01Z-00-DX1,-44.9346260427078,-5.65526051587388,8
6_#_BRCA_00217_TCGA-A8-A08F-01Z-00-DX1,-43.8193310438052,-0.972244948190332,8
3_#_BRCA_00218_TCGA-A8-A08G-01Z-00-DX1,-34.6770351248468,-13.1255418736435,8
4_#_BRCA_00218_TCGA-A8-A08G-01Z-00-DX1,-43.9122450714201,-1.128158756905,8
0_#_BRCA_00218_TCGA-A8-A08G-01Z-00-DX1,-42.3915496144699,0.0301212417030606,8
5_#_BRCA_00218_TCGA-A8-A08G-01Z-00-DX1,-43.7518929582897,-4.75672672093808,8
1_#_BRCA_00218_TCGA-A8-A08G-01Z-00-DX1,-42.6502653652136,-7.94756292085762,8
2_#_BRCA_00218_TCGA-A8-A08G-01Z-00-DX1,-39.9865712514645,-4.67296318898084,8
6_#_BRCA_00218_TCGA-A8-A08G-01Z-00-DX1,-43.9089229984788,-1.8894485581815,8
8_#_BRCA_00218_TCGA-A8-A08G-01Z-00-DX1,-40.921796584156,-6.40436032597549,8
7_#_BRCA_00218_TCGA-A8-A08G-01Z-00-DX1,-34.9372644555044,-8.96411381321905,8
0_#_BRCA_00219_TCGA-A8-A08H-01Z-00-DX1,-38.9145909200339,-7.79176048204953,8
2_#_BRCA_00219_TCGA-A8-A08H-01Z-00-DX1,-37.2512926661301,-16.4437890005708,8
1_#_BRCA_00219_TCGA-A8-A08H-01Z-00-DX1,-37.1680180352748,-15.5888113307123,8
3_#_BRCA_00219_TCGA-A8-A08H-01Z-00-DX1,-38.0684364132023,-7.81411784682774,8
4_#_BRCA_00219_TCGA-A8-A08H-01Z-00-DX1,-39.0663838648573,0.610179380357231,8
5_#_BRCA_00219_TCGA-A8-A08H-01Z-00-DX1,-40.0880088007337,-15.7941076487969,8
6_#_BRCA_00219_TCGA-A8-A08H-01Z-00-DX1,16.7759833673849,-22.0338831825516,10
0_#_BRCA_00220_TCGA-A8-A08I-01Z-00-DX1,-36.8652790119725,-4.06685412459816,8
5_#_BRCA_00220_TCGA-A8-A08I-01Z-00-DX1,-40.8042585540932,-10.3472782582656,8
1_#_BRCA_00220_TCGA-A8-A08I-01Z-00-DX1,-40.3463298954029,-10.8623619400111,8
4_#_BRCA_00220_TCGA-A8-A08I-01Z-00-DX1,-45.2028952518543,-7.73107119524339,8
3_#_BRCA_00220_TCGA-A8-A08I-01Z-00-DX1,-41.9791673907598,-14.1433528419075,8
2_#_BRCA_00220_TCGA-A8-A08I-01Z-00-DX1,-41.1012216109401,-10.2461781463093,8
6_#_BRCA_00220_TCGA-A8-A08I-01Z-00-DX1,-42.280279049961,-10.2838227181553,8
0_#_BRCA_00222_TCGA-A8-A08L-01Z-00-DX1,-36.3925877808066,-4.43623678102533,8
4_#_BRCA_00222_TCGA-A8-A08L-01Z-00-DX1,-36.7352188755554,-4.51309424664831,8
2_#_BRCA_00222_TCGA-A8-A08L-01Z-00-DX1,-41.9261381270225,-11.0533399659021,8
1_#_BRCA_00222_TCGA-A8-A08L-01Z-00-DX1,-37.3842239690218,-10.2422140391125,8
3_#_BRCA_00222_TCGA-A8-A08L-01Z-00-DX1,-0.251179600596378,-6.49926359517394,9
5_#_BRCA_00222_TCGA-A8-A08L-01Z-00-DX1,-35.2679483173168,-9.25170654864881,8
6_#_BRCA_00222_TCGA-A8-A08L-01Z-00-DX1,-35.9341565189155,-3.71294301894022,2
3_#_BRCA_00223_TCGA-A8-A08O-01Z-00-DX1,-35.1037928797424,-8.89385320688486,8
0_#_BRCA_00223_TCGA-A8-A08O-01Z-00-DX1,-40.2913356263835,-12.6973756599917,8
1_#_BRCA_00223_TCGA-A8-A08O-01Z-00-DX1,-34.8511858468168,-8.61185679088665,8
2_#_BRCA_00223_TCGA-A8-A08O-01Z-00-DX1,-37.6018510706207,-12.0504498025533,8
4_#_BRCA_00223_TCGA-A8-A08O-01Z-00-DX1,-36.735211992077,-6.24157971728472,8
5_#_BRCA_00223_TCGA-A8-A08O-01Z-00-DX1,-39.9784368491081,-12.0116815070608,8
1_#_BRCA_00224_TCGA-A8-A08P-01Z-00-DX1,-40.9675429754251,-9.8801448750522,8
5_#_BRCA_00224_TCGA-A8-A08P-01Z-00-DX1,-40.4794119808161,-2.36690355907402,8
3_#_BRCA_00224_TCGA-A8-A08P-01Z-00-DX1,-36.0966959019715,-10.7849367310824,8
2_#_BRCA_00224_TCGA-A8-A08P-01Z-00-DX1,-42.1774892206882,-14.2048627612973,8
0_#_BRCA_00224_TCGA-A8-A08P-01Z-00-DX1,-33.7970675155898,-14.3790822042121,8
6_#_BRCA_00224_TCGA-A8-A08P-01Z-00-DX1,-41.3768316621523,-0.78097639457885,8
4_#_BRCA_00224_TCGA-A8-A08P-01Z-00-DX1,-41.8008335604084,-1.99529781209391,8
7_#_BRCA_00224_TCGA-A8-A08P-01Z-00-DX1,-43.8820528676545,-2.87617831805539,8
0_#_BRCA_00225_TCGA-A8-A08R-01Z-00-DX1,-43.3367160800967,-2.7962028182239,8
2_#_BRCA_00225_TCGA-A8-A08R-01Z-00-DX1,-43.5394677806499,-2.07863271768931,8
1_#_BRCA_00225_TCGA-A8-A08R-01Z-00-DX1,-43.5463636317533,-1.15835485867102,8
5_#_BRCA_00225_TCGA-A8-A08R-01Z-00-DX1,-42.7606699271734,-2.64036620993643,8
3_#_BRCA_00225_TCGA-A8-A08R-01Z-00-DX1,-44.0622855342193,-4.60282537205744,8
4_#_BRCA_00225_TCGA-A8-A08R-01Z-00-DX1,-33.7588019240393,-11.716804870004,8
1_#_BRCA_00226_TCGA-A8-A08S-01Z-00-DX1,-26.6897036209372,-11.8959885447436,2
3_#_BRCA_00226_TCGA-A8-A08S-01Z-00-DX1,-36.4043093302377,-13.4751926102386,8
4_#_BRCA_00226_TCGA-A8-A08S-01Z-00-DX1,-30.4107275685431,3.00841237980921,2
0_#_BRCA_00226_TCGA-A8-A08S-01Z-00-DX1,-34.3505599860667,3.96729122318523,8
5_#_BRCA_00226_TCGA-A8-A08S-01Z-00-DX1,-42.5090495958088,-0.773087051635499,8
2_#_BRCA_00226_TCGA-A8-A08S-01Z-00-DX1,14.1677093339439,13.4471232318585,1
7_#_BRCA_00226_TCGA-A8-A08S-01Z-00-DX1,-34.0325758778938,-10.5731667162684,8
6_#_BRCA_00226_TCGA-A8-A08S-01Z-00-DX1,35.8097345797211,12.7020287181364,7
1_#_BRCA_00227_TCGA-A8-A08T-01Z-00-DX1,-33.515159048362,-13.8216111787982,8
5_#_BRCA_00227_TCGA-A8-A08T-01Z-00-DX1,-36.8773091888916,-9.38673172214238,8
4_#_BRCA_00227_TCGA-A8-A08T-01Z-00-DX1,-39.7520873682965,-0.643758908185375,8
2_#_BRCA_00227_TCGA-A8-A08T-01Z-00-DX1,-37.2377854743945,-7.20654169357976,8
0_#_BRCA_00227_TCGA-A8-A08T-01Z-00-DX1,-38.7362296309159,-10.4865639864194,8
3_#_BRCA_00227_TCGA-A8-A08T-01Z-00-DX1,-38.1126426655769,-7.57684975577814,8
1_#_BRCA_00228_TCGA-A8-A08X-01Z-00-DX1,-37.9992126827409,-14.3351924818082,8
3_#_BRCA_00228_TCGA-A8-A08X-01Z-00-DX1,-44.7793733514316,-5.64445595123282,8
2_#_BRCA_00228_TCGA-A8-A08X-01Z-00-DX1,-43.0601009120319,-1.49149338937372,8
0_#_BRCA_00228_TCGA-A8-A08X-01Z-00-DX1,-42.6002806961393,-7.6788461621799,8
4_#_BRCA_00228_TCGA-A8-A08X-01Z-00-DX1,-42.9379042513316,-7.61829975874931,8
6_#_BRCA_00228_TCGA-A8-A08X-01Z-00-DX1,-40.9960695711047,-5.49466372721463,8
5_#_BRCA_00228_TCGA-A8-A08X-01Z-00-DX1,-42.4289949419382,-8.50124900811975,8
0_#_BRCA_00229_TCGA-A8-A08Z-01Z-00-DX1,-40.7392550115233,-12.5139177115185,8
1_#_BRCA_00229_TCGA-A8-A08Z-01Z-00-DX1,-36.9731600826751,-5.81635892918362,8
2_#_BRCA_00229_TCGA-A8-A08Z-01Z-00-DX1,-38.8433623627905,-6.83433183215193,8
4_#_BRCA_00229_TCGA-A8-A08Z-01Z-00-DX1,-40.4261823961619,-10.2145974118263,8
3_#_BRCA_00229_TCGA-A8-A08Z-01Z-00-DX1,-33.8824059047441,-11.426301217678,8
5_#_BRCA_00229_TCGA-A8-A08Z-01Z-00-DX1,-38.7131000417097,2.79166457706286,8
0_#_BRCA_00230_TCGA-A8-A090-01Z-00-DX1,-34.7885488398748,-14.3208550569542,8
1_#_BRCA_00230_TCGA-A8-A090-01Z-00-DX1,-41.5261545611286,-13.9541832758497,8
2_#_BRCA_00230_TCGA-A8-A090-01Z-00-DX1,20.2207352603008,-26.4459228926681,10
3_#_BRCA_00230_TCGA-A8-A090-01Z-00-DX1,-39.2155132598216,-9.14941409523495,8
4_#_BRCA_00230_TCGA-A8-A090-01Z-00-DX1,-40.057914377594,-9.5280369115123,8
5_#_BRCA_00230_TCGA-A8-A090-01Z-00-DX1,16.2287330406987,-17.2364135166492,4
0_#_BRCA_00231_TCGA-A8-A091-01Z-00-DX1,15.56471234199,-25.324254708679,10
2_#_BRCA_00231_TCGA-A8-A091-01Z-00-DX1,-35.1329142460677,-3.75815262213778,8
3_#_BRCA_00231_TCGA-A8-A091-01Z-00-DX1,25.218647918115,20.6799239283533,7
5_#_BRCA_00231_TCGA-A8-A091-01Z-00-DX1,-34.7403438127254,-5.63591693735075,8
1_#_BRCA_00231_TCGA-A8-A091-01Z-00-DX1,-35.6727799651617,-3.90127961771803,8
4_#_BRCA_00231_TCGA-A8-A091-01Z-00-DX1,-37.5680419691546,-12.0110126426693,8
2_#_BRCA_00232_TCGA-A8-A092-01Z-00-DX1,-38.662461510206,-7.72201623277376,8
0_#_BRCA_00232_TCGA-A8-A092-01Z-00-DX1,-34.7523376939712,-10.6063981885174,8
1_#_BRCA_00232_TCGA-A8-A092-01Z-00-DX1,-37.5218199731031,-12.4179957429203,8
3_#_BRCA_00232_TCGA-A8-A092-01Z-00-DX1,-36.9743130395949,-16.042437308883,8
5_#_BRCA_00232_TCGA-A8-A092-01Z-00-DX1,-35.8389623639835,-12.7439134569508,8
4_#_BRCA_00232_TCGA-A8-A092-01Z-00-DX1,-40.32923569909,-2.37398410308676,8
6_#_BRCA_00232_TCGA-A8-A092-01Z-00-DX1,-34.7478819131518,-12.2555282014086,8
0_#_BRCA_00233_TCGA-A8-A093-01Z-00-DX1,-40.8529965324536,-13.0363471747667,8
2_#_BRCA_00233_TCGA-A8-A093-01Z-00-DX1,-36.7019418428889,-12.4608682415716,8
1_#_BRCA_00233_TCGA-A8-A093-01Z-00-DX1,-34.6123554855853,-13.1462678456158,8
3_#_BRCA_00233_TCGA-A8-A093-01Z-00-DX1,-39.1000969889325,-7.6380697173038,8
5_#_BRCA_00233_TCGA-A8-A093-01Z-00-DX1,-40.6784789329564,-12.6511984932626,8
4_#_BRCA_00233_TCGA-A8-A093-01Z-00-DX1,-38.9099919271716,-6.93258855752835,8
0_#_BRCA_00234_TCGA-A8-A094-01Z-00-DX1,-41.8582151054955,1.55721735952471,8
2_#_BRCA_00234_TCGA-A8-A094-01Z-00-DX1,-35.501709813611,-12.3150782785301,8
4_#_BRCA_00234_TCGA-A8-A094-01Z-00-DX1,-39.7694733757803,-3.47741729023853,8
1_#_BRCA_00234_TCGA-A8-A094-01Z-00-DX1,-42.4380933540958,0.937501970314801,8
3_#_BRCA_00234_TCGA-A8-A094-01Z-00-DX1,-35.8614657667683,-12.8739066968984,8
6_#_BRCA_00234_TCGA-A8-A094-01Z-00-DX1,-42.0870314551101,1.61344843737271,8
5_#_BRCA_00234_TCGA-A8-A094-01Z-00-DX1,-41.9998479376125,-5.478193143989,8
8_#_BRCA_00234_TCGA-A8-A094-01Z-00-DX1,-33.177183114081,-14.4571134199623,8
9_#_BRCA_00234_TCGA-A8-A094-01Z-00-DX1,-37.717666894978,-8.89878316172968,8
7_#_BRCA_00234_TCGA-A8-A094-01Z-00-DX1,-43.3271219382414,0.358179643689006,8
0_#_BRCA_00235_TCGA-A8-A095-01Z-00-DX1,-36.1510530902888,-6.05085635388971,8
2_#_BRCA_00235_TCGA-A8-A095-01Z-00-DX1,-34.7477532628323,-10.1938192804688,8
1_#_BRCA_00235_TCGA-A8-A095-01Z-00-DX1,-35.5406285966764,-13.6538241057153,8
3_#_BRCA_00235_TCGA-A8-A095-01Z-00-DX1,-38.4786551815969,-13.0963105389833,8
4_#_BRCA_00235_TCGA-A8-A095-01Z-00-DX1,-40.2131571888799,-6.49294911778952,8
5_#_BRCA_00235_TCGA-A8-A095-01Z-00-DX1,-4.13762956662325,0.603059563152201,10
1_#_BRCA_00236_TCGA-A8-A096-01Z-00-DX1,-37.9342526877564,-14.7644986551647,8
2_#_BRCA_00236_TCGA-A8-A096-01Z-00-DX1,-35.1242613990747,-10.8355912821241,8
3_#_BRCA_00236_TCGA-A8-A096-01Z-00-DX1,2.33232791306955,-23.3314581574262,8
0_#_BRCA_00236_TCGA-A8-A096-01Z-00-DX1,-37.5990589955882,-13.886968909807,8
4_#_BRCA_00236_TCGA-A8-A096-01Z-00-DX1,-38.9775668787655,-8.1567864734292,8
6_#_BRCA_00236_TCGA-A8-A096-01Z-00-DX1,-45.2547530318706,-7.52806949101785,8
5_#_BRCA_00236_TCGA-A8-A096-01Z-00-DX1,-38.420157254243,-13.2907584543085,8
1_#_BRCA_00237_TCGA-A8-A097-01Z-00-DX1,-40.2076734636117,-12.7028080989826,8
0_#_BRCA_00237_TCGA-A8-A097-01Z-00-DX1,-39.8142638977564,-5.94943493011138,8
3_#_BRCA_00237_TCGA-A8-A097-01Z-00-DX1,-39.2566577594042,-7.419608228945,8
2_#_BRCA_00237_TCGA-A8-A097-01Z-00-DX1,-34.1201927442204,-13.8370475620381,8
4_#_BRCA_00237_TCGA-A8-A097-01Z-00-DX1,-43.1638991691875,-13.4419902162793,8
0_#_BRCA_00238_TCGA-A8-A099-01Z-00-DX1,-38.4649907260034,-12.8022767748112,8
1_#_BRCA_00238_TCGA-A8-A099-01Z-00-DX1,-42.7427067833885,0.0498032161993104,8
2_#_BRCA_00238_TCGA-A8-A099-01Z-00-DX1,-43.2796600260653,-1.68598101224801,8
4_#_BRCA_00238_TCGA-A8-A099-01Z-00-DX1,-41.9074793418289,-5.78979978790111,8
3_#_BRCA_00238_TCGA-A8-A099-01Z-00-DX1,-40.0325840206586,-4.27675929505317,8
5_#_BRCA_00238_TCGA-A8-A099-01Z-00-DX1,-42.5228634424686,-0.107144473026409,8
0_#_BRCA_00239_TCGA-A8-A09A-01Z-00-DX1,-40.342359730394,-5.28426433116625,8
2_#_BRCA_00239_TCGA-A8-A09A-01Z-00-DX1,-40.6390437769244,2.04956156450904,8
3_#_BRCA_00239_TCGA-A8-A09A-01Z-00-DX1,-33.8562495471317,-11.5143423625321,8
5_#_BRCA_00239_TCGA-A8-A09A-01Z-00-DX1,-40.7269031857164,2.28347945766913,8
1_#_BRCA_00239_TCGA-A8-A09A-01Z-00-DX1,-40.8207817290767,2.30701687124215,8
4_#_BRCA_00239_TCGA-A8-A09A-01Z-00-DX1,-40.8311690246184,2.59205096247535,8
0_#_BRCA_00240_TCGA-A8-A09B-01Z-00-DX1,-37.3940699686946,-14.1195713087426,8
1_#_BRCA_00240_TCGA-A8-A09B-01Z-00-DX1,-37.4345501096694,-12.504441679316,8
2_#_BRCA_00240_TCGA-A8-A09B-01Z-00-DX1,-40.1901548601041,-12.6361167833604,8
3_#_BRCA_00240_TCGA-A8-A09B-01Z-00-DX1,-39.9427047905069,-4.13019586003115,8
5_#_BRCA_00240_TCGA-A8-A09B-01Z-00-DX1,-37.0385899358105,-5.85604018560799,8
6_#_BRCA_00240_TCGA-A8-A09B-01Z-00-DX1,-36.6284527004705,-7.82900445234772,8
4_#_BRCA_00240_TCGA-A8-A09B-01Z-00-DX1,-39.3318887839708,2.53221917854666,8
0_#_BRCA_00241_TCGA-A8-A09D-01Z-00-DX1,-41.1478766771255,-1.91193425904269,8
3_#_BRCA_00241_TCGA-A8-A09D-01Z-00-DX1,-35.5767676192301,-6.31724513804253,8
1_#_BRCA_00241_TCGA-A8-A09D-01Z-00-DX1,-35.1356107586037,-6.36918863325252,8
2_#_BRCA_00241_TCGA-A8-A09D-01Z-00-DX1,-41.3918050759171,-5.82846966083025,8
4_#_BRCA_00241_TCGA-A8-A09D-01Z-00-DX1,-34.146233071407,-4.16595515747968,8
5_#_BRCA_00241_TCGA-A8-A09D-01Z-00-DX1,-33.5858497379912,-13.3976328727545,8
6_#_BRCA_00241_TCGA-A8-A09D-01Z-00-DX1,-39.087644443323,-10.9865154499766,8
0_#_BRCA_00242_TCGA-A8-A09E-01Z-00-DX1,-42.6511724183146,-3.34931260559144,8
1_#_BRCA_00242_TCGA-A8-A09E-01Z-00-DX1,-33.4327350961429,-14.1681768286829,8
2_#_BRCA_00242_TCGA-A8-A09E-01Z-00-DX1,-42.3135472901665,-3.30834326370681,8
3_#_BRCA_00242_TCGA-A8-A09E-01Z-00-DX1,-42.4758243420271,-1.50947883326376,8
4_#_BRCA_00242_TCGA-A8-A09E-01Z-00-DX1,-42.3538345651066,-3.63695729433966,8
5_#_BRCA_00242_TCGA-A8-A09E-01Z-00-DX1,-42.0371624858038,-4.09950659301021,8
0_#_BRCA_00243_TCGA-A8-A09G-01Z-00-DX1,-38.3657137443555,-16.9359778985735,8
2_#_BRCA_00243_TCGA-A8-A09G-01Z-00-DX1,-43.0807667298294,-0.489290546391325,8
1_#_BRCA_00243_TCGA-A8-A09G-01Z-00-DX1,-38.018337812616,-8.21265272768702,8
6_#_BRCA_00243_TCGA-A8-A09G-01Z-00-DX1,-38.338494310325,-16.8114665610821,8
3_#_BRCA_00243_TCGA-A8-A09G-01Z-00-DX1,-37.7351637177229,-16.6435231627069,8
7_#_BRCA_00243_TCGA-A8-A09G-01Z-00-DX1,-37.6299114202443,4.10025817405849,6
5_#_BRCA_00243_TCGA-A8-A09G-01Z-00-DX1,-12.9848027643806,36.8829465710613,6
4_#_BRCA_00243_TCGA-A8-A09G-01Z-00-DX1,-33.6597795214127,-14.5704096378667,8
0_#_BRCA_00244_TCGA-A8-A09I-01Z-00-DX1,-35.9889217909359,-10.1662538543654,8
7_#_BRCA_00244_TCGA-A8-A09I-01Z-00-DX1,-40.7204496219255,1.50511875596232,8
3_#_BRCA_00244_TCGA-A8-A09I-01Z-00-DX1,-40.4627606429818,1.1950369669866,8
1_#_BRCA_00244_TCGA-A8-A09I-01Z-00-DX1,-39.3871379632005,-0.601234749822055,8
2_#_BRCA_00244_TCGA-A8-A09I-01Z-00-DX1,-39.9858810445747,1.62437758745793,8
4_#_BRCA_00244_TCGA-A8-A09I-01Z-00-DX1,-39.1641303893856,1.26538549920777,8
5_#_BRCA_00244_TCGA-A8-A09I-01Z-00-DX1,-42.2991609758606,-14.4120273527067,8
6_#_BRCA_00244_TCGA-A8-A09I-01Z-00-DX1,-41.552193468481,0.511664898472814,8
0_#_BRCA_00245_TCGA-A8-A09K-01Z-00-DX1,-40.9775783947696,-10.6267173293885,8
2_#_BRCA_00245_TCGA-A8-A09K-01Z-00-DX1,-36.9484114301205,-4.28197512281795,8
5_#_BRCA_00245_TCGA-A8-A09K-01Z-00-DX1,-36.8716590057054,-4.07425696312489,8
3_#_BRCA_00245_TCGA-A8-A09K-01Z-00-DX1,-39.0862177057652,-6.29478341809648,8
8_#_BRCA_00245_TCGA-A8-A09K-01Z-00-DX1,-33.7694693229245,-14.3360461678112,8
6_#_BRCA_00245_TCGA-A8-A09K-01Z-00-DX1,-41.8134061195077,-2.20205058174198,8
1_#_BRCA_00245_TCGA-A8-A09K-01Z-00-DX1,15.6198566476556,-25.3542019129131,10
4_#_BRCA_00245_TCGA-A8-A09K-01Z-00-DX1,-40.9518651871004,-2.27924745680425,8
7_#_BRCA_00245_TCGA-A8-A09K-01Z-00-DX1,-42.1373830423004,-14.1824814888271,8
5_#_BRCA_00246_TCGA-A8-A09M-01Z-00-DX1,-41.6293495282059,-0.187712937951535,8
1_#_BRCA_00246_TCGA-A8-A09M-01Z-00-DX1,-36.2701760395872,-15.5627607248752,8
2_#_BRCA_00246_TCGA-A8-A09M-01Z-00-DX1,-38.6676851970254,-10.1031052749964,8
3_#_BRCA_00246_TCGA-A8-A09M-01Z-00-DX1,-37.3354373789689,-5.87803388274859,8
0_#_BRCA_00246_TCGA-A8-A09M-01Z-00-DX1,-39.138283033056,-6.13931729112461,8
4_#_BRCA_00246_TCGA-A8-A09M-01Z-00-DX1,-35.6513827357813,-9.80029814174482,8
2_#_BRCA_00247_TCGA-A8-A09N-01Z-00-DX1,-38.0300230441298,-14.1675381493963,8
0_#_BRCA_00247_TCGA-A8-A09N-01Z-00-DX1,-37.4842821415558,-14.3220902626304,8
5_#_BRCA_00247_TCGA-A8-A09N-01Z-00-DX1,-38.3730954549957,-13.7265693415547,8
4_#_BRCA_00247_TCGA-A8-A09N-01Z-00-DX1,-37.5517093552863,-12.6416227600278,8
3_#_BRCA_00247_TCGA-A8-A09N-01Z-00-DX1,-37.4987696100978,-12.9697706016459,8
6_#_BRCA_00247_TCGA-A8-A09N-01Z-00-DX1,-37.8288342550711,-12.9428011907186,8
1_#_BRCA_00247_TCGA-A8-A09N-01Z-00-DX1,-37.9134746204023,-13.2379320845565,8
0_#_BRCA_00248_TCGA-A8-A09Q-01Z-00-DX1,-41.8807770066807,-0.19092596373763,8
1_#_BRCA_00248_TCGA-A8-A09Q-01Z-00-DX1,-41.082669992085,-9.85334829170539,8
2_#_BRCA_00248_TCGA-A8-A09Q-01Z-00-DX1,-41.2699661962297,1.06695651461,8
3_#_BRCA_00248_TCGA-A8-A09Q-01Z-00-DX1,-41.3021278104073,1.48469514609029,8
6_#_BRCA_00248_TCGA-A8-A09Q-01Z-00-DX1,-43.7661096706134,-0.751818767495904,8
5_#_BRCA_00248_TCGA-A8-A09Q-01Z-00-DX1,-43.8777009681092,-4.86026971683984,8
4_#_BRCA_00248_TCGA-A8-A09Q-01Z-00-DX1,-45.2251332893756,-4.19891664918078,8
0_#_BRCA_00249_TCGA-A8-A09R-01Z-00-DX1,-41.7929283693202,1.44984357131537,8
1_#_BRCA_00249_TCGA-A8-A09R-01Z-00-DX1,-39.9109459766875,-3.54372142551656,8
4_#_BRCA_00249_TCGA-A8-A09R-01Z-00-DX1,-34.3176003667204,-13.3925844834857,8
6_#_BRCA_00249_TCGA-A8-A09R-01Z-00-DX1,-43.0983753786757,0.0825395032725536,8
2_#_BRCA_00249_TCGA-A8-A09R-01Z-00-DX1,-42.5652481797305,-7.29068428082362,8
7_#_BRCA_00249_TCGA-A8-A09R-01Z-00-DX1,-41.8915810502182,1.16345313570001,8
5_#_BRCA_00249_TCGA-A8-A09R-01Z-00-DX1,-44.2695149184231,-1.50811460023221,8
3_#_BRCA_00249_TCGA-A8-A09R-01Z-00-DX1,-42.9797394766359,0.0950889537119179,8
8_#_BRCA_00249_TCGA-A8-A09R-01Z-00-DX1,-44.7210694896688,-6.03529780298348,8
9_#_BRCA_00249_TCGA-A8-A09R-01Z-00-DX1,-43.3130927757581,-13.3082292436668,8
0_#_BRCA_00250_TCGA-A8-A09T-01Z-00-DX1,-27.2903306307197,-10.3061119727022,1
1_#_BRCA_00250_TCGA-A8-A09T-01Z-00-DX1,-27.369545473254,-10.3795088302063,1
2_#_BRCA_00250_TCGA-A8-A09T-01Z-00-DX1,-38.9304977165809,-12.0339893539817,8
3_#_BRCA_00250_TCGA-A8-A09T-01Z-00-DX1,-33.8958148833291,-11.0149839351362,8
4_#_BRCA_00250_TCGA-A8-A09T-01Z-00-DX1,-39.2913833794025,-16.3360053604216,8
5_#_BRCA_00250_TCGA-A8-A09T-01Z-00-DX1,-27.0020818096263,-9.94432693445319,1
0_#_BRCA_00251_TCGA-A8-A09V-01Z-00-DX1,-42.0012368090764,-15.469857794496,8
2_#_BRCA_00251_TCGA-A8-A09V-01Z-00-DX1,-41.9578751289906,-15.6785315386429,8
1_#_BRCA_00251_TCGA-A8-A09V-01Z-00-DX1,-38.2038310990571,-14.8934004023909,8
6_#_BRCA_00251_TCGA-A8-A09V-01Z-00-DX1,-41.9063207333337,-15.0604421628115,8
7_#_BRCA_00251_TCGA-A8-A09V-01Z-00-DX1,-41.9103848593779,-15.1854981449895,8
3_#_BRCA_00251_TCGA-A8-A09V-01Z-00-DX1,-41.9923027444168,-15.4794247685071,8
4_#_BRCA_00251_TCGA-A8-A09V-01Z-00-DX1,-37.3287474637135,-16.3038449644077,8
5_#_BRCA_00251_TCGA-A8-A09V-01Z-00-DX1,-42.0200848320922,-15.3524841552413,8
0_#_BRCA_00252_TCGA-A8-A09W-01Z-00-DX1,-39.2110767992949,-16.3346527979875,8
2_#_BRCA_00252_TCGA-A8-A09W-01Z-00-DX1,-38.6802858912782,-16.577028374963,8
1_#_BRCA_00252_TCGA-A8-A09W-01Z-00-DX1,-39.4577994018292,-15.9784384187052,8
6_#_BRCA_00252_TCGA-A8-A09W-01Z-00-DX1,-36.449550299658,-6.73160642242065,8
3_#_BRCA_00252_TCGA-A8-A09W-01Z-00-DX1,-39.0139132443101,-14.5712306844823,8
4_#_BRCA_00252_TCGA-A8-A09W-01Z-00-DX1,-31.9077427050208,-14.823457017014,8
5_#_BRCA_00252_TCGA-A8-A09W-01Z-00-DX1,-37.8000519266901,3.89435580648107,8
1_#_BRCA_00254_TCGA-A8-A09Z-01Z-00-DX1,-46.1071992828678,-3.43072007999304,8
0_#_BRCA_00254_TCGA-A8-A09Z-01Z-00-DX1,-46.228531177171,-3.62177696601033,8
2_#_BRCA_00254_TCGA-A8-A09Z-01Z-00-DX1,-46.0612347921876,-3.5537126490512,8
5_#_BRCA_00254_TCGA-A8-A09Z-01Z-00-DX1,-44.9870750728797,-3.3372045379205,8
3_#_BRCA_00254_TCGA-A8-A09Z-01Z-00-DX1,-46.2871635621367,-4.07806440408777,8
4_#_BRCA_00254_TCGA-A8-A09Z-01Z-00-DX1,-45.6435685938228,-4.51308116088569,8
6_#_BRCA_00254_TCGA-A8-A09Z-01Z-00-DX1,-37.2348574402543,-12.4316450611611,8
0_#_BRCA_00255_TCGA-A8-A0A1-01Z-00-DX1,-39.7059460553283,-11.0670285284736,8
3_#_BRCA_00255_TCGA-A8-A0A1-01Z-00-DX1,-39.5280480412202,2.90722975406236,8
2_#_BRCA_00255_TCGA-A8-A0A1-01Z-00-DX1,-39.2946693298115,-13.6798539861404,8
1_#_BRCA_00255_TCGA-A8-A0A1-01Z-00-DX1,-38.8649201602399,2.89659488980341,8
4_#_BRCA_00255_TCGA-A8-A0A1-01Z-00-DX1,-43.6752798570519,-4.54171816585085,8
6_#_BRCA_00255_TCGA-A8-A0A1-01Z-00-DX1,-34.0532089119215,-14.0458715508477,8
5_#_BRCA_00255_TCGA-A8-A0A1-01Z-00-DX1,-40.0095210324747,-5.82066600561977,8
7_#_BRCA_00255_TCGA-A8-A0A1-01Z-00-DX1,-33.9822542105679,-4.24537780955957,8
2_#_BRCA_00256_TCGA-A8-A0A2-01Z-00-DX1,-41.3026439667907,-13.4212672918607,8
0_#_BRCA_00256_TCGA-A8-A0A2-01Z-00-DX1,-41.893381410398,-14.8953935319158,8
3_#_BRCA_00256_TCGA-A8-A0A2-01Z-00-DX1,-35.0855399886837,-13.4236771275937,8
1_#_BRCA_00256_TCGA-A8-A0A2-01Z-00-DX1,-39.8029105690577,-13.5819921977357,8
4_#_BRCA_00256_TCGA-A8-A0A2-01Z-00-DX1,-38.8993551928488,-8.06892683083567,8
5_#_BRCA_00256_TCGA-A8-A0A2-01Z-00-DX1,-42.9675493020926,-7.81400051627841,8
0_#_BRCA_00258_TCGA-A8-A0A7-01Z-00-DX1,-41.510305544978,-5.74950434977267,8
5_#_BRCA_00258_TCGA-A8-A0A7-01Z-00-DX1,-42.6248482403566,-8.5383359869989,8
1_#_BRCA_00258_TCGA-A8-A0A7-01Z-00-DX1,-42.5309391228358,-7.54651188997257,8
3_#_BRCA_00258_TCGA-A8-A0A7-01Z-00-DX1,-42.9708265515769,-7.90552107629574,8
4_#_BRCA_00258_TCGA-A8-A0A7-01Z-00-DX1,-39.4669584186003,-13.8138405090412,8
2_#_BRCA_00258_TCGA-A8-A0A7-01Z-00-DX1,-42.3407289758605,-8.38000611615748,8
0_#_BRCA_00259_TCGA-A8-A0A9-01Z-00-DX1,-36.2023862882504,-5.22257420264886,8
3_#_BRCA_00259_TCGA-A8-A0A9-01Z-00-DX1,-41.3439825275821,-11.8363868718923,8
4_#_BRCA_00259_TCGA-A8-A0A9-01Z-00-DX1,-40.9899185545873,-12.1736271171902,8
1_#_BRCA_00259_TCGA-A8-A0A9-01Z-00-DX1,-36.2693298842086,-5.42378596049498,8
2_#_BRCA_00259_TCGA-A8-A0A9-01Z-00-DX1,-41.6735080433729,-14.3980682409723,8
0_#_BRCA_00260_TCGA-A8-A0AB-01Z-00-DX1,-35.3775953247135,-14.0078210815396,8
1_#_BRCA_00260_TCGA-A8-A0AB-01Z-00-DX1,-40.9524904166505,-13.218617963919,8
2_#_BRCA_00260_TCGA-A8-A0AB-01Z-00-DX1,-38.1535619638497,-7.91812042433933,8
3_#_BRCA_00260_TCGA-A8-A0AB-01Z-00-DX1,-38.6518210162934,-0.0935577920672574,8
4_#_BRCA_00260_TCGA-A8-A0AB-01Z-00-DX1,-39.7483461035167,1.67075323621292,8
5_#_BRCA_00260_TCGA-A8-A0AB-01Z-00-DX1,-39.739778330801,-10.2854559365446,8
6_#_BRCA_00260_TCGA-A8-A0AB-01Z-00-DX1,-35.2840261967254,-12.3093068464082,8
7_#_BRCA_00260_TCGA-A8-A0AB-01Z-00-DX1,-41.6385841461639,0.212719169269094,8
0_#_BRCA_00261_TCGA-A8-A0AD-01Z-00-DX1,-35.5677752960318,-13.8657291729576,8
1_#_BRCA_00261_TCGA-A8-A0AD-01Z-00-DX1,-39.7997226413483,-5.82938997139202,8
3_#_BRCA_00261_TCGA-A8-A0AD-01Z-00-DX1,-40.1230114764271,-12.7388264935576,8
2_#_BRCA_00261_TCGA-A8-A0AD-01Z-00-DX1,-44.7329489234526,-3.31840895901618,8
5_#_BRCA_00261_TCGA-A8-A0AD-01Z-00-DX1,-40.5250057216463,-5.84078797122853,8
4_#_BRCA_00261_TCGA-A8-A0AD-01Z-00-DX1,-43.1113257358835,-1.99382271368406,8
1_#_BRCA_00262_TCGA-AC-A23C-01Z-00-DX1,11.9048856803891,-12.3568736262423,6
0_#_BRCA_00262_TCGA-AC-A23C-01Z-00-DX1,-28.694290545101,-0.0947047089416211,2
3_#_BRCA_00262_TCGA-AC-A23C-01Z-00-DX1,-14.7613321857318,27.9757737785849,6
2_#_BRCA_00262_TCGA-AC-A23C-01Z-00-DX1,-13.6212030864233,35.4575561653022,6
5_#_BRCA_00262_TCGA-AC-A23C-01Z-00-DX1,-29.2705960067314,0.43074165081476,2
4_#_BRCA_00262_TCGA-AC-A23C-01Z-00-DX1,-13.2690405761052,35.8683553825228,6
6_#_BRCA_00262_TCGA-AC-A23C-01Z-00-DX1,-7.2715223161038,-2.95782599082129,6
7_#_BRCA_00262_TCGA-AC-A23C-01Z-00-DX1,-14.2705495693384,35.1632593869712,6
0_#_BRCA_00263_TCGA-AC-A23E-01Z-00-DX1,-29.0648211026422,0.978795525841434,2
1_#_BRCA_00263_TCGA-AC-A23E-01Z-00-DX1,-28.6582691941984,-0.0621112274082933,2
2_#_BRCA_00263_TCGA-AC-A23E-01Z-00-DX1,-4.99431333115386,-15.0719602822924,2
4_#_BRCA_00263_TCGA-AC-A23E-01Z-00-DX1,-3.75263655473892,4.43619087098868,6
6_#_BRCA_00263_TCGA-AC-A23E-01Z-00-DX1,-28.8070994292546,12.2918356364694,5
5_#_BRCA_00263_TCGA-AC-A23E-01Z-00-DX1,-9.78931099573902,1.66364592281292,2
3_#_BRCA_00263_TCGA-AC-A23E-01Z-00-DX1,-14.1565008742407,34.8688177810026,6
0_#_BRCA_00264_TCGA-AC-A23G-01Z-00-DX1,9.18992023708076,-5.323921699666,4
2_#_BRCA_00264_TCGA-AC-A23G-01Z-00-DX1,-7.45514268491304,-2.95342163179954,6
3_#_BRCA_00264_TCGA-AC-A23G-01Z-00-DX1,-3.73905976099681,8.1561926609594,5
1_#_BRCA_00264_TCGA-AC-A23G-01Z-00-DX1,-7.23368291274131,-2.84203676253296,6
4_#_BRCA_00264_TCGA-AC-A23G-01Z-00-DX1,1.15377023526282,-15.9384889580197,2
5_#_BRCA_00264_TCGA-AC-A23G-01Z-00-DX1,7.22353196780473,-14.5013079170205,10
1_#_BRCA_00265_TCGA-AC-A23H-01Z-00-DX1,-28.733440787192,-0.00984719650337663,2
0_#_BRCA_00265_TCGA-AC-A23H-01Z-00-DX1,-28.6788056022363,0.0837759834858605,2
4_#_BRCA_00265_TCGA-AC-A23H-01Z-00-DX1,-28.799152037632,0.599949254691388,2
3_#_BRCA_00265_TCGA-AC-A23H-01Z-00-DX1,8.9961812472635,-20.2527128477044,9
2_#_BRCA_00265_TCGA-AC-A23H-01Z-00-DX1,-28.1885411836455,-0.537267645569236,2
5_#_BRCA_00265_TCGA-AC-A23H-01Z-00-DX1,-5.4611306195298,-14.7355439079784,2
6_#_BRCA_00265_TCGA-AC-A23H-01Z-00-DX1,-0.0731815909533865,-22.0300028977902,2
0_#_BRCA_00266_TCGA-AC-A2B8-01Z-00-DX1,-9.68148522843937,29.0840324045925,6
2_#_BRCA_00266_TCGA-AC-A2B8-01Z-00-DX1,3.07261895439814,26.8982591229691,4
3_#_BRCA_00266_TCGA-AC-A2B8-01Z-00-DX1,-9.84939836104996,32.0164238954279,6
1_#_BRCA_00266_TCGA-AC-A2B8-01Z-00-DX1,21.2136384783165,8.41728303481205,4
7_#_BRCA_00266_TCGA-AC-A2B8-01Z-00-DX1,-21.1702840490956,21.1230249660819,5
6_#_BRCA_00266_TCGA-AC-A2B8-01Z-00-DX1,33.5499298281044,13.9805708536724,7
4_#_BRCA_00266_TCGA-AC-A2B8-01Z-00-DX1,33.8966120196496,9.36404492564895,7
5_#_BRCA_00266_TCGA-AC-A2B8-01Z-00-DX1,8.1559406695335,-21.4957012751081,9
0_#_BRCA_00267_TCGA-AC-A2BK-01Z-00-DX1,-9.91685253876258,-23.7442520997644,2
1_#_BRCA_00267_TCGA-AC-A2BK-01Z-00-DX1,-10.1487622537945,-23.8614801872817,2
2_#_BRCA_00267_TCGA-AC-A2BK-01Z-00-DX1,6.26464314965371,6.27138274062042,1
3_#_BRCA_00267_TCGA-AC-A2BK-01Z-00-DX1,30.5558346065908,4.60515160722876,7
4_#_BRCA_00267_TCGA-AC-A2BK-01Z-00-DX1,-10.4412879151703,-22.9363542510288,2
5_#_BRCA_00267_TCGA-AC-A2BK-01Z-00-DX1,-11.0328033434822,-15.02987157057,2
6_#_BRCA_00267_TCGA-AC-A2BK-01Z-00-DX1,6.4177414922039,17.1891550261668,1
0_#_BRCA_00268_TCGA-AC-A2BM-01Z-00-DX1,-7.78920669602192,27.6714804282941,6
1_#_BRCA_00268_TCGA-AC-A2BM-01Z-00-DX1,20.9687270245948,3.28281391285702,4
3_#_BRCA_00268_TCGA-AC-A2BM-01Z-00-DX1,-11.123798961025,33.4514512994989,6
7_#_BRCA_00268_TCGA-AC-A2BM-01Z-00-DX1,-14.6904584916478,-0.648560942006718,6
4_#_BRCA_00268_TCGA-AC-A2BM-01Z-00-DX1,4.06550995821542,29.7695118448294,6
2_#_BRCA_00268_TCGA-AC-A2BM-01Z-00-DX1,-19.862871168853,-9.01867273636241,2
6_#_BRCA_00268_TCGA-AC-A2BM-01Z-00-DX1,5.31125334051361,-2.7357712025767,1
5_#_BRCA_00268_TCGA-AC-A2BM-01Z-00-DX1,-10.8909154030389,33.438136826017,6
0_#_BRCA_00269_TCGA-AC-A2FB-01Z-00-DX1,-2.27791425186196,33.9723080590281,6
1_#_BRCA_00269_TCGA-AC-A2FB-01Z-00-DX1,23.635906720343,5.2452042840252,7
3_#_BRCA_00269_TCGA-AC-A2FB-01Z-00-DX1,10.5528212407917,27.9496183751003,6
2_#_BRCA_00269_TCGA-AC-A2FB-01Z-00-DX1,-21.3198623527578,-15.5864960768055,8
4_#_BRCA_00269_TCGA-AC-A2FB-01Z-00-DX1,10.0218266599533,26.9497237053527,6
5_#_BRCA_00269_TCGA-AC-A2FB-01Z-00-DX1,20.865286910142,-5.98549344046146,4
6_#_BRCA_00269_TCGA-AC-A2FB-01Z-00-DX1,19.6190000178959,19.0566190546134,6
0_#_BRCA_00270_TCGA-AC-A2FE-01Z-00-DX1,27.8422920160908,-21.9325988934961,4
2_#_BRCA_00270_TCGA-AC-A2FE-01Z-00-DX1,2.77916258812477,31.0015554863222,6
1_#_BRCA_00270_TCGA-AC-A2FE-01Z-00-DX1,25.4440157767152,-16.4057373208133,4
6_#_BRCA_00270_TCGA-AC-A2FE-01Z-00-DX1,22.3123650583755,-6.22771247392212,4
4_#_BRCA_00270_TCGA-AC-A2FE-01Z-00-DX1,29.839881356717,-18.0358526567465,4
5_#_BRCA_00270_TCGA-AC-A2FE-01Z-00-DX1,2.68100257065103,30.7124710887372,6
3_#_BRCA_00270_TCGA-AC-A2FE-01Z-00-DX1,32.6376494546128,-9.34597835980336,4
2_#_BRCA_00271_TCGA-AC-A2FF-01Z-00-DX1,24.5126565293167,10.4401705423696,7
0_#_BRCA_00271_TCGA-AC-A2FF-01Z-00-DX1,28.7815627802704,17.854094654,7
1_#_BRCA_00271_TCGA-AC-A2FF-01Z-00-DX1,15.8908632588989,-13.398035405368,4
4_#_BRCA_00271_TCGA-AC-A2FF-01Z-00-DX1,-15.2383261866434,22.6669102990189,6
3_#_BRCA_00271_TCGA-AC-A2FF-01Z-00-DX1,21.1164955580677,15.6168465019468,7
7_#_BRCA_00271_TCGA-AC-A2FF-01Z-00-DX1,19.9045787049694,-17.429827674894,4
6_#_BRCA_00271_TCGA-AC-A2FF-01Z-00-DX1,5.01215520896647,-24.9371334747293,9
5_#_BRCA_00271_TCGA-AC-A2FF-01Z-00-DX1,28.2065817515859,13.7348559116097,7
0_#_BRCA_00272_TCGA-AC-A2FG-01Z-00-DX1,33.3063067498016,13.0441985123864,7
1_#_BRCA_00272_TCGA-AC-A2FG-01Z-00-DX1,-10.1146190808734,30.0033887828811,6
2_#_BRCA_00272_TCGA-AC-A2FG-01Z-00-DX1,-4.47498365502698,32.0652154493188,6
3_#_BRCA_00272_TCGA-AC-A2FG-01Z-00-DX1,31.2689787190681,9.18802401928295,7
6_#_BRCA_00272_TCGA-AC-A2FG-01Z-00-DX1,31.240218124109,9.14799768642752,7
4_#_BRCA_00272_TCGA-AC-A2FG-01Z-00-DX1,33.5546041439831,6.97199032871605,7
5_#_BRCA_00272_TCGA-AC-A2FG-01Z-00-DX1,14.0500405952726,-21.4313677138145,4
7_#_BRCA_00272_TCGA-AC-A2FG-01Z-00-DX1,15.2261064248534,-5.50032635451346,4
0_#_BRCA_00273_TCGA-AC-A2FK-01Z-00-DX1,-5.36143580544738,32.3095569040183,6
2_#_BRCA_00273_TCGA-AC-A2FK-01Z-00-DX1,-10.7859028366642,36.2070312751403,6
3_#_BRCA_00273_TCGA-AC-A2FK-01Z-00-DX1,27.3733027055124,14.0332743489369,7
1_#_BRCA_00273_TCGA-AC-A2FK-01Z-00-DX1,26.5253955239599,-2.38926103712609,4
4_#_BRCA_00273_TCGA-AC-A2FK-01Z-00-DX1,-3.30862104806694,32.6205977357944,6
1_#_BRCA_00274_TCGA-AC-A2FM-01Z-00-DX1,-6.60584008018918,33.0233263089403,6
0_#_BRCA_00274_TCGA-AC-A2FM-01Z-00-DX1,-7.66012151036452,-2.57755278608147,6
3_#_BRCA_00274_TCGA-AC-A2FM-01Z-00-DX1,-6.61002530745471,32.9813735498272,6
5_#_BRCA_00274_TCGA-AC-A2FM-01Z-00-DX1,-17.9976295465332,-8.03957564444679,2
2_#_BRCA_00274_TCGA-AC-A2FM-01Z-00-DX1,-10.6923526161206,33.5797014614594,6
4_#_BRCA_00274_TCGA-AC-A2FM-01Z-00-DX1,-10.7109526082401,33.6780967503356,6
0_#_BRCA_00275_TCGA-AC-A2FO-01Z-00-DX1,27.7120507166297,0.123557768163733,4
1_#_BRCA_00275_TCGA-AC-A2FO-01Z-00-DX1,25.3049995453111,-6.52225622939726,2
2_#_BRCA_00275_TCGA-AC-A2FO-01Z-00-DX1,-9.67218753500569,34.1977238083813,6
5_#_BRCA_00275_TCGA-AC-A2FO-01Z-00-DX1,30.5884937800105,-15.9260669063143,4
3_#_BRCA_00275_TCGA-AC-A2FO-01Z-00-DX1,-6.66518551911992,32.6267737832358,6
4_#_BRCA_00275_TCGA-AC-A2FO-01Z-00-DX1,-5.48238832896785,30.5383415389672,6
0_#_BRCA_00276_TCGA-AC-A2QH-01Z-00-DX1,-8.57933922843023,15.1560891702214,5
1_#_BRCA_00276_TCGA-AC-A2QH-01Z-00-DX1,-9.89483480535993,17.5599788881269,1
2_#_BRCA_00276_TCGA-AC-A2QH-01Z-00-DX1,3.75349333171135,-26.8393950713893,9
3_#_BRCA_00276_TCGA-AC-A2QH-01Z-00-DX1,-4.54822802893237,-23.416695126512,5
1_#_BRCA_00277_TCGA-AC-A2QI-01Z-00-DX1,-5.80469398882998,30.7776957022302,6
0_#_BRCA_00277_TCGA-AC-A2QI-01Z-00-DX1,12.0238083120144,0.627549069160914,1
2_#_BRCA_00277_TCGA-AC-A2QI-01Z-00-DX1,-10.0702724813864,34.4735307027464,6
3_#_BRCA_00277_TCGA-AC-A2QI-01Z-00-DX1,0.293601621269325,31.0791755031352,6
4_#_BRCA_00277_TCGA-AC-A2QI-01Z-00-DX1,21.2261841919813,15.8542445077743,7
6_#_BRCA_00277_TCGA-AC-A2QI-01Z-00-DX1,13.3633063320944,1.61620359883742,6
5_#_BRCA_00277_TCGA-AC-A2QI-01Z-00-DX1,-16.4744154613501,27.3677591899649,6
1_#_BRCA_00278_TCGA-AC-A2QJ-01Z-00-DX1,-13.3959959114602,35.7281469993289,6
0_#_BRCA_00278_TCGA-AC-A2QJ-01Z-00-DX1,-14.1493689462481,33.7331466605632,6
2_#_BRCA_00278_TCGA-AC-A2QJ-01Z-00-DX1,-14.5284067945843,33.8550290722919,6
3_#_BRCA_00278_TCGA-AC-A2QJ-01Z-00-DX1,-13.2104728836787,35.9264924407619,6
5_#_BRCA_00278_TCGA-AC-A2QJ-01Z-00-DX1,-6.56913769025725,15.8623518968421,6
6_#_BRCA_00278_TCGA-AC-A2QJ-01Z-00-DX1,-7.62464512966511,-1.38127113075759,6
4_#_BRCA_00278_TCGA-AC-A2QJ-01Z-00-DX1,-8.54685797413934,12.0377672826763,5
7_#_BRCA_00278_TCGA-AC-A2QJ-01Z-00-DX1,-13.1692839847178,35.9252830247848,6
1_#_BRCA_00279_TCGA-AC-A3BB-01Z-00-DX1,-4.84100019659115,22.6660165430865,5
0_#_BRCA_00279_TCGA-AC-A3BB-01Z-00-DX1,-9.95682936953253,31.8185391262621,6
2_#_BRCA_00279_TCGA-AC-A3BB-01Z-00-DX1,-4.30605128835841,22.6979919720248,5
3_#_BRCA_00279_TCGA-AC-A3BB-01Z-00-DX1,-4.71296681803169,29.0447637458834,6
6_#_BRCA_00279_TCGA-AC-A3BB-01Z-00-DX1,-9.97252617872955,31.8315457341462,6
4_#_BRCA_00279_TCGA-AC-A3BB-01Z-00-DX1,-4.77243199859259,23.023374098875,7
5_#_BRCA_00279_TCGA-AC-A3BB-01Z-00-DX1,-3.7981709313688,10.2530515916199,5
7_#_BRCA_00279_TCGA-AC-A3BB-01Z-00-DX1,-10.5196760513014,32.392771995422,6
1_#_BRCA_00280_TCGA-AC-A3EH-01Z-00-DX1,33.2077203336523,10.2401890161797,7
4_#_BRCA_00280_TCGA-AC-A3EH-01Z-00-DX1,33.0882755770291,14.043740100979,7
3_#_BRCA_00280_TCGA-AC-A3EH-01Z-00-DX1,2.99186071184643,30.7093118480471,6
0_#_BRCA_00280_TCGA-AC-A3EH-01Z-00-DX1,-8.59378863090901,29.7028019571366,6
2_#_BRCA_00280_TCGA-AC-A3EH-01Z-00-DX1,33.9487221828434,9.1414122289385,7
5_#_BRCA_00280_TCGA-AC-A3EH-01Z-00-DX1,24.1628895363204,10.2270454678571,7
6_#_BRCA_00280_TCGA-AC-A3EH-01Z-00-DX1,23.7503352393225,9.72269535051993,7
0_#_BRCA_00281_TCGA-AC-A3HN-01Z-00-DX1,27.8090159049055,19.1863588585614,7
1_#_BRCA_00281_TCGA-AC-A3HN-01Z-00-DX1,27.1345739063333,8.00498558073667,7
2_#_BRCA_00281_TCGA-AC-A3HN-01Z-00-DX1,-16.4795540798383,28.2437400767989,6
3_#_BRCA_00281_TCGA-AC-A3HN-01Z-00-DX1,26.0360769070565,15.2795779376957,7
4_#_BRCA_00281_TCGA-AC-A3HN-01Z-00-DX1,22.1648250242507,15.7854557952666,7
0_#_BRCA_00282_TCGA-AC-A3OD-01Z-00-DX1,-13.4048604302141,8.12337981577305,5
1_#_BRCA_00282_TCGA-AC-A3OD-01Z-00-DX1,-11.9729248263086,16.3163323003098,5
5_#_BRCA_00282_TCGA-AC-A3OD-01Z-00-DX1,-13.5079366895775,9.84457354180813,5
4_#_BRCA_00282_TCGA-AC-A3OD-01Z-00-DX1,-17.0651285223626,17.1383255029189,5
2_#_BRCA_00282_TCGA-AC-A3OD-01Z-00-DX1,-14.9460665669395,8.44226046230416,5
3_#_BRCA_00282_TCGA-AC-A3OD-01Z-00-DX1,-15.1017207115666,27.1896941784157,6
5_#_BRCA_00283_TCGA-AC-A3QP-01Z-00-DX1,-10.5941134075865,36.437032981319,6
2_#_BRCA_00283_TCGA-AC-A3QP-01Z-00-DX1,-9.82549438072496,29.6663744753188,6
0_#_BRCA_00283_TCGA-AC-A3QP-01Z-00-DX1,-9.51636523134731,29.1775542368959,6
1_#_BRCA_00283_TCGA-AC-A3QP-01Z-00-DX1,31.8383364827918,10.2726908347994,7
3_#_BRCA_00283_TCGA-AC-A3QP-01Z-00-DX1,-11.1114921141252,36.4952659013733,6
6_#_BRCA_00283_TCGA-AC-A3QP-01Z-00-DX1,-8.6761348394838,30.8234083326078,6
4_#_BRCA_00283_TCGA-AC-A3QP-01Z-00-DX1,-10.623828301342,36.7896159025808,6
7_#_BRCA_00283_TCGA-AC-A3QP-01Z-00-DX1,27.6507400815551,14.8842387632511,7
8_#_BRCA_00283_TCGA-AC-A3QP-01Z-00-DX1,-10.7173298006873,36.4579736326567,6
9_#_BRCA_00283_TCGA-AC-A3QP-01Z-00-DX1,-14.2284567849189,28.5356259824732,6
2_#_BRCA_00284_TCGA-AC-A3QQ-01Z-00-DX1,-21.1842351800471,23.7420674979046,6
4_#_BRCA_00284_TCGA-AC-A3QQ-01Z-00-DX1,22.2033579988197,18.105981840315,7
1_#_BRCA_00284_TCGA-AC-A3QQ-01Z-00-DX1,34.8184118047833,7.39943101557205,7
3_#_BRCA_00284_TCGA-AC-A3QQ-01Z-00-DX1,22.2311745400198,17.9889068256317,7
5_#_BRCA_00284_TCGA-AC-A3QQ-01Z-00-DX1,-22.3739203004159,22.9526882284433,5
0_#_BRCA_00284_TCGA-AC-A3QQ-01Z-00-DX1,-22.1887635200024,23.1559347388398,5
0_#_BRCA_00285_TCGA-AC-A3TM-01Z-00-DX1,10.5460711739496,17.0180654567251,1
1_#_BRCA_00285_TCGA-AC-A3TM-01Z-00-DX1,10.8711317962072,15.9175652347017,1
2_#_BRCA_00285_TCGA-AC-A3TM-01Z-00-DX1,10.7043666088055,17.4003853265198,1
4_#_BRCA_00285_TCGA-AC-A3TM-01Z-00-DX1,4.08485700437167,16.5091602960123,1
3_#_BRCA_00285_TCGA-AC-A3TM-01Z-00-DX1,11.8158610515907,15.1964538667626,1
2_#_BRCA_00286_TCGA-AC-A3TN-01Z-00-DX1,29.585119125469,1.02326063118375,7
0_#_BRCA_00286_TCGA-AC-A3TN-01Z-00-DX1,-13.7982744783871,33.6231461950597,6
1_#_BRCA_00286_TCGA-AC-A3TN-01Z-00-DX1,30.5497605476701,1.79726618757942,7
3_#_BRCA_00286_TCGA-AC-A3TN-01Z-00-DX1,26.3812583163046,6.48561658810291,7
4_#_BRCA_00286_TCGA-AC-A3TN-01Z-00-DX1,-10.9828934197802,28.7793516185354,6
5_#_BRCA_00286_TCGA-AC-A3TN-01Z-00-DX1,-9.74828257542998,-30.3350625412549,2
2_#_BRCA_00287_TCGA-AC-A3W5-01Z-00-DX1,-16.9896053243431,25.8865061077916,6
1_#_BRCA_00287_TCGA-AC-A3W5-01Z-00-DX1,-13.7574537381551,33.8790736038068,6
0_#_BRCA_00287_TCGA-AC-A3W5-01Z-00-DX1,-16.1604974909644,28.3629239782716,6
5_#_BRCA_00287_TCGA-AC-A3W5-01Z-00-DX1,-16.8810379837353,26.3064016256278,6
3_#_BRCA_00287_TCGA-AC-A3W5-01Z-00-DX1,-4.97543533370561,30.7463923295579,6
6_#_BRCA_00287_TCGA-AC-A3W5-01Z-00-DX1,-10.9019572586439,36.3366486888347,6
4_#_BRCA_00287_TCGA-AC-A3W5-01Z-00-DX1,-16.8239682134429,26.3310460993466,6
7_#_BRCA_00287_TCGA-AC-A3W5-01Z-00-DX1,-14.5880570124034,25.5285251392398,6
1_#_BRCA_00288_TCGA-AC-A3W6-01Z-00-DX1,-7.89777705121242,23.7966611837346,6
0_#_BRCA_00288_TCGA-AC-A3W6-01Z-00-DX1,-16.8942878567753,25.2710023238743,6
2_#_BRCA_00288_TCGA-AC-A3W6-01Z-00-DX1,11.8490171971009,-14.5290646751964,4
3_#_BRCA_00288_TCGA-AC-A3W6-01Z-00-DX1,-16.99522006162,25.3715180426804,6
4_#_BRCA_00288_TCGA-AC-A3W6-01Z-00-DX1,-12.8006714784664,35.4780158270569,6
5_#_BRCA_00288_TCGA-AC-A3W6-01Z-00-DX1,-17.1040791208229,24.3715317063675,6
0_#_BRCA_00289_TCGA-AC-A3W7-01Z-00-DX1,-8.70972851658629,29.7724118764034,6
1_#_BRCA_00289_TCGA-AC-A3W7-01Z-00-DX1,-9.67833248830101,33.9375029528307,6
2_#_BRCA_00289_TCGA-AC-A3W7-01Z-00-DX1,-9.49561926925982,34.1266424650628,6
3_#_BRCA_00289_TCGA-AC-A3W7-01Z-00-DX1,-4.73130378043725,22.8072337506193,5
4_#_BRCA_00289_TCGA-AC-A3W7-01Z-00-DX1,26.0154222248468,12.2889006767181,7
5_#_BRCA_00289_TCGA-AC-A3W7-01Z-00-DX1,7.58872377260256,-29.2010392404288,9
4_#_BRCA_00290_TCGA-AC-A3YI-01Z-00-DX1,-3.53560991228507,32.2675179183639,6
2_#_BRCA_00290_TCGA-AC-A3YI-01Z-00-DX1,27.2005007822978,0.611217789524355,4
5_#_BRCA_00290_TCGA-AC-A3YI-01Z-00-DX1,-10.409313042064,36.5747787404834,6
3_#_BRCA_00290_TCGA-AC-A3YI-01Z-00-DX1,25.2683006845425,-1.90152781115826,4
1_#_BRCA_00290_TCGA-AC-A3YI-01Z-00-DX1,-2.70477414013041,32.1231725137492,6
0_#_BRCA_00290_TCGA-AC-A3YI-01Z-00-DX1,27.872252095256,13.8350030615731,7
8_#_BRCA_00290_TCGA-AC-A3YI-01Z-00-DX1,31.8203001020883,-9.46050169040754,4
6_#_BRCA_00290_TCGA-AC-A3YI-01Z-00-DX1,21.9312701506264,0.698571987850855,4
7_#_BRCA_00290_TCGA-AC-A3YI-01Z-00-DX1,1.55084111089924,36.0366180269937,7
9_#_BRCA_00290_TCGA-AC-A3YI-01Z-00-DX1,-2.25006211434261,32.2442835825329,6
3_#_BRCA_00291_TCGA-AC-A3YJ-01Z-00-DX1,-20.4277502014528,-6.15546127229986,6
2_#_BRCA_00291_TCGA-AC-A3YJ-01Z-00-DX1,-11.8545555447208,33.4721070477225,6
1_#_BRCA_00291_TCGA-AC-A3YJ-01Z-00-DX1,29.8946113046054,-13.9991719606217,4
0_#_BRCA_00291_TCGA-AC-A3YJ-01Z-00-DX1,29.7586218786458,-13.8323140870255,4
5_#_BRCA_00291_TCGA-AC-A3YJ-01Z-00-DX1,-20.4298800695,-6.37915233436641,2
4_#_BRCA_00291_TCGA-AC-A3YJ-01Z-00-DX1,-5.0534097284245,1.7860889120703,6
6_#_BRCA_00291_TCGA-AC-A3YJ-01Z-00-DX1,32.2470216160876,-18.9360550160771,4
1_#_BRCA_00292_TCGA-AC-A4ZE-01Z-00-DX1,-1.68781727792928,33.4403541731316,6
0_#_BRCA_00292_TCGA-AC-A4ZE-01Z-00-DX1,-0.0368698319127577,36.1819670957456,6
2_#_BRCA_00292_TCGA-AC-A4ZE-01Z-00-DX1,-11.5264588977328,26.9630000837415,6
4_#_BRCA_00292_TCGA-AC-A4ZE-01Z-00-DX1,-11.6251548238279,27.1208229077457,6
5_#_BRCA_00292_TCGA-AC-A4ZE-01Z-00-DX1,4.90554431914474,35.5489974913379,6
6_#_BRCA_00292_TCGA-AC-A4ZE-01Z-00-DX1,-22.9030134799185,-12.6742349693805,2
3_#_BRCA_00292_TCGA-AC-A4ZE-01Z-00-DX1,-11.2300950418588,26.3889799155642,6
0_#_BRCA_00293_TCGA-AC-A5EH-01Z-00-DX1,-22.7980988752801,20.2045559690684,5
1_#_BRCA_00293_TCGA-AC-A5EH-01Z-00-DX1,-22.5859975714679,16.5199261261755,5
3_#_BRCA_00293_TCGA-AC-A5EH-01Z-00-DX1,-19.0626094046706,15.7288037705803,5
5_#_BRCA_00293_TCGA-AC-A5EH-01Z-00-DX1,-24.7779313901719,19.1811719330836,5
2_#_BRCA_00293_TCGA-AC-A5EH-01Z-00-DX1,-3.95768785246375,7.37052067484337,5
6_#_BRCA_00293_TCGA-AC-A5EH-01Z-00-DX1,11.7981077862044,-7.36627625546433,4
4_#_BRCA_00293_TCGA-AC-A5EH-01Z-00-DX1,-18.4644897468481,25.2109023714675,6
0_#_BRCA_00294_TCGA-AC-A5XS-01Z-00-DX1,-2.17825726369037,34.1046678519815,6
3_#_BRCA_00294_TCGA-AC-A5XS-01Z-00-DX1,32.1567679913258,-0.652818252876848,4
5_#_BRCA_00294_TCGA-AC-A5XS-01Z-00-DX1,-1.88229511725217,33.9184567700883,6
2_#_BRCA_00294_TCGA-AC-A5XS-01Z-00-DX1,7.24263372276375,26.1614878663134,1
4_#_BRCA_00294_TCGA-AC-A5XS-01Z-00-DX1,-9.47480238417884,34.9854908377162,6
6_#_BRCA_00294_TCGA-AC-A5XS-01Z-00-DX1,7.2676293193841,26.0854406787379,1
1_#_BRCA_00294_TCGA-AC-A5XS-01Z-00-DX1,-2.12662541917597,34.0973871230074,6
7_#_BRCA_00294_TCGA-AC-A5XS-01Z-00-DX1,6.99444996508394,25.6557729292198,1
0_#_BRCA_00295_TCGA-AC-A5XU-01Z-00-DX1,-15.9463998077003,11.4151773965658,5
1_#_BRCA_00295_TCGA-AC-A5XU-01Z-00-DX1,-15.6507126143349,15.6882047544521,5
2_#_BRCA_00295_TCGA-AC-A5XU-01Z-00-DX1,-5.00806960338607,-23.5368093319321,5
3_#_BRCA_00295_TCGA-AC-A5XU-01Z-00-DX1,-21.6164628453147,22.8709940390537,5
5_#_BRCA_00295_TCGA-AC-A5XU-01Z-00-DX1,-3.30849649469445,11.2708506740819,5
4_#_BRCA_00295_TCGA-AC-A5XU-01Z-00-DX1,4.31468323706778,28.649969220233,6
6_#_BRCA_00295_TCGA-AC-A5XU-01Z-00-DX1,12.310382136979,-6.94354512609875,5
7_#_BRCA_00295_TCGA-AC-A5XU-01Z-00-DX1,-9.82490783763874,-30.3480846448129,2
0_#_BRCA_00296_TCGA-AC-A62V-01Z-00-DX1,-5.89768687748493,9.07298397174326,5
1_#_BRCA_00296_TCGA-AC-A62V-01Z-00-DX1,-6.21205164896989,9.54013402994771,1
5_#_BRCA_00296_TCGA-AC-A62V-01Z-00-DX1,-18.5138148593401,21.5254885113156,5
3_#_BRCA_00296_TCGA-AC-A62V-01Z-00-DX1,-6.13848918122265,9.47194006390749,5
4_#_BRCA_00296_TCGA-AC-A62V-01Z-00-DX1,-17.4962837545167,21.026337154636,5
6_#_BRCA_00296_TCGA-AC-A62V-01Z-00-DX1,-5.53577753834123,8.8225526689586,5
2_#_BRCA_00296_TCGA-AC-A62V-01Z-00-DX1,-18.1420563546741,21.4429028218595,5
7_#_BRCA_00296_TCGA-AC-A62V-01Z-00-DX1,-19.6541316044127,-10.2988040426153,2
1_#_BRCA_00297_TCGA-AC-A62X-01Z-00-DX1,-8.68367758899363,-22.1939108019316,2
2_#_BRCA_00297_TCGA-AC-A62X-01Z-00-DX1,-3.7256765553224,-19.4345813429962,2
0_#_BRCA_00297_TCGA-AC-A62X-01Z-00-DX1,-9.83320042946292,-22.394888846957,2
4_#_BRCA_00297_TCGA-AC-A62X-01Z-00-DX1,-16.3559175697914,-8.33979672883092,2
3_#_BRCA_00297_TCGA-AC-A62X-01Z-00-DX1,-16.3243000879204,-8.36082637198024,2
5_#_BRCA_00297_TCGA-AC-A62X-01Z-00-DX1,3.93714465990982,-2.91668847374073,2
6_#_BRCA_00297_TCGA-AC-A62X-01Z-00-DX1,-20.7663751026019,-8.7035106196594,6
2_#_BRCA_00298_TCGA-AC-A62Y-01Z-00-DX1,-22.6514908649163,12.5746765547375,5
1_#_BRCA_00298_TCGA-AC-A62Y-01Z-00-DX1,-21.4827574840321,21.6326448287719,5
0_#_BRCA_00298_TCGA-AC-A62Y-01Z-00-DX1,-25.4517968194209,8.63409196406342,5
3_#_BRCA_00298_TCGA-AC-A62Y-01Z-00-DX1,14.7502507491135,-4.00881027326578,4
5_#_BRCA_00298_TCGA-AC-A62Y-01Z-00-DX1,-17.9497694569151,21.6093526407336,5
4_#_BRCA_00298_TCGA-AC-A62Y-01Z-00-DX1,20.5756429593199,-9.57637563053389,4
1_#_BRCA_00299_TCGA-AC-A6IV-01Z-00-DX1,7.15900692658343,33.1981161764302,6
0_#_BRCA_00299_TCGA-AC-A6IV-01Z-00-DX1,-3.52760451986105,11.5060605875966,6
2_#_BRCA_00299_TCGA-AC-A6IV-01Z-00-DX1,-1.33935540764464,24.9420739385534,6
3_#_BRCA_00299_TCGA-AC-A6IV-01Z-00-DX1,-20.3743479761317,23.6307998762947,5
4_#_BRCA_00299_TCGA-AC-A6IV-01Z-00-DX1,-5.86576524649468,24.6842415218879,6
5_#_BRCA_00299_TCGA-AC-A6IV-01Z-00-DX1,7.55396182880669,33.2520048403588,6
1_#_BRCA_00300_TCGA-AC-A6IW-01Z-00-DX1,-10.742124693741,1.52555306281001,2
3_#_BRCA_00300_TCGA-AC-A6IW-01Z-00-DX1,-16.7120168615274,-9.70552500999353,2
2_#_BRCA_00300_TCGA-AC-A6IW-01Z-00-DX1,-16.3405411770253,-9.15189192943667,2
0_#_BRCA_00300_TCGA-AC-A6IW-01Z-00-DX1,-17.1731056032944,33.7008780721803,6
5_#_BRCA_00300_TCGA-AC-A6IW-01Z-00-DX1,-1.29393277136948,29.4672977428312,6
4_#_BRCA_00300_TCGA-AC-A6IW-01Z-00-DX1,-16.5674371506879,-9.5163320677399,2
6_#_BRCA_00300_TCGA-AC-A6IW-01Z-00-DX1,-16.5256894811564,-9.48920100191913,2
0_#_BRCA_00301_TCGA-AC-A6IX-01Z-00-DX1,-11.2095925194323,36.4078895092699,6
1_#_BRCA_00301_TCGA-AC-A6IX-01Z-00-DX1,-1.47251151488191,34.940419058133,6
2_#_BRCA_00301_TCGA-AC-A6IX-01Z-00-DX1,-9.40678058991465,34.4638602988717,6
4_#_BRCA_00301_TCGA-AC-A6IX-01Z-00-DX1,-9.45504687034488,34.6464543470158,6
3_#_BRCA_00301_TCGA-AC-A6IX-01Z-00-DX1,0.126698311700157,36.1528608011461,6
5_#_BRCA_00301_TCGA-AC-A6IX-01Z-00-DX1,-14.94485991262,-3.41871002573764,6
6_#_BRCA_00301_TCGA-AC-A6IX-01Z-00-DX1,4.22487638622347,35.1397034308617,6
8_#_BRCA_00301_TCGA-AC-A6IX-01Z-00-DX1,-12.2538266023607,34.6740050518952,6
7_#_BRCA_00301_TCGA-AC-A6IX-01Z-00-DX1,-11.5100484365754,33.3899482016239,6
0_#_BRCA_00302_TCGA-AC-A6NO-01Z-00-DX1,-10.9784697462396,-22.7818950446964,2
3_#_BRCA_00302_TCGA-AC-A6NO-01Z-00-DX1,-16.6835998282258,33.4934845969968,6
1_#_BRCA_00302_TCGA-AC-A6NO-01Z-00-DX1,-11.8637338070371,-14.0784010300516,2
2_#_BRCA_00302_TCGA-AC-A6NO-01Z-00-DX1,-10.863121234434,-23.5358698779482,2
5_#_BRCA_00302_TCGA-AC-A6NO-01Z-00-DX1,-20.2135032024476,-7.09306510881809,2
4_#_BRCA_00302_TCGA-AC-A6NO-01Z-00-DX1,26.2041887638894,-9.99850013632138,4
6_#_BRCA_00302_TCGA-AC-A6NO-01Z-00-DX1,-19.8345437837028,-10.9097890282499,2
0_#_BRCA_00303_TCGA-AC-A7VB-01Z-00-DX1,-15.050529267715,28.0626948649896,6
1_#_BRCA_00303_TCGA-AC-A7VB-01Z-00-DX1,3.28317301485297,27.5881247656434,7
3_#_BRCA_00303_TCGA-AC-A7VB-01Z-00-DX1,-12.5937297460453,35.4078142460289,6
2_#_BRCA_00303_TCGA-AC-A7VB-01Z-00-DX1,15.3062018612542,-8.0225637945439,4
5_#_BRCA_00303_TCGA-AC-A7VB-01Z-00-DX1,-15.2558500754149,24.2518674927623,5
4_#_BRCA_00303_TCGA-AC-A7VB-01Z-00-DX1,-15.1259754403801,26.7615946858555,6
6_#_BRCA_00303_TCGA-AC-A7VB-01Z-00-DX1,13.3241788760995,-8.36886559342208,9
0_#_BRCA_00304_TCGA-AC-A7VC-01Z-00-DX1,-16.8175425308483,19.4204145988117,5
2_#_BRCA_00304_TCGA-AC-A7VC-01Z-00-DX1,-1.76983775377176,6.39357015966073,5
4_#_BRCA_00304_TCGA-AC-A7VC-01Z-00-DX1,-16.7385289503552,19.4252571596693,5
1_#_BRCA_00304_TCGA-AC-A7VC-01Z-00-DX1,-16.6441373074385,19.6633665434261,5
5_#_BRCA_00304_TCGA-AC-A7VC-01Z-00-DX1,-16.8118239577178,19.475830400331,5
3_#_BRCA_00304_TCGA-AC-A7VC-01Z-00-DX1,-16.5715960081861,19.5273537333106,5
1_#_BRCA_00305_TCGA-AC-A8OP-01Z-00-DX1,-12.5317003937482,35.5161784126633,6
4_#_BRCA_00305_TCGA-AC-A8OP-01Z-00-DX1,-5.13866655707733,21.2852281617907,6
0_#_BRCA_00305_TCGA-AC-A8OP-01Z-00-DX1,17.084954794341,-14.1013570190636,4
2_#_BRCA_00305_TCGA-AC-A8OP-01Z-00-DX1,33.0851987425277,7.37819244214532,7
3_#_BRCA_00305_TCGA-AC-A8OP-01Z-00-DX1,3.5897322930852,4.59821232035663,1
5_#_BRCA_00305_TCGA-AC-A8OP-01Z-00-DX1,23.7698263193744,-12.6118131675676,4
6_#_BRCA_00305_TCGA-AC-A8OP-01Z-00-DX1,3.1384742246883,4.88954610299495,1
7_#_BRCA_00305_TCGA-AC-A8OP-01Z-00-DX1,19.1504577925572,-1.0793142659586,4
0_#_BRCA_00306_TCGA-AC-A8OQ-01Z-00-DX1,-3.62363543060887,8.34191380941199,5
3_#_BRCA_00306_TCGA-AC-A8OQ-01Z-00-DX1,-11.481154191355,20.1127592897655,5
1_#_BRCA_00306_TCGA-AC-A8OQ-01Z-00-DX1,28.1826155488614,18.7032214518422,7
2_#_BRCA_00306_TCGA-AC-A8OQ-01Z-00-DX1,7.31881320942759,-26.3502823702398,9
4_#_BRCA_00306_TCGA-AC-A8OQ-01Z-00-DX1,-8.35807844950075,32.5303928965417,6
5_#_BRCA_00306_TCGA-AC-A8OQ-01Z-00-DX1,1.41199129055337,23.6018804096173,1
0_#_BRCA_00307_TCGA-AC-A8OR-01Z-00-DX1,-2.55182795482277,-29.4579231016408,9
4_#_BRCA_00307_TCGA-AC-A8OR-01Z-00-DX1,-20.0945596343167,1.8529316004631,9
1_#_BRCA_00307_TCGA-AC-A8OR-01Z-00-DX1,-2.12546345318301,-29.0126725070756,9
2_#_BRCA_00307_TCGA-AC-A8OR-01Z-00-DX1,-2.47043755223933,-29.4236017363348,9
5_#_BRCA_00307_TCGA-AC-A8OR-01Z-00-DX1,-2.28386394058413,-29.0858069699382,9
3_#_BRCA_00307_TCGA-AC-A8OR-01Z-00-DX1,-2.77624822962204,-29.6266646482914,9
1_#_BRCA_00308_TCGA-AC-A8OS-01Z-00-DX1,-9.1645075909728,29.5069102218292,6
0_#_BRCA_00308_TCGA-AC-A8OS-01Z-00-DX1,-12.229174228824,35.4258031146539,6
3_#_BRCA_00308_TCGA-AC-A8OS-01Z-00-DX1,-9.98746479175467,32.0793344137507,6
6_#_BRCA_00308_TCGA-AC-A8OS-01Z-00-DX1,-3.96583052187733,10.2042394833774,7
2_#_BRCA_00308_TCGA-AC-A8OS-01Z-00-DX1,-16.4273319418986,25.2327700850813,6
4_#_BRCA_00308_TCGA-AC-A8OS-01Z-00-DX1,-9.76295989913364,32.0720341197933,6
5_#_BRCA_00308_TCGA-AC-A8OS-01Z-00-DX1,3.45335430660488,27.5720300078612,5
7_#_BRCA_00308_TCGA-AC-A8OS-01Z-00-DX1,-17.1598504454164,28.8680627697058,6
0_#_BRCA_00309_TCGA-AN-A03Y-01Z-00-DX1,-12.9703753074986,5.26537462607314,9
2_#_BRCA_00309_TCGA-AN-A03Y-01Z-00-DX1,-12.942725629715,5.24518010596823,9
1_#_BRCA_00309_TCGA-AN-A03Y-01Z-00-DX1,-12.8928287220249,5.23850326421656,9
5_#_BRCA_00309_TCGA-AN-A03Y-01Z-00-DX1,10.1759006729685,-0.639634838541773,3
3_#_BRCA_00309_TCGA-AN-A03Y-01Z-00-DX1,11.8326196666279,3.05932900638691,1
4_#_BRCA_00309_TCGA-AN-A03Y-01Z-00-DX1,-13.3396782127178,5.36236683238467,9
6_#_BRCA_00309_TCGA-AN-A03Y-01Z-00-DX1,-12.9122344399451,5.23893628151945,9
7_#_BRCA_00309_TCGA-AN-A03Y-01Z-00-DX1,-12.8240798362451,5.20300378272201,9
2_#_BRCA_00310_TCGA-AN-A041-01Z-00-DX1,9.94867759111595,-0.888726565018447,3
1_#_BRCA_00310_TCGA-AN-A041-01Z-00-DX1,10.1888975759357,-0.795895451734079,3
0_#_BRCA_00310_TCGA-AN-A041-01Z-00-DX1,9.72111351674428,-0.928915247157055,3
3_#_BRCA_00310_TCGA-AN-A041-01Z-00-DX1,10.0736467927725,-0.81951988095453,3
4_#_BRCA_00310_TCGA-AN-A041-01Z-00-DX1,10.3431221127788,-0.875778488061757,3
5_#_BRCA_00310_TCGA-AN-A041-01Z-00-DX1,10.3857927158154,-0.876960284976835,3
6_#_BRCA_00310_TCGA-AN-A041-01Z-00-DX1,9.83013509518135,-0.82434617398805,3
0_#_BRCA_00311_TCGA-AN-A046-01Z-00-DX1,-13.298344315246,5.37579616855664,9
1_#_BRCA_00311_TCGA-AN-A046-01Z-00-DX1,-13.7453772987059,5.66890258644554,9
2_#_BRCA_00311_TCGA-AN-A046-01Z-00-DX1,-13.7188837760984,5.54720785153339,9
5_#_BRCA_00311_TCGA-AN-A046-01Z-00-DX1,9.52681048287871,-1.01337782477771,3
4_#_BRCA_00311_TCGA-AN-A046-01Z-00-DX1,-13.722827822772,5.65394342352131,9
3_#_BRCA_00311_TCGA-AN-A046-01Z-00-DX1,-24.7366131334558,15.5255979508275,5
6_#_BRCA_00311_TCGA-AN-A046-01Z-00-DX1,-13.7543857977459,5.6846594694208,9
1_#_BRCA_00312_TCGA-AN-A0AJ-01Z-00-DX1,-10.9143447783153,-12.4559091521691,2
2_#_BRCA_00312_TCGA-AN-A0AJ-01Z-00-DX1,-10.9918975003466,-12.5729735168601,2
0_#_BRCA_00312_TCGA-AN-A0AJ-01Z-00-DX1,-16.1564815555789,-19.0167890845143,2
3_#_BRCA_00312_TCGA-AN-A0AJ-01Z-00-DX1,-16.0624757798852,-18.3193224183902,2
4_#_BRCA_00312_TCGA-AN-A0AJ-01Z-00-DX1,2.03791686463238,2.28801532411995,1
5_#_BRCA_00312_TCGA-AN-A0AJ-01Z-00-DX1,17.0496101041082,24.1248025936055,6
6_#_BRCA_00312_TCGA-AN-A0AJ-01Z-00-DX1,-11.0474404594945,-12.4728968853856,2
0_#_BRCA_00313_TCGA-AN-A0AK-01Z-00-DX1,-7.28247016008773,12.1390581573584,5
1_#_BRCA_00313_TCGA-AN-A0AK-01Z-00-DX1,-12.6232906569262,-1.29826200978443,6
2_#_BRCA_00313_TCGA-AN-A0AK-01Z-00-DX1,-10.2907404946603,-14.3595384382435,2
4_#_BRCA_00313_TCGA-AN-A0AK-01Z-00-DX1,-1.28851131481963,-15.6914996556741,2
3_#_BRCA_00313_TCGA-AN-A0AK-01Z-00-DX1,-3.2475855434877,-18.6776832949299,2
5_#_BRCA_00313_TCGA-AN-A0AK-01Z-00-DX1,-20.5095858224493,-7.86229926609016,2
2_#_BRCA_00314_TCGA-AN-A0AL-01Z-00-DX1,-2.62049894543497,-7.48074607821489,2
0_#_BRCA_00314_TCGA-AN-A0AL-01Z-00-DX1,-3.77048162767361,25.3695287252011,1
3_#_BRCA_00314_TCGA-AN-A0AL-01Z-00-DX1,-3.65056829403958,25.0899820414038,1
1_#_BRCA_00314_TCGA-AN-A0AL-01Z-00-DX1,-4.10175128127035,16.9908333567778,1
6_#_BRCA_00314_TCGA-AN-A0AL-01Z-00-DX1,-4.17972235321919,24.7257893474058,1
5_#_BRCA_00314_TCGA-AN-A0AL-01Z-00-DX1,6.79741874116587,-27.5015439135532,9
7_#_BRCA_00314_TCGA-AN-A0AL-01Z-00-DX1,-4.14211470665757,17.1124189469434,1
4_#_BRCA_00314_TCGA-AN-A0AL-01Z-00-DX1,5.81092291097844,-2.2074379188678,1
8_#_BRCA_00314_TCGA-AN-A0AL-01Z-00-DX1,0.807417893513928,-20.1102583500016,2
1_#_BRCA_00315_TCGA-AN-A0AM-01Z-00-DX1,-12.9106948902536,31.6726940262023,6
0_#_BRCA_00315_TCGA-AN-A0AM-01Z-00-DX1,-5.1879904763287,1.24804748012454,6
3_#_BRCA_00315_TCGA-AN-A0AM-01Z-00-DX1,30.2422971090865,-16.3668555597511,4
4_#_BRCA_00315_TCGA-AN-A0AM-01Z-00-DX1,-9.53097605914499,-4.03674368564413,6
2_#_BRCA_00315_TCGA-AN-A0AM-01Z-00-DX1,-12.5835051666124,31.7586529812538,6
5_#_BRCA_00315_TCGA-AN-A0AM-01Z-00-DX1,-11.8788321178357,-3.09259160361495,6
0_#_BRCA_00316_TCGA-AN-A0AR-01Z-00-DX1,-7.47921404434201,28.0647090686677,6
1_#_BRCA_00316_TCGA-AN-A0AR-01Z-00-DX1,-19.586295202797,-9.19058529916165,2
2_#_BRCA_00316_TCGA-AN-A0AR-01Z-00-DX1,-5.19520546245733,30.3246702995026,6
3_#_BRCA_00316_TCGA-AN-A0AR-01Z-00-DX1,10.3538865228345,-5.9837632794962,4
4_#_BRCA_00316_TCGA-AN-A0AR-01Z-00-DX1,-6.78445565190636,-1.78633855807345,2
5_#_BRCA_00316_TCGA-AN-A0AR-01Z-00-DX1,27.0284403961448,-4.34842402903583,4
6_#_BRCA_00316_TCGA-AN-A0AR-01Z-00-DX1,1.30446526936047,-21.3978398310225,2
1_#_BRCA_00317_TCGA-AN-A0AS-01Z-00-DX1,-13.2359351755982,34.5675558198391,6
0_#_BRCA_00317_TCGA-AN-A0AS-01Z-00-DX1,-15.0619216510981,32.5848877994142,6
2_#_BRCA_00317_TCGA-AN-A0AS-01Z-00-DX1,-6.36733115932425,-1.09570603196206,7
3_#_BRCA_00317_TCGA-AN-A0AS-01Z-00-DX1,-15.249596162862,32.7421028504468,6
5_#_BRCA_00317_TCGA-AN-A0AS-01Z-00-DX1,-14.9386519521317,-3.92936398725833,6
4_#_BRCA_00317_TCGA-AN-A0AS-01Z-00-DX1,27.0197431810655,-4.42668720884396,6
1_#_BRCA_00318_TCGA-AN-A0AT-01Z-00-DX1,-18.4665587076457,-7.88123234628274,2
0_#_BRCA_00318_TCGA-AN-A0AT-01Z-00-DX1,-7.60137333000739,27.3822608360483,6
3_#_BRCA_00318_TCGA-AN-A0AT-01Z-00-DX1,-6.17258671145555,28.1125938632003,6
2_#_BRCA_00318_TCGA-AN-A0AT-01Z-00-DX1,6.79176071557507,-27.7434666900716,9
4_#_BRCA_00318_TCGA-AN-A0AT-01Z-00-DX1,-18.5930987695995,-7.86241313187547,2
5_#_BRCA_00318_TCGA-AN-A0AT-01Z-00-DX1,-0.0111797112605119,-14.1236667930022,2
6_#_BRCA_00318_TCGA-AN-A0AT-01Z-00-DX1,4.92117290243258,33.2466141503854,6
0_#_BRCA_00319_TCGA-AN-A0FD-01Z-00-DX1,9.75591897218906,-1.15484374844347,3
1_#_BRCA_00319_TCGA-AN-A0FD-01Z-00-DX1,9.37547891783934,-1.72301415334993,3
2_#_BRCA_00319_TCGA-AN-A0FD-01Z-00-DX1,9.2971878579457,-2.0400455796849,3
6_#_BRCA_00319_TCGA-AN-A0FD-01Z-00-DX1,9.94126513728308,-0.982505947573786,3
4_#_BRCA_00319_TCGA-AN-A0FD-01Z-00-DX1,9.59711763202278,-1.34922814001249,3
5_#_BRCA_00319_TCGA-AN-A0FD-01Z-00-DX1,9.0829855952672,-2.08849512604638,3
3_#_BRCA_00319_TCGA-AN-A0FD-01Z-00-DX1,9.23501619979161,-1.93774653563054,3
7_#_BRCA_00319_TCGA-AN-A0FD-01Z-00-DX1,9.69681355547923,-1.8489609902134,3
0_#_BRCA_00320_TCGA-AN-A0FF-01Z-00-DX1,4.7919825503074,18.0248871935811,1
1_#_BRCA_00320_TCGA-AN-A0FF-01Z-00-DX1,4.51015816251752,17.9937178955214,1
2_#_BRCA_00320_TCGA-AN-A0FF-01Z-00-DX1,4.89940642318726,18.1568239545243,1
3_#_BRCA_00320_TCGA-AN-A0FF-01Z-00-DX1,2.00076267797837,30.2201160817663,6
5_#_BRCA_00320_TCGA-AN-A0FF-01Z-00-DX1,4.19074536614384,17.4721245857442,1
4_#_BRCA_00320_TCGA-AN-A0FF-01Z-00-DX1,-4.03661188346331,-5.95776382474078,2
4_#_BRCA_00321_TCGA-AN-A0FJ-01Z-00-DX1,-22.0776623155911,-7.21634430614774,2
0_#_BRCA_00321_TCGA-AN-A0FJ-01Z-00-DX1,-12.6912064920666,-22.6196259677553,2
1_#_BRCA_00321_TCGA-AN-A0FJ-01Z-00-DX1,-22.2772857047302,-7.10200573289596,2
6_#_BRCA_00321_TCGA-AN-A0FJ-01Z-00-DX1,-5.27678137828253,-17.6982437479367,2
2_#_BRCA_00321_TCGA-AN-A0FJ-01Z-00-DX1,-3.93122848722154,-16.7783107974722,2
3_#_BRCA_00321_TCGA-AN-A0FJ-01Z-00-DX1,-27.2171011427643,-1.72522283802395,2
7_#_BRCA_00321_TCGA-AN-A0FJ-01Z-00-DX1,-12.7152568883195,-22.6676580699571,2
5_#_BRCA_00321_TCGA-AN-A0FJ-01Z-00-DX1,-10.0757526331483,-22.4077275932996,2
1_#_BRCA_00322_TCGA-AN-A0FK-01Z-00-DX1,-10.0407954880355,-13.0740351832792,2
0_#_BRCA_00322_TCGA-AN-A0FK-01Z-00-DX1,-2.43358831908222,-14.5487520221122,2
2_#_BRCA_00322_TCGA-AN-A0FK-01Z-00-DX1,-12.2843533217161,-5.70147040709364,2
3_#_BRCA_00322_TCGA-AN-A0FK-01Z-00-DX1,-9.95502852526012,-12.5479358609504,5
4_#_BRCA_00322_TCGA-AN-A0FK-01Z-00-DX1,-4.56361350080712,-14.2861665140266,2
5_#_BRCA_00322_TCGA-AN-A0FK-01Z-00-DX1,-11.9630383126786,-22.9554340871063,2
0_#_BRCA_00323_TCGA-AN-A0FL-01Z-00-DX1,-15.4740785923339,-6.72171563112353,2
2_#_BRCA_00323_TCGA-AN-A0FL-01Z-00-DX1,-12.4003032166742,-23.1273760862512,2
1_#_BRCA_00323_TCGA-AN-A0FL-01Z-00-DX1,-15.460039679977,-6.81108128230359,2
4_#_BRCA_00323_TCGA-AN-A0FL-01Z-00-DX1,-15.4468415762425,-6.67857804862495,2
3_#_BRCA_00323_TCGA-AN-A0FL-01Z-00-DX1,3.88273249805523,29.7250807296137,6
6_#_BRCA_00323_TCGA-AN-A0FL-01Z-00-DX1,-15.4779960700259,-6.6775845114278,2
5_#_BRCA_00323_TCGA-AN-A0FL-01Z-00-DX1,-9.07396806958783,-21.8970171071603,2
2_#_BRCA_00324_TCGA-AN-A0FN-01Z-00-DX1,13.2226056511666,1.6575831950856,6
1_#_BRCA_00324_TCGA-AN-A0FN-01Z-00-DX1,13.0087792810961,2.36391740607499,6
3_#_BRCA_00324_TCGA-AN-A0FN-01Z-00-DX1,27.4925296609473,5.97129463262224,4
0_#_BRCA_00324_TCGA-AN-A0FN-01Z-00-DX1,-12.3189883776425,25.0932652318216,6
5_#_BRCA_00324_TCGA-AN-A0FN-01Z-00-DX1,7.67177896166518,27.872643728922,6
4_#_BRCA_00324_TCGA-AN-A0FN-01Z-00-DX1,13.0475795166767,1.63290525671214,6
6_#_BRCA_00324_TCGA-AN-A0FN-01Z-00-DX1,-5.51913624755981,-1.57117606208089,7
1_#_BRCA_00325_TCGA-AN-A0FS-01Z-00-DX1,-0.467768395162621,34.3203654160337,6
2_#_BRCA_00325_TCGA-AN-A0FS-01Z-00-DX1,-2.61122619028222,31.9432918778189,6
0_#_BRCA_00325_TCGA-AN-A0FS-01Z-00-DX1,5.82980749464737,32.131703706917,6
3_#_BRCA_00325_TCGA-AN-A0FS-01Z-00-DX1,-4.25127681255689,32.0669174967591,6
4_#_BRCA_00325_TCGA-AN-A0FS-01Z-00-DX1,30.3610098344519,-4.21508197660134,4
5_#_BRCA_00325_TCGA-AN-A0FS-01Z-00-DX1,29.8512845599735,19.1221486162537,7
0_#_BRCA_00326_TCGA-AN-A0FT-01Z-00-DX1,-15.0543936287225,-17.1043134201838,2
2_#_BRCA_00326_TCGA-AN-A0FT-01Z-00-DX1,-15.2516710794135,-16.8984449800484,2
1_#_BRCA_00326_TCGA-AN-A0FT-01Z-00-DX1,-15.1439449001641,-16.9263804464626,2
5_#_BRCA_00326_TCGA-AN-A0FT-01Z-00-DX1,-10.1954568709096,0.24529170262586,2
3_#_BRCA_00326_TCGA-AN-A0FT-01Z-00-DX1,-23.5822602680028,-10.6726540569627,2
6_#_BRCA_00326_TCGA-AN-A0FT-01Z-00-DX1,-15.3556063836773,-16.7165828144103,2
4_#_BRCA_00326_TCGA-AN-A0FT-01Z-00-DX1,22.1822347329419,0.615518393466022,4
0_#_BRCA_00327_TCGA-AN-A0FV-01Z-00-DX1,-7.47611625090501,28.3904573876375,6
3_#_BRCA_00327_TCGA-AN-A0FV-01Z-00-DX1,-10.8578600445182,33.2740594248818,6
1_#_BRCA_00327_TCGA-AN-A0FV-01Z-00-DX1,19.7154881134765,14.1775675798209,7
2_#_BRCA_00327_TCGA-AN-A0FV-01Z-00-DX1,-13.794030010561,30.2675515137647,6
4_#_BRCA_00327_TCGA-AN-A0FV-01Z-00-DX1,-10.4342571350064,2.46636234610548,6
5_#_BRCA_00327_TCGA-AN-A0FV-01Z-00-DX1,-10.8041478056461,32.5043558185318,6
6_#_BRCA_00327_TCGA-AN-A0FV-01Z-00-DX1,26.9917712610481,-5.37646414822824,4
7_#_BRCA_00327_TCGA-AN-A0FV-01Z-00-DX1,7.40919300003907,-26.7519216481066,9
0_#_BRCA_00328_TCGA-AN-A0FW-01Z-00-DX1,-5.27464956418383,-0.123111205120773,6
1_#_BRCA_00328_TCGA-AN-A0FW-01Z-00-DX1,37.6215868885611,-8.45472535647471,6
3_#_BRCA_00328_TCGA-AN-A0FW-01Z-00-DX1,37.104212517848,-8.23232928419968,4
4_#_BRCA_00328_TCGA-AN-A0FW-01Z-00-DX1,0.515296151398949,-2.7694673852264,2
5_#_BRCA_00328_TCGA-AN-A0FW-01Z-00-DX1,0.532311810182659,-2.74647020072244,1
2_#_BRCA_00328_TCGA-AN-A0FW-01Z-00-DX1,-5.71096176437247,29.5610803651219,6
7_#_BRCA_00328_TCGA-AN-A0FW-01Z-00-DX1,-5.73954978866684,29.6407546220307,6
6_#_BRCA_00328_TCGA-AN-A0FW-01Z-00-DX1,30.5720615468606,-15.892690493454,4
0_#_BRCA_00329_TCGA-AN-A0FX-01Z-00-DX1,-12.8960724158609,2.77369563967831,6
5_#_BRCA_00329_TCGA-AN-A0FX-01Z-00-DX1,-11.5428856136205,2.54934744387668,6
1_#_BRCA_00329_TCGA-AN-A0FX-01Z-00-DX1,-11.3771463004931,2.66452053475521,6
3_#_BRCA_00329_TCGA-AN-A0FX-01Z-00-DX1,-11.4678335455535,2.67140708382228,6
2_#_BRCA_00329_TCGA-AN-A0FX-01Z-00-DX1,-12.5474908364776,2.89938883988108,6
6_#_BRCA_00329_TCGA-AN-A0FX-01Z-00-DX1,20.9865982990572,-15.5649767629197,2
4_#_BRCA_00329_TCGA-AN-A0FX-01Z-00-DX1,-10.024981740052,2.29213496778065,6
0_#_BRCA_00330_TCGA-AN-A0FY-01Z-00-DX1,-10.2911529233,-14.8856013730036,2
4_#_BRCA_00330_TCGA-AN-A0FY-01Z-00-DX1,-15.4310684585783,-18.2755566142111,2
1_#_BRCA_00330_TCGA-AN-A0FY-01Z-00-DX1,-0.223114470164572,-14.6759150021377,2
2_#_BRCA_00330_TCGA-AN-A0FY-01Z-00-DX1,-16.0208325015762,-18.3042182940965,2
3_#_BRCA_00330_TCGA-AN-A0FY-01Z-00-DX1,-15.8339578585666,-18.5841747106782,2
5_#_BRCA_00330_TCGA-AN-A0FY-01Z-00-DX1,-15.350608911081,-12.1189954407536,2
8_#_BRCA_00330_TCGA-AN-A0FY-01Z-00-DX1,-10.3781503562738,-14.848757414422,2
7_#_BRCA_00330_TCGA-AN-A0FY-01Z-00-DX1,-15.3308579008854,-18.2014941707794,2
6_#_BRCA_00330_TCGA-AN-A0FY-01Z-00-DX1,19.6698092829783,2.34680294023435,6
9_#_BRCA_00330_TCGA-AN-A0FY-01Z-00-DX1,-15.9657518753046,-18.3201609388765,2
1_#_BRCA_00331_TCGA-AN-A0FZ-01Z-00-DX1,-12.8425870974092,-20.3575955273896,2
0_#_BRCA_00331_TCGA-AN-A0FZ-01Z-00-DX1,-13.0447072863471,-20.5131058196875,2
2_#_BRCA_00331_TCGA-AN-A0FZ-01Z-00-DX1,-12.9840641743719,-20.5281688354396,2
4_#_BRCA_00331_TCGA-AN-A0FZ-01Z-00-DX1,-13.0711670779357,-20.5909852192368,2
3_#_BRCA_00331_TCGA-AN-A0FZ-01Z-00-DX1,-6.61349262916176,-18.3243506582784,2
5_#_BRCA_00331_TCGA-AN-A0FZ-01Z-00-DX1,21.4416850326526,1.27196063267556,6
0_#_BRCA_00332_TCGA-AN-A0G0-01Z-00-DX1,-13.9407352509147,30.1912674580627,6
1_#_BRCA_00332_TCGA-AN-A0G0-01Z-00-DX1,-19.1202925408445,-8.66837684893765,2
2_#_BRCA_00332_TCGA-AN-A0G0-01Z-00-DX1,-19.3797340905298,-8.71527584485105,2
4_#_BRCA_00332_TCGA-AN-A0G0-01Z-00-DX1,-6.70739932492343,-2.11081697826839,2
3_#_BRCA_00332_TCGA-AN-A0G0-01Z-00-DX1,-7.76787065264673,-1.52146085507265,6
0_#_BRCA_00333_TCGA-AN-A0XL-01Z-00-DX1,-5.48527993839191,-4.69507466705841,2
2_#_BRCA_00333_TCGA-AN-A0XL-01Z-00-DX1,7.16165022755301,16.6571308260248,6
1_#_BRCA_00333_TCGA-AN-A0XL-01Z-00-DX1,6.90852814420134,23.0233476870063,6
3_#_BRCA_00333_TCGA-AN-A0XL-01Z-00-DX1,-13.8783824709806,-29.6605832453475,2
5_#_BRCA_00333_TCGA-AN-A0XL-01Z-00-DX1,26.9605857805545,-9.75926464424003,4
6_#_BRCA_00333_TCGA-AN-A0XL-01Z-00-DX1,6.10591203201696,31.9184464589793,6
4_#_BRCA_00333_TCGA-AN-A0XL-01Z-00-DX1,-7.33522272351727,30.971218985601,6
1_#_BRCA_00334_TCGA-AN-A0XN-01Z-00-DX1,18.8583034383819,2.2482141163797,6
0_#_BRCA_00334_TCGA-AN-A0XN-01Z-00-DX1,4.66300325204496,1.8243658303929,7
3_#_BRCA_00334_TCGA-AN-A0XN-01Z-00-DX1,4.70119362419763,5.6905274293591,1
2_#_BRCA_00334_TCGA-AN-A0XN-01Z-00-DX1,4.17253836591005,1.23079035660973,7
5_#_BRCA_00334_TCGA-AN-A0XN-01Z-00-DX1,-3.67542746146841,34.5434108241905,6
4_#_BRCA_00334_TCGA-AN-A0XN-01Z-00-DX1,-4.80280892748163,2.52062168513762,6
6_#_BRCA_00334_TCGA-AN-A0XN-01Z-00-DX1,7.10440367569466,33.468339682983,6
0_#_BRCA_00335_TCGA-AN-A0XO-01Z-00-DX1,-15.0459595235049,-15.7026231474405,2
4_#_BRCA_00335_TCGA-AN-A0XO-01Z-00-DX1,-4.60048119475484,-10.154394259879,7
2_#_BRCA_00335_TCGA-AN-A0XO-01Z-00-DX1,1.04107934261247,-17.26995737249,7
5_#_BRCA_00335_TCGA-AN-A0XO-01Z-00-DX1,0.86851413593141,-17.8136508721511,7
3_#_BRCA_00335_TCGA-AN-A0XO-01Z-00-DX1,19.0825031643353,16.1848997645758,7
1_#_BRCA_00335_TCGA-AN-A0XO-01Z-00-DX1,0.217238506557237,-18.0274365170309,7
2_#_BRCA_00336_TCGA-AN-A0XP-01Z-00-DX1,0.835734393567613,-17.6870233030951,7
0_#_BRCA_00336_TCGA-AN-A0XP-01Z-00-DX1,-9.42530730059535,-4.27285653833131,2
4_#_BRCA_00336_TCGA-AN-A0XP-01Z-00-DX1,-9.49134827156511,-3.98274164222642,6
5_#_BRCA_00336_TCGA-AN-A0XP-01Z-00-DX1,-5.46100781072785,-4.31505586698906,2
1_#_BRCA_00336_TCGA-AN-A0XP-01Z-00-DX1,0.230811897122685,-18.036395755689,7
3_#_BRCA_00336_TCGA-AN-A0XP-01Z-00-DX1,16.7552345142862,-15.8089936299937,4
6_#_BRCA_00336_TCGA-AN-A0XP-01Z-00-DX1,-15.8177988729957,32.4233591277109,6
1_#_BRCA_00337_TCGA-AN-A0XS-01Z-00-DX1,18.1466310887587,13.9849001804017,7
2_#_BRCA_00337_TCGA-AN-A0XS-01Z-00-DX1,-2.46236566775383,25.3114959000736,1
0_#_BRCA_00337_TCGA-AN-A0XS-01Z-00-DX1,13.5822003637763,19.4708228653765,1
3_#_BRCA_00337_TCGA-AN-A0XS-01Z-00-DX1,17.0328334614692,24.1411514427735,6
4_#_BRCA_00337_TCGA-AN-A0XS-01Z-00-DX1,29.6291584268317,-7.19199580649924,4
5_#_BRCA_00337_TCGA-AN-A0XS-01Z-00-DX1,6.3879320871544,31.7456071209566,6
2_#_BRCA_00338_TCGA-AN-A0XT-01Z-00-DX1,3.20975987706614,25.2076798941906,1
0_#_BRCA_00338_TCGA-AN-A0XT-01Z-00-DX1,8.44095428837776,23.0606331711472,1
1_#_BRCA_00338_TCGA-AN-A0XT-01Z-00-DX1,-3.26826006746501,25.9138094876496,1
3_#_BRCA_00338_TCGA-AN-A0XT-01Z-00-DX1,-7.37844636026074,35.2432137709965,6
5_#_BRCA_00338_TCGA-AN-A0XT-01Z-00-DX1,3.27950610889088,25.25661123433,1
4_#_BRCA_00338_TCGA-AN-A0XT-01Z-00-DX1,27.2346925662352,-5.72075744476533,4
6_#_BRCA_00338_TCGA-AN-A0XT-01Z-00-DX1,-8.02756943862962,25.8500306376058,6
0_#_BRCA_00339_TCGA-AN-A0XU-01Z-00-DX1,-3.66223060210553,-7.95863086280774,5
3_#_BRCA_00339_TCGA-AN-A0XU-01Z-00-DX1,-16.1648549470542,-8.45729076342768,2
1_#_BRCA_00339_TCGA-AN-A0XU-01Z-00-DX1,5.22776210962042,32.7419853589374,6
5_#_BRCA_00339_TCGA-AN-A0XU-01Z-00-DX1,-14.6956666808305,-2.11006713516075,2
4_#_BRCA_00339_TCGA-AN-A0XU-01Z-00-DX1,-13.9109101583949,-7.58308848424359,2
6_#_BRCA_00339_TCGA-AN-A0XU-01Z-00-DX1,7.14221521564933,-27.7115520778808,9
2_#_BRCA_00339_TCGA-AN-A0XU-01Z-00-DX1,-3.70387995507309,-7.7070148115939,5
7_#_BRCA_00339_TCGA-AN-A0XU-01Z-00-DX1,2.56778617167409,-25.4230738615248,9
0_#_BRCA_00341_TCGA-AO-A03L-01Z-00-DX1,-1.92492949727627,15.8542823776888,1
1_#_BRCA_00341_TCGA-AO-A03L-01Z-00-DX1,-2.03316596054544,15.8781263798121,1
5_#_BRCA_00341_TCGA-AO-A03L-01Z-00-DX1,-2.23271320619853,15.6342932713632,1
3_#_BRCA_00341_TCGA-AO-A03L-01Z-00-DX1,9.27978610189693,-31.0580629681552,9
4_#_BRCA_00341_TCGA-AO-A03L-01Z-00-DX1,12.9692876596628,-4.88891114942989,5
2_#_BRCA_00341_TCGA-AO-A03L-01Z-00-DX1,-7.50422134038958,-10.1236985771285,7
0_#_BRCA_00342_TCGA-AO-A03M-01Z-00-DX1,-15.9454114681453,18.5627100994012,5
1_#_BRCA_00342_TCGA-AO-A03M-01Z-00-DX1,24.4772504130197,10.9385404312058,7
2_#_BRCA_00342_TCGA-AO-A03M-01Z-00-DX1,-7.27332610605439,-14.5259045005745,5
3_#_BRCA_00342_TCGA-AO-A03M-01Z-00-DX1,-4.61699021399877,22.2837565249852,5
5_#_BRCA_00342_TCGA-AO-A03M-01Z-00-DX1,19.4899854743772,-6.27580109443606,4
4_#_BRCA_00342_TCGA-AO-A03M-01Z-00-DX1,1.15561391411982,35.1878704171029,7
0_#_BRCA_00343_TCGA-AO-A03N-01Z-00-DX1,25.3789080790341,3.24199221111813,4
2_#_BRCA_00343_TCGA-AO-A03N-01Z-00-DX1,17.3628012393655,-0.390931952836529,4
3_#_BRCA_00343_TCGA-AO-A03N-01Z-00-DX1,-17.7378784400196,15.4125761641088,5
1_#_BRCA_00343_TCGA-AO-A03N-01Z-00-DX1,-0.199740843480894,16.3605035021852,1
5_#_BRCA_00343_TCGA-AO-A03N-01Z-00-DX1,-17.823651154947,15.1638908576127,5
6_#_BRCA_00343_TCGA-AO-A03N-01Z-00-DX1,-0.176820766887614,22.2614132974228,1
4_#_BRCA_00343_TCGA-AO-A03N-01Z-00-DX1,0.700424640158334,17.0086102410116,1
1_#_BRCA_00344_TCGA-AO-A03O-01Z-00-DX1,-13.8457967402415,-28.5158246106104,2
0_#_BRCA_00344_TCGA-AO-A03O-01Z-00-DX1,-1.79878896663614,2.32464392341064,5
2_#_BRCA_00344_TCGA-AO-A03O-01Z-00-DX1,-14.2833111599574,-29.7830082117096,2
3_#_BRCA_00344_TCGA-AO-A03O-01Z-00-DX1,1.48767909625231,4.47861471180383,1
4_#_BRCA_00344_TCGA-AO-A03O-01Z-00-DX1,-2.1474968983485,18.891774535716,1
6_#_BRCA_00344_TCGA-AO-A03O-01Z-00-DX1,-1.33760917471016,29.2134774167861,6
5_#_BRCA_00344_TCGA-AO-A03O-01Z-00-DX1,16.3508833549084,1.64172540585854,4
0_#_BRCA_00345_TCGA-AO-A03P-01Z-00-DX1,-1.10277283978824,-8.43425194800648,1
1_#_BRCA_00345_TCGA-AO-A03P-01Z-00-DX1,-1.03941029422137,-8.33601590227344,2
4_#_BRCA_00345_TCGA-AO-A03P-01Z-00-DX1,-0.831780118195475,-8.382017760588,1
3_#_BRCA_00345_TCGA-AO-A03P-01Z-00-DX1,-0.915604000329511,-8.41787121601159,1
6_#_BRCA_00345_TCGA-AO-A03P-01Z-00-DX1,7.33465443046747,0.506403851701602,1
7_#_BRCA_00345_TCGA-AO-A03P-01Z-00-DX1,19.055274725422,-23.0087287240437,10
2_#_BRCA_00345_TCGA-AO-A03P-01Z-00-DX1,-0.779455811960636,-8.34438566113704,1
5_#_BRCA_00345_TCGA-AO-A03P-01Z-00-DX1,-12.9856904342355,-14.9471195322435,1
1_#_BRCA_00346_TCGA-AO-A03R-01Z-00-DX1,27.9004725631675,-23.7849487841808,10
0_#_BRCA_00346_TCGA-AO-A03R-01Z-00-DX1,-0.0813571049587946,-8.35191073523446,1
4_#_BRCA_00346_TCGA-AO-A03R-01Z-00-DX1,-0.276654748072001,-8.47100235958846,1
2_#_BRCA_00346_TCGA-AO-A03R-01Z-00-DX1,22.4957393819158,-24.3804544475835,10
3_#_BRCA_00346_TCGA-AO-A03R-01Z-00-DX1,-15.6820680367797,-29.5074164754946,2
6_#_BRCA_00346_TCGA-AO-A03R-01Z-00-DX1,12.6853835605632,8.00647338136877,1
5_#_BRCA_00346_TCGA-AO-A03R-01Z-00-DX1,-0.0237194973638151,-8.41828313198627,1
1_#_BRCA_00347_TCGA-AO-A03T-01Z-00-DX1,13.0572418562049,-3.89197930508567,4
0_#_BRCA_00347_TCGA-AO-A03T-01Z-00-DX1,-20.0823814016281,8.79651016260532,5
2_#_BRCA_00347_TCGA-AO-A03T-01Z-00-DX1,-13.1384570271788,11.2876360772914,5
3_#_BRCA_00347_TCGA-AO-A03T-01Z-00-DX1,-12.7508656038316,11.7239542634332,1
4_#_BRCA_00347_TCGA-AO-A03T-01Z-00-DX1,-12.938237064084,11.6412678903722,5
5_#_BRCA_00347_TCGA-AO-A03T-01Z-00-DX1,-19.8669480301077,8.83997751374329,5
6_#_BRCA_00347_TCGA-AO-A03T-01Z-00-DX1,-25.3747993349374,10.4182015572281,5
0_#_BRCA_00348_TCGA-AO-A03U-01Z-00-DX1,21.0240036236591,-15.5770040853137,2
1_#_BRCA_00348_TCGA-AO-A03U-01Z-00-DX1,-12.7613993653904,33.0617214664694,6
2_#_BRCA_00348_TCGA-AO-A03U-01Z-00-DX1,-13.5766850268642,-1.81193465330083,6
5_#_BRCA_00348_TCGA-AO-A03U-01Z-00-DX1,-7.52617998513108,-2.93134897170365,6
3_#_BRCA_00348_TCGA-AO-A03U-01Z-00-DX1,29.3066881066482,-10.3786916883425,4
4_#_BRCA_00348_TCGA-AO-A03U-01Z-00-DX1,-5.8443191042917,1.1812633730014,6
6_#_BRCA_00348_TCGA-AO-A03U-01Z-00-DX1,-13.6630299971547,-1.88582409341319,6
8_#_BRCA_00348_TCGA-AO-A03U-01Z-00-DX1,-12.8036373325546,32.6928412872219,6
7_#_BRCA_00348_TCGA-AO-A03U-01Z-00-DX1,-13.7448810050234,-1.81302981197691,6
0_#_BRCA_00349_TCGA-AO-A03V-01Z-00-DX1,0.978659997783552,8.6343138845323,1
1_#_BRCA_00349_TCGA-AO-A03V-01Z-00-DX1,0.992466360239135,8.6887792582268,1
4_#_BRCA_00349_TCGA-AO-A03V-01Z-00-DX1,1.00042552678339,8.5754658902944,1
2_#_BRCA_00349_TCGA-AO-A03V-01Z-00-DX1,9.4117986783599,3.27122724602208,4
3_#_BRCA_00349_TCGA-AO-A03V-01Z-00-DX1,0.921519668778478,8.7058873491362,1
5_#_BRCA_00349_TCGA-AO-A03V-01Z-00-DX1,0.912758646660743,8.79814729820873,1
6_#_BRCA_00349_TCGA-AO-A03V-01Z-00-DX1,0.964446969899021,8.75463292515395,1
1_#_BRCA_00350_TCGA-AO-A0J2-01Z-00-DX1,33.2043486552455,-13.5496259025881,4
0_#_BRCA_00350_TCGA-AO-A0J2-01Z-00-DX1,-12.9552725556035,-17.3626644928595,2
3_#_BRCA_00350_TCGA-AO-A0J2-01Z-00-DX1,7.66067611346938,-1.48480928212015,1
6_#_BRCA_00350_TCGA-AO-A0J2-01Z-00-DX1,-12.7293478536868,-16.5530371307737,2
2_#_BRCA_00350_TCGA-AO-A0J2-01Z-00-DX1,-12.9316920762735,-17.2498817279091,2
5_#_BRCA_00350_TCGA-AO-A0J2-01Z-00-DX1,-13.2045334719301,-17.1286516377472,2
4_#_BRCA_00350_TCGA-AO-A0J2-01Z-00-DX1,-12.7497263151983,-16.434125843775,1
0_#_BRCA_00351_TCGA-AO-A0J3-01Z-00-DX1,31.0217494469859,-14.3109515513899,4
1_#_BRCA_00351_TCGA-AO-A0J3-01Z-00-DX1,5.37755069439532,17.2704055077551,6
3_#_BRCA_00351_TCGA-AO-A0J3-01Z-00-DX1,6.32706678480217,7.49555345076789,6
2_#_BRCA_00351_TCGA-AO-A0J3-01Z-00-DX1,6.46924620576653,33.2204348200339,6
4_#_BRCA_00351_TCGA-AO-A0J3-01Z-00-DX1,-2.496744628193,1.60998577880255,1
6_#_BRCA_00351_TCGA-AO-A0J3-01Z-00-DX1,-21.6757192541658,-14.6592158231964,2
5_#_BRCA_00351_TCGA-AO-A0J3-01Z-00-DX1,5.81084254971168,17.0267210478029,1
1_#_BRCA_00352_TCGA-AO-A0J4-01Z-00-DX1,-9.75438593115097,-20.9820684251384,2
0_#_BRCA_00352_TCGA-AO-A0J4-01Z-00-DX1,7.567585315925,-0.832006888281904,1
2_#_BRCA_00352_TCGA-AO-A0J4-01Z-00-DX1,5.68784855662745,-0.861976896915976,1
4_#_BRCA_00352_TCGA-AO-A0J4-01Z-00-DX1,21.0556910041421,-17.8732941094351,4
3_#_BRCA_00352_TCGA-AO-A0J4-01Z-00-DX1,-9.73039954371578,-20.5911013565451,2
5_#_BRCA_00352_TCGA-AO-A0J4-01Z-00-DX1,7.17135985838618,-1.26802224241976,1
0_#_BRCA_00353_TCGA-AO-A0J5-01Z-00-DX1,-22.3230031745384,19.9593980528519,5
4_#_BRCA_00353_TCGA-AO-A0J5-01Z-00-DX1,-15.7858962481589,13.4861695397445,5
2_#_BRCA_00353_TCGA-AO-A0J5-01Z-00-DX1,15.5219578178088,-3.5106035996076,4
1_#_BRCA_00353_TCGA-AO-A0J5-01Z-00-DX1,10.3532913076094,-31.2995185550659,9
3_#_BRCA_00353_TCGA-AO-A0J5-01Z-00-DX1,13.5478762523147,-9.87946323850611,5
5_#_BRCA_00353_TCGA-AO-A0J5-01Z-00-DX1,27.8391325259782,19.323868869775,7
2_#_BRCA_00354_TCGA-AO-A0J6-01Z-00-DX1,-22.853891618265,1.58159296764208,5
0_#_BRCA_00354_TCGA-AO-A0J6-01Z-00-DX1,-10.4327289290358,14.2102822026067,5
1_#_BRCA_00354_TCGA-AO-A0J6-01Z-00-DX1,-22.2171586608787,1.91699971126739,5
3_#_BRCA_00354_TCGA-AO-A0J6-01Z-00-DX1,15.1912834049075,0.781705329605422,6
5_#_BRCA_00354_TCGA-AO-A0J6-01Z-00-DX1,-25.0797507915951,-1.96812945954795,2
4_#_BRCA_00354_TCGA-AO-A0J6-01Z-00-DX1,-22.5019573000149,1.83352235847007,5
2_#_BRCA_00355_TCGA-AO-A0J7-01Z-00-DX1,1.15771607452963,16.3971096006608,1
1_#_BRCA_00355_TCGA-AO-A0J7-01Z-00-DX1,25.0038363617939,-17.7014349158549,4
5_#_BRCA_00355_TCGA-AO-A0J7-01Z-00-DX1,27.9509580906,-21.404655385288,4
6_#_BRCA_00355_TCGA-AO-A0J7-01Z-00-DX1,0.532103184341246,14.8934235434447,1
7_#_BRCA_00355_TCGA-AO-A0J7-01Z-00-DX1,-8.60910704453651,1.83305925359178,5
0_#_BRCA_00355_TCGA-AO-A0J7-01Z-00-DX1,18.0354085746956,-0.920851363988246,4
3_#_BRCA_00355_TCGA-AO-A0J7-01Z-00-DX1,0.50170221546017,14.4673046090363,1
4_#_BRCA_00355_TCGA-AO-A0J7-01Z-00-DX1,11.6110888248999,-16.1347417147587,4
0_#_BRCA_00356_TCGA-AO-A0J8-01Z-00-DX1,-2.11188659737084,22.411051880585,1
1_#_BRCA_00356_TCGA-AO-A0J8-01Z-00-DX1,-4.34035190427547,7.49674238697067,5
2_#_BRCA_00356_TCGA-AO-A0J8-01Z-00-DX1,-17.9472985584491,17.53981541915,5
3_#_BRCA_00356_TCGA-AO-A0J8-01Z-00-DX1,-2.22431360996962,22.3654203663793,1
5_#_BRCA_00356_TCGA-AO-A0J8-01Z-00-DX1,34.5916430830654,7.0812023694236,7
4_#_BRCA_00356_TCGA-AO-A0J8-01Z-00-DX1,27.0848682700812,18.9625891170847,7
0_#_BRCA_00357_TCGA-AO-A0J9-01Z-00-DX1,-17.946775182073,16.0270028357292,5
1_#_BRCA_00357_TCGA-AO-A0J9-01Z-00-DX1,-0.634501317308127,16.1676050531458,1
2_#_BRCA_00357_TCGA-AO-A0J9-01Z-00-DX1,0.478597002347265,20.3198273865755,1
4_#_BRCA_00357_TCGA-AO-A0J9-01Z-00-DX1,26.5978907265001,-2.25999111248526,4
5_#_BRCA_00357_TCGA-AO-A0J9-01Z-00-DX1,-17.5064964483564,15.4901761813129,5
3_#_BRCA_00357_TCGA-AO-A0J9-01Z-00-DX1,1.42323286109711,18.6621939037994,1
6_#_BRCA_00357_TCGA-AO-A0J9-01Z-00-DX1,-15.1921960134529,-3.98768874364144,6
7_#_BRCA_00357_TCGA-AO-A0J9-01Z-00-DX1,-16.73682922262,17.3729617097283,5
2_#_BRCA_00358_TCGA-AO-A0JA-01Z-00-DX1,24.4197084866043,-24.4977087725493,10
0_#_BRCA_00358_TCGA-AO-A0JA-01Z-00-DX1,28.0867923020256,-24.2022017934163,10
1_#_BRCA_00358_TCGA-AO-A0JA-01Z-00-DX1,13.9564884343245,5.37247533250378,10
4_#_BRCA_00358_TCGA-AO-A0JA-01Z-00-DX1,14.0348541652591,5.14232890689432,10
3_#_BRCA_00358_TCGA-AO-A0JA-01Z-00-DX1,24.2358727158246,-24.5615471941113,10
8_#_BRCA_00358_TCGA-AO-A0JA-01Z-00-DX1,13.8147302774738,6.04489158783478,10
6_#_BRCA_00358_TCGA-AO-A0JA-01Z-00-DX1,13.9375083893153,5.17057267024762,10
5_#_BRCA_00358_TCGA-AO-A0JA-01Z-00-DX1,13.8671096382892,5.87289495862228,10
7_#_BRCA_00358_TCGA-AO-A0JA-01Z-00-DX1,24.4589703082021,-23.7866162823215,10
0_#_BRCA_00359_TCGA-AO-A0JB-01Z-00-DX1,-1.88231847317723,22.4377264302764,1
2_#_BRCA_00359_TCGA-AO-A0JB-01Z-00-DX1,0.615610825361529,24.4670974002855,1
4_#_BRCA_00359_TCGA-AO-A0JB-01Z-00-DX1,-1.79669272057144,23.1889423391982,1
5_#_BRCA_00359_TCGA-AO-A0JB-01Z-00-DX1,-1.80429656978331,24.5017276036693,1
3_#_BRCA_00359_TCGA-AO-A0JB-01Z-00-DX1,-1.78398492622184,23.1003860657726,1
1_#_BRCA_00359_TCGA-AO-A0JB-01Z-00-DX1,22.0061266884108,9.41049081878226,7
0_#_BRCA_00360_TCGA-AO-A0JC-01Z-00-DX1,-12.232228126005,12.7197776774147,5
7_#_BRCA_00360_TCGA-AO-A0JC-01Z-00-DX1,-12.3045149125004,12.6889738160317,5
2_#_BRCA_00360_TCGA-AO-A0JC-01Z-00-DX1,-12.3401039754684,12.6680612615657,5
4_#_BRCA_00360_TCGA-AO-A0JC-01Z-00-DX1,-12.2973053835437,12.6988233244002,5
3_#_BRCA_00360_TCGA-AO-A0JC-01Z-00-DX1,-12.4054666367021,12.6710148973813,5
5_#_BRCA_00360_TCGA-AO-A0JC-01Z-00-DX1,18.1311551091224,-3.60479299136535,9
6_#_BRCA_00360_TCGA-AO-A0JC-01Z-00-DX1,1.44441543017982,4.43968634912606,1
1_#_BRCA_00360_TCGA-AO-A0JC-01Z-00-DX1,-11.9853684026296,13.1248915357325,5
0_#_BRCA_00361_TCGA-AO-A0JD-01Z-00-DX1,-10.588643164588,14.4070200582212,5
1_#_BRCA_00361_TCGA-AO-A0JD-01Z-00-DX1,-10.4554701392338,14.3835421239747,5
4_#_BRCA_00361_TCGA-AO-A0JD-01Z-00-DX1,-13.6995911803009,8.29042047659917,5
2_#_BRCA_00361_TCGA-AO-A0JD-01Z-00-DX1,17.3642127553609,-0.258986237163184,4
3_#_BRCA_00361_TCGA-AO-A0JD-01Z-00-DX1,-10.7701270537593,14.4174223250886,5
6_#_BRCA_00361_TCGA-AO-A0JD-01Z-00-DX1,-21.4970780639735,15.1768700632482,5
7_#_BRCA_00361_TCGA-AO-A0JD-01Z-00-DX1,-8.66504304771217,12.0772216344994,5
5_#_BRCA_00361_TCGA-AO-A0JD-01Z-00-DX1,10.31881983826,-6.16173591440904,4
0_#_BRCA_00362_TCGA-AO-A0JE-01Z-00-DX1,-15.0527507895442,11.1590253316451,5
4_#_BRCA_00362_TCGA-AO-A0JE-01Z-00-DX1,-21.0070583700049,13.0322472038835,5
2_#_BRCA_00362_TCGA-AO-A0JE-01Z-00-DX1,16.2412538751767,-3.22888246412782,4
5_#_BRCA_00362_TCGA-AO-A0JE-01Z-00-DX1,-14.351454346927,16.8652564070508,5
3_#_BRCA_00362_TCGA-AO-A0JE-01Z-00-DX1,-21.0598789212725,12.7774923021178,5
1_#_BRCA_00362_TCGA-AO-A0JE-01Z-00-DX1,-20.8721074802447,13.0563908051793,5
6_#_BRCA_00362_TCGA-AO-A0JE-01Z-00-DX1,-7.46045732894284,13.4349037137317,5
1_#_BRCA_00363_TCGA-AO-A0JF-01Z-00-DX1,-12.5802456866806,-0.198503421836203,6
0_#_BRCA_00363_TCGA-AO-A0JF-01Z-00-DX1,-13.1734206968797,34.5614955287216,6
2_#_BRCA_00363_TCGA-AO-A0JF-01Z-00-DX1,26.0528832056959,-7.53588576124569,4
3_#_BRCA_00363_TCGA-AO-A0JF-01Z-00-DX1,26.243231104648,-1.75820873795175,4
4_#_BRCA_00363_TCGA-AO-A0JF-01Z-00-DX1,30.9654089090357,-10.9855215743655,4
5_#_BRCA_00363_TCGA-AO-A0JF-01Z-00-DX1,-5.1343208099857,30.4785248557097,6
6_#_BRCA_00363_TCGA-AO-A0JF-01Z-00-DX1,13.9447089984087,-19.3207396445398,2
0_#_BRCA_00364_TCGA-AO-A0JG-01Z-00-DX1,-9.70510751706462,-28.4481412721579,2
1_#_BRCA_00364_TCGA-AO-A0JG-01Z-00-DX1,28.1426458955853,-24.0472099694252,10
2_#_BRCA_00364_TCGA-AO-A0JG-01Z-00-DX1,-9.41819704854587,-28.8379744399881,2
3_#_BRCA_00364_TCGA-AO-A0JG-01Z-00-DX1,25.7647555392595,-24.4786585249959,10
4_#_BRCA_00364_TCGA-AO-A0JG-01Z-00-DX1,24.4450664180337,-24.0026089422452,10
5_#_BRCA_00364_TCGA-AO-A0JG-01Z-00-DX1,6.11041403326052,-10.8521736098161,10
0_#_BRCA_00365_TCGA-AO-A0JI-01Z-00-DX1,27.4729635067655,18.9745301255845,7
1_#_BRCA_00365_TCGA-AO-A0JI-01Z-00-DX1,3.89391065001896,21.9554855947734,1
2_#_BRCA_00365_TCGA-AO-A0JI-01Z-00-DX1,3.86473390005866,22.1633319304593,1
3_#_BRCA_00365_TCGA-AO-A0JI-01Z-00-DX1,3.93416775754827,22.1271815572416,1
4_#_BRCA_00365_TCGA-AO-A0JI-01Z-00-DX1,-2.55537251249543,11.016627144973,5
0_#_BRCA_00366_TCGA-AO-A0JJ-01Z-00-DX1,2.00632765541469,21.6854895685375,1
2_#_BRCA_00366_TCGA-AO-A0JJ-01Z-00-DX1,-0.230659850303202,17.5355060431485,1
1_#_BRCA_00366_TCGA-AO-A0JJ-01Z-00-DX1,5.41026332136239,22.8110396474624,1
4_#_BRCA_00366_TCGA-AO-A0JJ-01Z-00-DX1,4.02491646360616,17.0794973799483,1
3_#_BRCA_00366_TCGA-AO-A0JJ-01Z-00-DX1,21.8429142055711,8.65895438910217,4
5_#_BRCA_00366_TCGA-AO-A0JJ-01Z-00-DX1,32.3875147749376,7.3936204543957,7
0_#_BRCA_00367_TCGA-AO-A0JL-01Z-00-DX1,-8.81034767509624,11.9996707946062,5
7_#_BRCA_00367_TCGA-AO-A0JL-01Z-00-DX1,-8.80645942943245,12.4829448965482,5
2_#_BRCA_00367_TCGA-AO-A0JL-01Z-00-DX1,-8.5574103730246,9.86797355816467,1
1_#_BRCA_00367_TCGA-AO-A0JL-01Z-00-DX1,16.3624338937824,0.277561792242823,4
5_#_BRCA_00367_TCGA-AO-A0JL-01Z-00-DX1,0.977866530655528,16.966210785556,1
3_#_BRCA_00367_TCGA-AO-A0JL-01Z-00-DX1,30.5765027675099,-14.3390474157336,4
4_#_BRCA_00367_TCGA-AO-A0JL-01Z-00-DX1,-18.4844531638545,13.5856402673241,5
6_#_BRCA_00367_TCGA-AO-A0JL-01Z-00-DX1,-9.4012061838936,10.6179497863262,5
0_#_BRCA_00368_TCGA-AO-A0JM-01Z-00-DX1,11.7146681354278,-31.2108028650511,9
1_#_BRCA_00368_TCGA-AO-A0JM-01Z-00-DX1,-19.1500806549907,-5.46606015814329,2
6_#_BRCA_00368_TCGA-AO-A0JM-01Z-00-DX1,11.5686245145693,-31.1019549137528,9
3_#_BRCA_00368_TCGA-AO-A0JM-01Z-00-DX1,-5.53158817052369,6.16021922531055,5
2_#_BRCA_00368_TCGA-AO-A0JM-01Z-00-DX1,-4.60007141704322,-2.31523386723697,2
4_#_BRCA_00368_TCGA-AO-A0JM-01Z-00-DX1,4.3493171881699,-3.06116130372688,10
5_#_BRCA_00368_TCGA-AO-A0JM-01Z-00-DX1,20.7572006446749,3.5122661822589,4
0_#_BRCA_00369_TCGA-AO-A124-01Z-00-DX1,25.0114003479554,-25.2960952148436,10
1_#_BRCA_00369_TCGA-AO-A124-01Z-00-DX1,6.04596624246491,-8.48632433283706,10
5_#_BRCA_00369_TCGA-AO-A124-01Z-00-DX1,2.24081222733141,-8.76331171668233,2
3_#_BRCA_00369_TCGA-AO-A124-01Z-00-DX1,25.2168364620403,-25.3994618346953,10
4_#_BRCA_00369_TCGA-AO-A124-01Z-00-DX1,1.68906357043984,-8.93928545571822,2
2_#_BRCA_00369_TCGA-AO-A124-01Z-00-DX1,6.35984536303983,-8.63446662404889,10
7_#_BRCA_00369_TCGA-AO-A124-01Z-00-DX1,6.77975285124466,-8.85732390054021,10
6_#_BRCA_00369_TCGA-AO-A124-01Z-00-DX1,24.5147286349982,-24.0353186686377,10
0_#_BRCA_00370_TCGA-AO-A125-01Z-00-DX1,8.13333272108458,21.1737447260478,1
1_#_BRCA_00370_TCGA-AO-A125-01Z-00-DX1,-19.6816230503328,-21.4452514894972,2
4_#_BRCA_00370_TCGA-AO-A125-01Z-00-DX1,8.11523647543059,21.1720059622853,1
3_#_BRCA_00370_TCGA-AO-A125-01Z-00-DX1,-19.6847513386313,-21.2156250184028,2
2_#_BRCA_00370_TCGA-AO-A125-01Z-00-DX1,-17.6669909270313,-22.5884724808867,2
5_#_BRCA_00370_TCGA-AO-A125-01Z-00-DX1,-19.6029387875642,-21.6368960944438,2
6_#_BRCA_00370_TCGA-AO-A125-01Z-00-DX1,8.16113344615971,21.1808139998812,1
7_#_BRCA_00370_TCGA-AO-A125-01Z-00-DX1,4.60259708224881,3.45113819232284,1
3_#_BRCA_00371_TCGA-AO-A126-01Z-00-DX1,-17.06700211734,-30.5924404919149,1
0_#_BRCA_00371_TCGA-AO-A126-01Z-00-DX1,5.4854800104709,13.0863791539303,1
4_#_BRCA_00371_TCGA-AO-A126-01Z-00-DX1,0.429526038484286,2.00975841691192,5
2_#_BRCA_00371_TCGA-AO-A126-01Z-00-DX1,16.6692004698859,-7.01629596142469,4
1_#_BRCA_00371_TCGA-AO-A126-01Z-00-DX1,-0.973591284084794,-1.52725430897568,5
5_#_BRCA_00371_TCGA-AO-A126-01Z-00-DX1,5.88916110911667,13.2346904856416,1
1_#_BRCA_00372_TCGA-AO-A128-01Z-00-DX1,13.8339193867111,9.47797902715428,1
0_#_BRCA_00372_TCGA-AO-A128-01Z-00-DX1,13.7535409950051,9.30045889511722,1
6_#_BRCA_00372_TCGA-AO-A128-01Z-00-DX1,13.8303859343603,9.38905421392974,1
2_#_BRCA_00372_TCGA-AO-A128-01Z-00-DX1,13.8793862690661,9.29632732886227,1
7_#_BRCA_00372_TCGA-AO-A128-01Z-00-DX1,13.8532103197089,9.43566010246932,1
4_#_BRCA_00372_TCGA-AO-A128-01Z-00-DX1,13.7776705671366,9.2337609978756,1
5_#_BRCA_00372_TCGA-AO-A128-01Z-00-DX1,13.8985109530449,8.8608250192953,1
3_#_BRCA_00372_TCGA-AO-A128-01Z-00-DX1,-42.7351916806463,-8.48030322437372,8
3_#_BRCA_00373_TCGA-AO-A129-01Z-00-DX1,23.8955135498836,-0.428771470119635,4
2_#_BRCA_00373_TCGA-AO-A129-01Z-00-DX1,24.0249075421642,-1.1142368991442,4
0_#_BRCA_00373_TCGA-AO-A129-01Z-00-DX1,21.8747986274482,-25.4866710359587,10
1_#_BRCA_00373_TCGA-AO-A129-01Z-00-DX1,7.32927875776869,7.78756849959045,6
5_#_BRCA_00373_TCGA-AO-A129-01Z-00-DX1,23.9308790543445,-0.64445866944414,4
4_#_BRCA_00373_TCGA-AO-A129-01Z-00-DX1,-9.84696719486982,-20.8271950517525,2
6_#_BRCA_00373_TCGA-AO-A129-01Z-00-DX1,-0.842412475343451,-6.9706122205568,1
0_#_BRCA_00374_TCGA-AO-A12A-01Z-00-DX1,12.0663815838721,-8.67200445974201,9
1_#_BRCA_00374_TCGA-AO-A12A-01Z-00-DX1,-16.1899632263847,9.75772159142412,5
3_#_BRCA_00374_TCGA-AO-A12A-01Z-00-DX1,-15.5675804078313,9.88416155421961,5
2_#_BRCA_00374_TCGA-AO-A12A-01Z-00-DX1,-16.3776988480562,9.98999537134518,5
4_#_BRCA_00374_TCGA-AO-A12A-01Z-00-DX1,16.4231053736597,-6.60277407502947,4
0_#_BRCA_00375_TCGA-AO-A12B-01Z-00-DX1,27.0721929269139,-12.7679299511583,4
1_#_BRCA_00375_TCGA-AO-A12B-01Z-00-DX1,-13.5375813024799,-27.3106555429092,2
3_#_BRCA_00375_TCGA-AO-A12B-01Z-00-DX1,24.334869022418,-13.759706765445,4
2_#_BRCA_00375_TCGA-AO-A12B-01Z-00-DX1,-13.5085134130118,-27.3339076594377,2
4_#_BRCA_00375_TCGA-AO-A12B-01Z-00-DX1,-17.9597706297665,-21.1458331065784,2
1_#_BRCA_00376_TCGA-AO-A12C-01Z-00-DX1,-17.5160630898248,15.8156752901685,5
2_#_BRCA_00376_TCGA-AO-A12C-01Z-00-DX1,-17.1489656788983,15.5681680993656,5
0_#_BRCA_00376_TCGA-AO-A12C-01Z-00-DX1,13.8989126822515,-4.53868290765162,5
3_#_BRCA_00376_TCGA-AO-A12C-01Z-00-DX1,-17.6121115036262,16.0660544854512,5
4_#_BRCA_00376_TCGA-AO-A12C-01Z-00-DX1,-17.3411403856923,15.6053297626046,5
7_#_BRCA_00376_TCGA-AO-A12C-01Z-00-DX1,21.2157952385034,11.8522037400795,7
6_#_BRCA_00376_TCGA-AO-A12C-01Z-00-DX1,22.3283817970809,-9.62139773950551,4
5_#_BRCA_00376_TCGA-AO-A12C-01Z-00-DX1,-17.2709839665464,15.6528090085748,5
4_#_BRCA_00377_TCGA-AO-A12D-01Z-00-DX1,-23.9222930442289,8.42435795356921,5
0_#_BRCA_00377_TCGA-AO-A12D-01Z-00-DX1,-23.4434221114175,11.4172492221524,5
3_#_BRCA_00377_TCGA-AO-A12D-01Z-00-DX1,-23.7214082505029,14.9166033382574,5
2_#_BRCA_00377_TCGA-AO-A12D-01Z-00-DX1,-23.7692599873595,13.5172639249932,5
5_#_BRCA_00377_TCGA-AO-A12D-01Z-00-DX1,21.4786298918971,11.7904150122648,7
6_#_BRCA_00377_TCGA-AO-A12D-01Z-00-DX1,-7.34278792489996,13.1534357798392,5
1_#_BRCA_00377_TCGA-AO-A12D-01Z-00-DX1,-3.63382480891804,10.4589709640987,5
2_#_BRCA_00378_TCGA-AO-A12E-01Z-00-DX1,7.45479916450729,-0.527686931550296,1
1_#_BRCA_00378_TCGA-AO-A12E-01Z-00-DX1,7.19718688562772,0.168949198150943,1
4_#_BRCA_00378_TCGA-AO-A12E-01Z-00-DX1,7.33679439473512,0.292723465105985,1
5_#_BRCA_00378_TCGA-AO-A12E-01Z-00-DX1,6.29389712044344,0.294276735406366,1
0_#_BRCA_00378_TCGA-AO-A12E-01Z-00-DX1,6.49445759343575,0.194722413584727,1
3_#_BRCA_00378_TCGA-AO-A12E-01Z-00-DX1,21.2582636229366,-17.8417237270229,10
3_#_BRCA_00379_TCGA-AO-A12F-01Z-00-DX1,-8.20014401615724,9.94126080328062,5
0_#_BRCA_00379_TCGA-AO-A12F-01Z-00-DX1,-0.627031405754629,10.2092274028524,5
1_#_BRCA_00379_TCGA-AO-A12F-01Z-00-DX1,-0.401267532378021,-24.8384294362624,9
2_#_BRCA_00379_TCGA-AO-A12F-01Z-00-DX1,-0.837705886245205,-25.0675225872769,9
4_#_BRCA_00379_TCGA-AO-A12F-01Z-00-DX1,-0.62365368339503,-24.6835820758245,9
7_#_BRCA_00379_TCGA-AO-A12F-01Z-00-DX1,-0.226245259382199,-24.6234632149289,2
5_#_BRCA_00379_TCGA-AO-A12F-01Z-00-DX1,-7.06372952104071,8.2095506782427,5
6_#_BRCA_00379_TCGA-AO-A12F-01Z-00-DX1,22.7611074004418,-9.58490240640529,4
0_#_BRCA_00380_TCGA-AO-A12G-01Z-00-DX1,13.4786877905544,6.44628740110424,10
2_#_BRCA_00380_TCGA-AO-A12G-01Z-00-DX1,31.416566792464,-21.6517238666711,4
4_#_BRCA_00380_TCGA-AO-A12G-01Z-00-DX1,14.1518329751762,4.92046188900633,10
3_#_BRCA_00380_TCGA-AO-A12G-01Z-00-DX1,27.9954547657117,-23.7439601522238,10
1_#_BRCA_00380_TCGA-AO-A12G-01Z-00-DX1,14.0628328110402,4.96535760014166,10
6_#_BRCA_00380_TCGA-AO-A12G-01Z-00-DX1,37.783944261915,-8.48136659966239,10
5_#_BRCA_00380_TCGA-AO-A12G-01Z-00-DX1,28.1915935970571,-24.1681914247789,10
0_#_BRCA_00381_TCGA-AO-A12H-01Z-00-DX1,-1.42270976881716,-29.5614102602124,9
3_#_BRCA_00381_TCGA-AO-A12H-01Z-00-DX1,-1.84255924066981,-29.7821815108013,9
1_#_BRCA_00381_TCGA-AO-A12H-01Z-00-DX1,-18.9928901207538,4.5606401327391,5
4_#_BRCA_00381_TCGA-AO-A12H-01Z-00-DX1,15.8939450139619,-3.81708905914357,4
5_#_BRCA_00381_TCGA-AO-A12H-01Z-00-DX1,-19.7240533085276,5.62485187996828,5
2_#_BRCA_00381_TCGA-AO-A12H-01Z-00-DX1,25.1569846190302,18.7836761784567,7
0_#_BRCA_00382_TCGA-AO-A1KO-01Z-00-DX1,14.9588167465972,0.687667259928851,6
1_#_BRCA_00382_TCGA-AO-A1KO-01Z-00-DX1,25.8762557425392,-9.91306745578074,4
2_#_BRCA_00382_TCGA-AO-A1KO-01Z-00-DX1,15.0055024717463,0.745301039024749,1
5_#_BRCA_00382_TCGA-AO-A1KO-01Z-00-DX1,26.9662181481502,-13.6962144010475,4
3_#_BRCA_00382_TCGA-AO-A1KO-01Z-00-DX1,15.5604374464741,-19.0763636861549,4
4_#_BRCA_00382_TCGA-AO-A1KO-01Z-00-DX1,27.8982495835023,-13.3632151509992,4
0_#_BRCA_00383_TCGA-AO-A1KP-01Z-00-DX1,-0.18331629757448,7.36921634867854,1
1_#_BRCA_00383_TCGA-AO-A1KP-01Z-00-DX1,17.1866855559304,-11.0436846809604,4
4_#_BRCA_00383_TCGA-AO-A1KP-01Z-00-DX1,-0.239003898065673,7.49670622199797,1
3_#_BRCA_00383_TCGA-AO-A1KP-01Z-00-DX1,-0.273257200587655,7.42798652846826,1
2_#_BRCA_00383_TCGA-AO-A1KP-01Z-00-DX1,-15.7172792958917,15.5363300735,5
5_#_BRCA_00383_TCGA-AO-A1KP-01Z-00-DX1,1.35316904045459,12.4823737685142,1
6_#_BRCA_00383_TCGA-AO-A1KP-01Z-00-DX1,17.9114753470094,-14.3909350197496,4
0_#_BRCA_00384_TCGA-AO-A1KQ-01Z-00-DX1,-22.6313271204144,16.3516823088081,5
2_#_BRCA_00384_TCGA-AO-A1KQ-01Z-00-DX1,-15.7621835428537,15.900316325386,5
1_#_BRCA_00384_TCGA-AO-A1KQ-01Z-00-DX1,-22.7698324413126,16.4477409434601,5
4_#_BRCA_00384_TCGA-AO-A1KQ-01Z-00-DX1,-21.9161488584742,20.7227335972463,5
3_#_BRCA_00384_TCGA-AO-A1KQ-01Z-00-DX1,15.7045113526716,-9.99574553981103,4
5_#_BRCA_00384_TCGA-AO-A1KQ-01Z-00-DX1,21.4523383768698,-11.3984696142443,4
6_#_BRCA_00384_TCGA-AO-A1KQ-01Z-00-DX1,-15.8257818393812,15.8841446975687,5
0_#_BRCA_00385_TCGA-AO-A1KR-01Z-00-DX1,0.842421078807725,-23.4482268534779,2
2_#_BRCA_00385_TCGA-AO-A1KR-01Z-00-DX1,0.438809568068748,3.81939291263445,1
1_#_BRCA_00385_TCGA-AO-A1KR-01Z-00-DX1,14.3208829106415,-14.9553309171089,4
3_#_BRCA_00385_TCGA-AO-A1KR-01Z-00-DX1,0.413850591704273,3.79485404258332,5
4_#_BRCA_00385_TCGA-AO-A1KR-01Z-00-DX1,3.58790983713447,4.30039789823377,1
5_#_BRCA_00385_TCGA-AO-A1KR-01Z-00-DX1,12.9176314814621,-25.2557498207278,10
0_#_BRCA_00386_TCGA-AO-A1KS-01Z-00-DX1,-18.9724779651064,16.7758651231157,5
2_#_BRCA_00386_TCGA-AO-A1KS-01Z-00-DX1,-2.489353196946,6.99795816084342,5
3_#_BRCA_00386_TCGA-AO-A1KS-01Z-00-DX1,-18.8167629868235,16.9385645592512,5
1_#_BRCA_00386_TCGA-AO-A1KS-01Z-00-DX1,-2.69690809709704,7.03239747789337,5
6_#_BRCA_00386_TCGA-AO-A1KS-01Z-00-DX1,-19.2672783148535,16.7271455295832,5
4_#_BRCA_00386_TCGA-AO-A1KS-01Z-00-DX1,-2.44379651870249,6.90668279868074,5
5_#_BRCA_00386_TCGA-AO-A1KS-01Z-00-DX1,-19.4481389264435,16.7133367909666,5
2_#_BRCA_00387_TCGA-AO-A1KT-01Z-00-DX1,20.6101933858801,16.6901513942306,7
3_#_BRCA_00387_TCGA-AO-A1KT-01Z-00-DX1,-14.952012063627,15.0097524311563,5
4_#_BRCA_00387_TCGA-AO-A1KT-01Z-00-DX1,-14.7397231632753,14.5227963893513,5
0_#_BRCA_00387_TCGA-AO-A1KT-01Z-00-DX1,-14.9123794124941,14.9186362068041,5
1_#_BRCA_00387_TCGA-AO-A1KT-01Z-00-DX1,25.8858406686953,7.45616807401946,4
5_#_BRCA_00387_TCGA-AO-A1KT-01Z-00-DX1,3.02636696134873,3.46328109861172,4
6_#_BRCA_00387_TCGA-AO-A1KT-01Z-00-DX1,14.5906529801804,-16.9706592810449,4
1_#_BRCA_00388_TCGA-AQ-A04H-01Z-00-DX1,-7.75267733582825,-22.7027585294166,2
6_#_BRCA_00388_TCGA-AQ-A04H-01Z-00-DX1,-7.28304994732632,-23.3782252919617,2
4_#_BRCA_00388_TCGA-AQ-A04H-01Z-00-DX1,-28.0585409539731,-1.26168799344329,2
0_#_BRCA_00388_TCGA-AQ-A04H-01Z-00-DX1,-4.9146765688487,-18.8616042866409,2
2_#_BRCA_00388_TCGA-AQ-A04H-01Z-00-DX1,-28.0936108501465,-1.28768645584878,2
3_#_BRCA_00388_TCGA-AQ-A04H-01Z-00-DX1,-11.1731925255804,-22.5903777154753,2
5_#_BRCA_00388_TCGA-AQ-A04H-01Z-00-DX1,-3.75328438103862,4.47539942675332,6
7_#_BRCA_00388_TCGA-AQ-A04H-01Z-00-DX1,-27.9323835292318,-1.22668177458981,2
1_#_BRCA_00389_TCGA-AQ-A04J-01Z-00-DX1,-25.347287548817,8.63737723053726,5
0_#_BRCA_00389_TCGA-AQ-A04J-01Z-00-DX1,-7.99868497745504,28.0101063980512,6
2_#_BRCA_00389_TCGA-AQ-A04J-01Z-00-DX1,-21.3112267301147,21.2767258269739,5
3_#_BRCA_00389_TCGA-AQ-A04J-01Z-00-DX1,16.7347559179351,-13.6291301975316,4
5_#_BRCA_00389_TCGA-AQ-A04J-01Z-00-DX1,23.6677864333539,17.2059108305417,6
4_#_BRCA_00389_TCGA-AQ-A04J-01Z-00-DX1,-4.31206255277469,-22.2667265025066,2
0_#_BRCA_00390_TCGA-AQ-A04L-01Z-00-DX1,10.010236271308,12.05119057876,1
1_#_BRCA_00390_TCGA-AQ-A04L-01Z-00-DX1,10.1903694356317,12.4953515683843,1
2_#_BRCA_00390_TCGA-AQ-A04L-01Z-00-DX1,32.0895224597731,2.11001900064008,4
4_#_BRCA_00390_TCGA-AQ-A04L-01Z-00-DX1,32.5601703541814,18.6819015052168,7
3_#_BRCA_00390_TCGA-AQ-A04L-01Z-00-DX1,31.1514865465665,13.2002639038907,7
5_#_BRCA_00390_TCGA-AQ-A04L-01Z-00-DX1,7.52660591883521,5.55282496507806,1
7_#_BRCA_00390_TCGA-AQ-A04L-01Z-00-DX1,10.6783366922215,12.8436342073291,1
6_#_BRCA_00390_TCGA-AQ-A04L-01Z-00-DX1,13.8174454318661,19.3249604432007,1
0_#_BRCA_00391_TCGA-AQ-A0Y5-01Z-00-DX1,30.332130011459,19.0273364391936,7
1_#_BRCA_00391_TCGA-AQ-A0Y5-01Z-00-DX1,-10.738095236199,-4.74125451982528,2
2_#_BRCA_00391_TCGA-AQ-A0Y5-01Z-00-DX1,30.6747195508265,19.6288430698216,7
3_#_BRCA_00391_TCGA-AQ-A0Y5-01Z-00-DX1,34.728392564615,13.1042566965146,7
4_#_BRCA_00391_TCGA-AQ-A0Y5-01Z-00-DX1,-16.5235953161644,26.9710613629111,6
5_#_BRCA_00391_TCGA-AQ-A0Y5-01Z-00-DX1,28.3197242368007,-7.86678070532297,4
1_#_BRCA_00392_TCGA-AQ-A54N-01Z-00-DX1,-10.8104952937523,-25.15387303867,2
0_#_BRCA_00392_TCGA-AQ-A54N-01Z-00-DX1,-12.4388157114951,-23.7709245921313,2
5_#_BRCA_00392_TCGA-AQ-A54N-01Z-00-DX1,-18.4978683654249,-0.284330224564147,2
3_#_BRCA_00392_TCGA-AQ-A54N-01Z-00-DX1,-10.8004261529492,-25.1733345521288,2
7_#_BRCA_00392_TCGA-AQ-A54N-01Z-00-DX1,-10.7803723644759,-25.1836771420921,2
2_#_BRCA_00392_TCGA-AQ-A54N-01Z-00-DX1,-11.0480144775795,-25.2433467131843,2
6_#_BRCA_00392_TCGA-AQ-A54N-01Z-00-DX1,-21.237171699745,-16.0874978704678,2
4_#_BRCA_00392_TCGA-AQ-A54N-01Z-00-DX1,0.52789664361334,-22.2838134302142,2
8_#_BRCA_00392_TCGA-AQ-A54N-01Z-00-DX1,-8.70892124756179,-25.9289854888813,2
0_#_BRCA_00393_TCGA-AQ-A54O-01Z-00-DX1,-5.39891057333347,-14.6355293662347,2
1_#_BRCA_00393_TCGA-AQ-A54O-01Z-00-DX1,-15.1956469930009,-19.7573824475868,2
5_#_BRCA_00393_TCGA-AQ-A54O-01Z-00-DX1,-20.9644498470671,-8.18665946875561,2
2_#_BRCA_00393_TCGA-AQ-A54O-01Z-00-DX1,-2.87224485119756,-15.6204633108714,5
6_#_BRCA_00393_TCGA-AQ-A54O-01Z-00-DX1,-4.97885082457362,-15.4694476766206,2
3_#_BRCA_00393_TCGA-AQ-A54O-01Z-00-DX1,-20.3814046450753,-6.29788581975078,2
4_#_BRCA_00393_TCGA-AQ-A54O-01Z-00-DX1,27.2340444088074,-9.3618128274029,4
0_#_BRCA_00394_TCGA-AQ-A7U7-01Z-00-DX1,-9.59666586126228,34.2607821037476,6
2_#_BRCA_00394_TCGA-AQ-A7U7-01Z-00-DX1,27.6102169698508,-7.66225113821147,4
1_#_BRCA_00394_TCGA-AQ-A7U7-01Z-00-DX1,28.7915085762517,18.5316715712739,7
3_#_BRCA_00394_TCGA-AQ-A7U7-01Z-00-DX1,-4.79758838525521,30.6332938352948,6
5_#_BRCA_00394_TCGA-AQ-A7U7-01Z-00-DX1,29.2608527792784,13.4113078678634,7
6_#_BRCA_00394_TCGA-AQ-A7U7-01Z-00-DX1,33.4846336029952,13.7032657901928,7
4_#_BRCA_00394_TCGA-AQ-A7U7-01Z-00-DX1,20.7591618079499,2.0119874030969,6
1_#_BRCA_00395_TCGA-AR-A0TP-01Z-00-DX1,-4.01987521463829,-19.7928749500445,2
6_#_BRCA_00395_TCGA-AR-A0TP-01Z-00-DX1,-19.2775634789551,-28.1225843592996,2
0_#_BRCA_00395_TCGA-AR-A0TP-01Z-00-DX1,-4.31791597087775,-18.619736991607,2
2_#_BRCA_00395_TCGA-AR-A0TP-01Z-00-DX1,-1.719162567771,-17.9146283814127,2
4_#_BRCA_00395_TCGA-AR-A0TP-01Z-00-DX1,-1.27072495659868,-16.966928177236,9
3_#_BRCA_00395_TCGA-AR-A0TP-01Z-00-DX1,-15.0260997645402,-20.2653238165774,2
5_#_BRCA_00395_TCGA-AR-A0TP-01Z-00-DX1,14.063761995421,-14.6202063042148,2
7_#_BRCA_00395_TCGA-AR-A0TP-01Z-00-DX1,-1.15402814789934,-16.9869620886418,9
1_#_BRCA_00396_TCGA-AR-A0TQ-01Z-00-DX1,-12.1600157454699,28.5854488435343,6
2_#_BRCA_00396_TCGA-AR-A0TQ-01Z-00-DX1,22.1254343633002,5.67264638664835,4
0_#_BRCA_00396_TCGA-AR-A0TQ-01Z-00-DX1,-11.644299723734,-3.03151638790169,6
3_#_BRCA_00396_TCGA-AR-A0TQ-01Z-00-DX1,-13.2893682325384,-28.0912801911297,2
4_#_BRCA_00396_TCGA-AR-A0TQ-01Z-00-DX1,-23.0514058190587,-10.1691868863497,2
5_#_BRCA_00396_TCGA-AR-A0TQ-01Z-00-DX1,-10.5844494009213,0.123228145391985,2
0_#_BRCA_00397_TCGA-AR-A0TR-01Z-00-DX1,-23.0445413050028,-11.2569374168287,2
2_#_BRCA_00397_TCGA-AR-A0TR-01Z-00-DX1,-6.45636375740548,4.94475066018948,6
3_#_BRCA_00397_TCGA-AR-A0TR-01Z-00-DX1,19.4429916439911,16.3947473053034,7
1_#_BRCA_00397_TCGA-AR-A0TR-01Z-00-DX1,27.397337678975,-2.60411143352183,4
4_#_BRCA_00397_TCGA-AR-A0TR-01Z-00-DX1,25.657725492985,-7.97151015273895,4
1_#_BRCA_00398_TCGA-AR-A0TS-01Z-00-DX1,31.0439328654062,10.2763528228713,7
0_#_BRCA_00398_TCGA-AR-A0TS-01Z-00-DX1,23.4408122304793,16.6233389260965,7
2_#_BRCA_00398_TCGA-AR-A0TS-01Z-00-DX1,20.1816186552679,4.79109722699048,6
4_#_BRCA_00398_TCGA-AR-A0TS-01Z-00-DX1,30.2303914693781,14.4621690422662,7
6_#_BRCA_00398_TCGA-AR-A0TS-01Z-00-DX1,5.75159372801925,35.3268003197362,6
5_#_BRCA_00398_TCGA-AR-A0TS-01Z-00-DX1,27.6706794036368,-6.49001489920773,4
3_#_BRCA_00398_TCGA-AR-A0TS-01Z-00-DX1,33.0845595591879,10.3812276325505,7
7_#_BRCA_00398_TCGA-AR-A0TS-01Z-00-DX1,7.63141212927146,-30.0212721462876,9
0_#_BRCA_00399_TCGA-AR-A0TT-01Z-00-DX1,-1.49422111828175,-7.25911070571964,2
2_#_BRCA_00399_TCGA-AR-A0TT-01Z-00-DX1,-1.31348774496738,-7.03510559180527,5
1_#_BRCA_00399_TCGA-AR-A0TT-01Z-00-DX1,-4.25162473419158,-6.39566292682784,2
3_#_BRCA_00399_TCGA-AR-A0TT-01Z-00-DX1,-13.904901842147,-9.29045938250817,2
4_#_BRCA_00399_TCGA-AR-A0TT-01Z-00-DX1,6.49908840328235,16.6198098517758,1
5_#_BRCA_00399_TCGA-AR-A0TT-01Z-00-DX1,6.72842978392299,34.5691501974405,6
7_#_BRCA_00399_TCGA-AR-A0TT-01Z-00-DX1,-0.422033047786672,34.4306487496556,6
6_#_BRCA_00399_TCGA-AR-A0TT-01Z-00-DX1,1.42400850372296,27.2740308001701,6
8_#_BRCA_00399_TCGA-AR-A0TT-01Z-00-DX1,26.3690378279975,-9.33692767658478,4
1_#_BRCA_00400_TCGA-AR-A0TU-01Z-00-DX1,-12.0454235694097,27.9092685046635,6
0_#_BRCA_00400_TCGA-AR-A0TU-01Z-00-DX1,-7.72479350834671,26.8138748115638,6
4_#_BRCA_00400_TCGA-AR-A0TU-01Z-00-DX1,-15.2941057687408,0.331207762970213,9
3_#_BRCA_00400_TCGA-AR-A0TU-01Z-00-DX1,-16.6018464743154,-4.18416809979295,1
2_#_BRCA_00400_TCGA-AR-A0TU-01Z-00-DX1,5.75223241297507,4.18536789636207,6
5_#_BRCA_00400_TCGA-AR-A0TU-01Z-00-DX1,5.67879041331347,4.26836198874,1
0_#_BRCA_00401_TCGA-AR-A0TV-01Z-00-DX1,-13.686241330457,-6.47277999510732,2
2_#_BRCA_00401_TCGA-AR-A0TV-01Z-00-DX1,27.1197648589919,-8.52762536617224,4
1_#_BRCA_00401_TCGA-AR-A0TV-01Z-00-DX1,-7.69199690013482,3.07191555886138,6
3_#_BRCA_00401_TCGA-AR-A0TV-01Z-00-DX1,-18.6613855062829,-23.9557969138461,2
4_#_BRCA_00401_TCGA-AR-A0TV-01Z-00-DX1,21.3292253174442,8.27407970024277,4
5_#_BRCA_00401_TCGA-AR-A0TV-01Z-00-DX1,-12.3088480403449,-6.3116370148834,2
1_#_BRCA_00402_TCGA-AR-A0TW-01Z-00-DX1,-16.1624883174015,35.6203932063327,6
0_#_BRCA_00402_TCGA-AR-A0TW-01Z-00-DX1,-23.8578173721419,-10.5991956748293,2
2_#_BRCA_00402_TCGA-AR-A0TW-01Z-00-DX1,-6.28292924427234,-2.12227690324488,2
4_#_BRCA_00402_TCGA-AR-A0TW-01Z-00-DX1,-12.2675303894948,28.7328412538029,6
7_#_BRCA_00402_TCGA-AR-A0TW-01Z-00-DX1,-12.3648306851718,26.555046282765,6
3_#_BRCA_00402_TCGA-AR-A0TW-01Z-00-DX1,6.25472690274207,31.568854660885,6
8_#_BRCA_00402_TCGA-AR-A0TW-01Z-00-DX1,-5.68148533695452,-15.879500188771,2
5_#_BRCA_00402_TCGA-AR-A0TW-01Z-00-DX1,22.7871744161196,3.23143837523091,4
6_#_BRCA_00402_TCGA-AR-A0TW-01Z-00-DX1,-21.596267614927,-12.7856182574784,2
0_#_BRCA_00403_TCGA-AR-A0TX-01Z-00-DX1,25.6531082020532,1.38148069238051,4
3_#_BRCA_00403_TCGA-AR-A0TX-01Z-00-DX1,25.7822904866252,-15.6120635606168,4
1_#_BRCA_00403_TCGA-AR-A0TX-01Z-00-DX1,25.4164111003095,-13.5745255456738,4
2_#_BRCA_00403_TCGA-AR-A0TX-01Z-00-DX1,26.0468021828741,-9.94947262618306,4
4_#_BRCA_00403_TCGA-AR-A0TX-01Z-00-DX1,27.8828753001716,-8.23091492189941,4
5_#_BRCA_00403_TCGA-AR-A0TX-01Z-00-DX1,27.214947147403,-21.2089237121678,4
7_#_BRCA_00403_TCGA-AR-A0TX-01Z-00-DX1,22.3294161797023,5.93958378395831,4
8_#_BRCA_00403_TCGA-AR-A0TX-01Z-00-DX1,-8.63886547190778,-27.6306725758379,2
6_#_BRCA_00403_TCGA-AR-A0TX-01Z-00-DX1,-13.2700114246857,28.1112785825407,6
1_#_BRCA_00404_TCGA-AR-A0TY-01Z-00-DX1,29.1381863853933,14.1215156315311,7
2_#_BRCA_00404_TCGA-AR-A0TY-01Z-00-DX1,19.5717165933923,16.2561738112072,7
0_#_BRCA_00404_TCGA-AR-A0TY-01Z-00-DX1,-12.3552324548509,-28.625429190391,2
3_#_BRCA_00404_TCGA-AR-A0TY-01Z-00-DX1,18.0784902235188,12.4043898470043,1
5_#_BRCA_00404_TCGA-AR-A0TY-01Z-00-DX1,-7.60704664313662,3.71815282941521,6
4_#_BRCA_00404_TCGA-AR-A0TY-01Z-00-DX1,4.43683130221234,2.04542670711523,7
6_#_BRCA_00404_TCGA-AR-A0TY-01Z-00-DX1,32.3756542347783,5.38656592244436,7
7_#_BRCA_00404_TCGA-AR-A0TY-01Z-00-DX1,-13.9334847333325,32.1467195842411,6
0_#_BRCA_00405_TCGA-AR-A0TZ-01Z-00-DX1,0.438669272693349,22.3459106010557,1
2_#_BRCA_00405_TCGA-AR-A0TZ-01Z-00-DX1,7.41474816184781,32.212288392982,6
3_#_BRCA_00405_TCGA-AR-A0TZ-01Z-00-DX1,6.6542390181799,34.6492399846398,6
1_#_BRCA_00405_TCGA-AR-A0TZ-01Z-00-DX1,6.35009307274824,31.9007939669511,6
4_#_BRCA_00405_TCGA-AR-A0TZ-01Z-00-DX1,1.28144184509554,35.4392287678468,6
6_#_BRCA_00405_TCGA-AR-A0TZ-01Z-00-DX1,19.6197393809114,19.0262494027255,6
5_#_BRCA_00405_TCGA-AR-A0TZ-01Z-00-DX1,29.8063894845916,19.7839868821884,7
0_#_BRCA_00406_TCGA-AR-A0U0-01Z-00-DX1,32.3842809130779,5.34803022900642,4
2_#_BRCA_00406_TCGA-AR-A0U0-01Z-00-DX1,-23.5158683850088,-10.859593093487,2
3_#_BRCA_00406_TCGA-AR-A0U0-01Z-00-DX1,34.7950764852265,13.3839487523083,7
1_#_BRCA_00406_TCGA-AR-A0U0-01Z-00-DX1,19.5942150744051,18.9560434831808,6
6_#_BRCA_00406_TCGA-AR-A0U0-01Z-00-DX1,29.0136072521883,-7.83070506442649,4
8_#_BRCA_00406_TCGA-AR-A0U0-01Z-00-DX1,5.71374337883772,31.9281833312408,6
4_#_BRCA_00406_TCGA-AR-A0U0-01Z-00-DX1,8.43473180441758,-26.6997653751915,9
5_#_BRCA_00406_TCGA-AR-A0U0-01Z-00-DX1,4.59128753584381,-26.7807149350251,9
7_#_BRCA_00406_TCGA-AR-A0U0-01Z-00-DX1,4.97455732542728,-30.7513749830928,9
1_#_BRCA_00407_TCGA-AR-A0U2-01Z-00-DX1,-13.9755508921303,-18.0886493036666,2
0_#_BRCA_00407_TCGA-AR-A0U2-01Z-00-DX1,3.16813106520077,1.1449618713527,7
3_#_BRCA_00407_TCGA-AR-A0U2-01Z-00-DX1,28.3918786534778,18.7241128146883,7
4_#_BRCA_00407_TCGA-AR-A0U2-01Z-00-DX1,-12.5419603738956,-16.6954080441587,2
2_#_BRCA_00407_TCGA-AR-A0U2-01Z-00-DX1,0.118901945894114,-14.3064241119931,2
5_#_BRCA_00407_TCGA-AR-A0U2-01Z-00-DX1,17.8366833661877,12.4475964802827,1
6_#_BRCA_00407_TCGA-AR-A0U2-01Z-00-DX1,25.0880504097121,1.02046479148696,4
8_#_BRCA_00407_TCGA-AR-A0U2-01Z-00-DX1,6.10706491083344,16.29172808877,1
7_#_BRCA_00407_TCGA-AR-A0U2-01Z-00-DX1,6.1872136391197,31.3163455077208,6
2_#_BRCA_00408_TCGA-AR-A0U3-01Z-00-DX1,5.35900402911301,2.44659822628854,7
0_#_BRCA_00408_TCGA-AR-A0U3-01Z-00-DX1,3.90771177445101,1.17424224286149,7
1_#_BRCA_00408_TCGA-AR-A0U3-01Z-00-DX1,6.08297706375913,31.7906382529229,6
4_#_BRCA_00408_TCGA-AR-A0U3-01Z-00-DX1,-13.7086029504458,-18.1576177417114,2
5_#_BRCA_00408_TCGA-AR-A0U3-01Z-00-DX1,2.77316388056264,35.2259462965976,7
3_#_BRCA_00408_TCGA-AR-A0U3-01Z-00-DX1,21.1269194271737,-1.7187540169658,4
6_#_BRCA_00408_TCGA-AR-A0U3-01Z-00-DX1,-12.8202717472678,-27.7648650634638,2
1_#_BRCA_00409_TCGA-AR-A0U4-01Z-00-DX1,-11.6831234563184,-25.2278713118355,2
3_#_BRCA_00409_TCGA-AR-A0U4-01Z-00-DX1,-21.7318587977996,-12.9913907182448,2
0_#_BRCA_00409_TCGA-AR-A0U4-01Z-00-DX1,-16.0592976073282,35.3705688108836,6
2_#_BRCA_00409_TCGA-AR-A0U4-01Z-00-DX1,22.7900727297975,2.50649735540883,4
4_#_BRCA_00409_TCGA-AR-A0U4-01Z-00-DX1,-23.5203879770072,2.23739599058267,5
5_#_BRCA_00409_TCGA-AR-A0U4-01Z-00-DX1,-13.0146277763169,25.5928111873173,6
0_#_BRCA_00410_TCGA-AR-A1AH-01Z-00-DX1,-8.05711765717777,2.57291118103903,5
1_#_BRCA_00410_TCGA-AR-A1AH-01Z-00-DX1,-16.6577082126888,-3.97872624976421,1
2_#_BRCA_00410_TCGA-AR-A1AH-01Z-00-DX1,-15.4999277504555,5.83745001443783,5
4_#_BRCA_00410_TCGA-AR-A1AH-01Z-00-DX1,21.2817990100847,-1.00864311550243,4
3_#_BRCA_00410_TCGA-AR-A1AH-01Z-00-DX1,11.1536823053214,-31.3843039466384,9
6_#_BRCA_00410_TCGA-AR-A1AH-01Z-00-DX1,12.1126468468454,-31.4812648565714,9
5_#_BRCA_00410_TCGA-AR-A1AH-01Z-00-DX1,-18.3502773911064,-8.73919118585737,2
0_#_BRCA_00411_TCGA-AR-A1AI-01Z-00-DX1,3.98771599235148,4.0185587116604,1
1_#_BRCA_00411_TCGA-AR-A1AI-01Z-00-DX1,-14.4308800675871,-26.3570213427537,2
3_#_BRCA_00411_TCGA-AR-A1AI-01Z-00-DX1,-14.4206730724781,-26.4941560353637,2
2_#_BRCA_00411_TCGA-AR-A1AI-01Z-00-DX1,4.49354309970138,30.4138423744691,6
6_#_BRCA_00411_TCGA-AR-A1AI-01Z-00-DX1,-10.0242251322301,-21.7864326725122,2
4_#_BRCA_00411_TCGA-AR-A1AI-01Z-00-DX1,-21.890349070494,-13.047247001725,2
5_#_BRCA_00411_TCGA-AR-A1AI-01Z-00-DX1,1.80704026228097,-13.4926827095062,1
6_#_BRCA_00412_TCGA-AR-A1AJ-01Z-00-DX1,5.76813945503623,31.6966668313807,6
3_#_BRCA_00412_TCGA-AR-A1AJ-01Z-00-DX1,-15.0543869613854,35.5884503315812,6
0_#_BRCA_00412_TCGA-AR-A1AJ-01Z-00-DX1,28.8664321791979,-7.96084344749895,4
2_#_BRCA_00412_TCGA-AR-A1AJ-01Z-00-DX1,-22.8890432307407,-11.3666334272456,2
1_#_BRCA_00412_TCGA-AR-A1AJ-01Z-00-DX1,0.473718068148545,36.2060029748034,6
4_#_BRCA_00412_TCGA-AR-A1AJ-01Z-00-DX1,5.90725708621112,34.7279058190642,6
5_#_BRCA_00412_TCGA-AR-A1AJ-01Z-00-DX1,6.93858030273802,34.7438817150946,6
0_#_BRCA_00413_TCGA-AR-A1AK-01Z-00-DX1,-11.225347183315,26.2665745349901,6
3_#_BRCA_00413_TCGA-AR-A1AK-01Z-00-DX1,30.8654643794622,17.8974637734429,7
2_#_BRCA_00413_TCGA-AR-A1AK-01Z-00-DX1,-22.065430360427,-13.7620080053539,2
4_#_BRCA_00413_TCGA-AR-A1AK-01Z-00-DX1,-15.5619918848341,-3.44017355785068,6
5_#_BRCA_00413_TCGA-AR-A1AK-01Z-00-DX1,-22.2513935889658,-13.9892795315493,2
1_#_BRCA_00413_TCGA-AR-A1AK-01Z-00-DX1,-15.4547316437558,-5.25935127314694,2
6_#_BRCA_00413_TCGA-AR-A1AK-01Z-00-DX1,0.237032915314189,25.6272297667222,1
7_#_BRCA_00413_TCGA-AR-A1AK-01Z-00-DX1,-15.429373236414,-6.60729779538534,2
1_#_BRCA_00414_TCGA-AR-A1AL-01Z-00-DX1,17.5299682013201,4.77264199056581,1
2_#_BRCA_00414_TCGA-AR-A1AL-01Z-00-DX1,34.64144236093,13.2428087971867,7
4_#_BRCA_00414_TCGA-AR-A1AL-01Z-00-DX1,1.32467835739413,26.0117824188495,1
0_#_BRCA_00414_TCGA-AR-A1AL-01Z-00-DX1,1.41976426561976,25.9501322072717,1
5_#_BRCA_00414_TCGA-AR-A1AL-01Z-00-DX1,1.75797151510171,24.8805038156936,1
3_#_BRCA_00414_TCGA-AR-A1AL-01Z-00-DX1,1.22789554652871,26.0667947434573,1
6_#_BRCA_00414_TCGA-AR-A1AL-01Z-00-DX1,18.716796749054,5.40023172181824,4
0_#_BRCA_00415_TCGA-AR-A1AM-01Z-00-DX1,-21.4989437696197,-12.9244862524348,2
4_#_BRCA_00415_TCGA-AR-A1AM-01Z-00-DX1,-2.69736159370448,-8.73746306710422,7
1_#_BRCA_00415_TCGA-AR-A1AM-01Z-00-DX1,6.60655655336551,35.9090460003867,7
3_#_BRCA_00415_TCGA-AR-A1AM-01Z-00-DX1,21.4690583445123,13.8367549911741,7
2_#_BRCA_00415_TCGA-AR-A1AM-01Z-00-DX1,15.1056191659602,-7.68290157283125,4
5_#_BRCA_00415_TCGA-AR-A1AM-01Z-00-DX1,10.4929623992204,-8.88445276691281,7
6_#_BRCA_00415_TCGA-AR-A1AM-01Z-00-DX1,6.98298590641669,36.7485528873193,2
6_#_BRCA_00416_TCGA-AR-A1AN-01Z-00-DX1,-17.013915012277,-15.4745048590078,2
0_#_BRCA_00416_TCGA-AR-A1AN-01Z-00-DX1,-16.8911093813944,-15.693519758068,2
1_#_BRCA_00416_TCGA-AR-A1AN-01Z-00-DX1,-19.3017554051087,-15.8215465653542,2
3_#_BRCA_00416_TCGA-AR-A1AN-01Z-00-DX1,-2.61665830867093,5.46761381541861,2
2_#_BRCA_00416_TCGA-AR-A1AN-01Z-00-DX1,24.1801999708028,12.8147680125955,7
7_#_BRCA_00416_TCGA-AR-A1AN-01Z-00-DX1,-17.4528053370271,33.7376929288728,2
5_#_BRCA_00416_TCGA-AR-A1AN-01Z-00-DX1,21.8665749570108,14.5302510579227,7
4_#_BRCA_00416_TCGA-AR-A1AN-01Z-00-DX1,9.2580045747618,-20.2224293305794,9
0_#_BRCA_00417_TCGA-AR-A1AO-01Z-00-DX1,33.30830300328,0.157914747540735,4
2_#_BRCA_00417_TCGA-AR-A1AO-01Z-00-DX1,27.6582626171033,6.26638483152394,7
1_#_BRCA_00417_TCGA-AR-A1AO-01Z-00-DX1,27.4270464813356,4.08504893922492,4
3_#_BRCA_00417_TCGA-AR-A1AO-01Z-00-DX1,29.1440930514285,-8.09218182203978,4
4_#_BRCA_00417_TCGA-AR-A1AO-01Z-00-DX1,29.1999486069466,-7.17749613775782,4
6_#_BRCA_00417_TCGA-AR-A1AO-01Z-00-DX1,33.5234502425419,0.150629451036519,1
5_#_BRCA_00417_TCGA-AR-A1AO-01Z-00-DX1,31.7024629476394,-4.10321033497805,4
0_#_BRCA_00419_TCGA-AR-A1AQ-01Z-00-DX1,-14.1777933028129,-3.5421877609781,2
4_#_BRCA_00419_TCGA-AR-A1AQ-01Z-00-DX1,-13.3809649353955,-27.2609622447476,2
1_#_BRCA_00419_TCGA-AR-A1AQ-01Z-00-DX1,-4.43943148363579,23.4553858004126,6
5_#_BRCA_00419_TCGA-AR-A1AQ-01Z-00-DX1,2.21498451006462,30.4761067871692,6
3_#_BRCA_00419_TCGA-AR-A1AQ-01Z-00-DX1,0.0367138007840423,-14.1629171413694,2
8_#_BRCA_00419_TCGA-AR-A1AQ-01Z-00-DX1,-13.91846502842,-3.8900129461304,2
6_#_BRCA_00419_TCGA-AR-A1AQ-01Z-00-DX1,5.80395100573645,35.1716441780024,6
7_#_BRCA_00419_TCGA-AR-A1AQ-01Z-00-DX1,-21.9894379696461,-12.9544386069676,2
2_#_BRCA_00419_TCGA-AR-A1AQ-01Z-00-DX1,4.22729808988577,30.1221070186621,6
1_#_BRCA_00420_TCGA-AR-A1AR-01Z-00-DX1,-10.4099227755084,-9.31566058191624,6
4_#_BRCA_00420_TCGA-AR-A1AR-01Z-00-DX1,21.1852174507459,6.54379149215258,7
3_#_BRCA_00420_TCGA-AR-A1AR-01Z-00-DX1,-23.6928416198055,-14.4595841806213,2
0_#_BRCA_00420_TCGA-AR-A1AR-01Z-00-DX1,-23.8474218295524,-14.5888646643634,2
2_#_BRCA_00420_TCGA-AR-A1AR-01Z-00-DX1,-17.5777707488931,-10.8252443716592,2
5_#_BRCA_00420_TCGA-AR-A1AR-01Z-00-DX1,-23.8038238294175,-14.5516149602721,2
0_#_BRCA_00421_TCGA-AR-A1AS-01Z-00-DX1,-5.0903512900033,-2.02536460955434,7
1_#_BRCA_00421_TCGA-AR-A1AS-01Z-00-DX1,-12.4723491907968,-1.55185565171192,6
2_#_BRCA_00421_TCGA-AR-A1AS-01Z-00-DX1,-14.4368596547878,35.4577372421251,6
3_#_BRCA_00421_TCGA-AR-A1AS-01Z-00-DX1,7.35631659961513,-26.2751564366261,9
4_#_BRCA_00421_TCGA-AR-A1AS-01Z-00-DX1,7.3309678032716,-26.4602058075205,9
5_#_BRCA_00421_TCGA-AR-A1AS-01Z-00-DX1,12.6245260282835,-14.4349198392931,9
6_#_BRCA_00421_TCGA-AR-A1AS-01Z-00-DX1,2.80117775378462,33.8763405891111,6
3_#_BRCA_00422_TCGA-AR-A1AT-01Z-00-DX1,1.46292896049075,30.0892271329952,6
0_#_BRCA_00422_TCGA-AR-A1AT-01Z-00-DX1,34.2808945019406,13.5899648005186,7
1_#_BRCA_00422_TCGA-AR-A1AT-01Z-00-DX1,-16.1931809904895,35.44386519741,6
4_#_BRCA_00422_TCGA-AR-A1AT-01Z-00-DX1,-23.8160691249047,-10.6889382712528,2
2_#_BRCA_00422_TCGA-AR-A1AT-01Z-00-DX1,-11.7220054489457,-3.90387524553728,6
5_#_BRCA_00422_TCGA-AR-A1AT-01Z-00-DX1,6.03650447581462,31.7799345180915,6
6_#_BRCA_00422_TCGA-AR-A1AT-01Z-00-DX1,-13.4609039445246,-28.4570380081735,2
7_#_BRCA_00422_TCGA-AR-A1AT-01Z-00-DX1,34.4661418401389,13.5872093053781,7
1_#_BRCA_00423_TCGA-AR-A1AU-01Z-00-DX1,-11.0668281426688,-16.3679809191851,2
2_#_BRCA_00423_TCGA-AR-A1AU-01Z-00-DX1,-23.8186652619966,-10.6635720791693,2
4_#_BRCA_00423_TCGA-AR-A1AU-01Z-00-DX1,-0.915116951702372,31.0384185960595,6
0_#_BRCA_00423_TCGA-AR-A1AU-01Z-00-DX1,28.3421536436526,7.39784304248846,7
5_#_BRCA_00423_TCGA-AR-A1AU-01Z-00-DX1,2.85376579239656,33.9426092416712,6
3_#_BRCA_00423_TCGA-AR-A1AU-01Z-00-DX1,-5.64717874140229,-16.0393673766102,2
0_#_BRCA_00424_TCGA-AR-A1AV-01Z-00-DX1,-13.2261780319753,-3.39350824121356,6
1_#_BRCA_00424_TCGA-AR-A1AV-01Z-00-DX1,-15.344473870236,-3.15828491326672,6
2_#_BRCA_00424_TCGA-AR-A1AV-01Z-00-DX1,23.0152665221066,2.62846364485432,4
3_#_BRCA_00424_TCGA-AR-A1AV-01Z-00-DX1,27.8645473018441,9.20063741173545,7
4_#_BRCA_00424_TCGA-AR-A1AV-01Z-00-DX1,-10.7635108639387,-16.3384481002296,2
5_#_BRCA_00424_TCGA-AR-A1AV-01Z-00-DX1,25.1828149268353,-8.08488388644727,4
6_#_BRCA_00424_TCGA-AR-A1AV-01Z-00-DX1,-10.2557535805352,-21.1559078692919,2
7_#_BRCA_00424_TCGA-AR-A1AV-01Z-00-DX1,7.65242879994557,27.7941846748421,6
0_#_BRCA_00425_TCGA-AR-A1AW-01Z-00-DX1,-11.1657903668816,26.7355184429282,6
1_#_BRCA_00425_TCGA-AR-A1AW-01Z-00-DX1,-14.3386837627033,-3.3350700123474,2
2_#_BRCA_00425_TCGA-AR-A1AW-01Z-00-DX1,6.71998625865179,16.256039361879,1
3_#_BRCA_00425_TCGA-AR-A1AW-01Z-00-DX1,-14.450047986109,-3.07532897231341,6
4_#_BRCA_00425_TCGA-AR-A1AW-01Z-00-DX1,-13.6372369939411,-27.4680457238369,2
5_#_BRCA_00425_TCGA-AR-A1AW-01Z-00-DX1,4.72383372300284,30.5428378549413,6
6_#_BRCA_00425_TCGA-AR-A1AW-01Z-00-DX1,-1.99392227257217,-23.0499797737346,9
0_#_BRCA_00426_TCGA-AR-A1AX-01Z-00-DX1,0.910240109215772,31.9887585323447,6
3_#_BRCA_00426_TCGA-AR-A1AX-01Z-00-DX1,-9.38216886213297,-2.70946128888721,6
1_#_BRCA_00426_TCGA-AR-A1AX-01Z-00-DX1,3.21655042521283,33.5867872441289,6
2_#_BRCA_00426_TCGA-AR-A1AX-01Z-00-DX1,31.4759404707424,9.37452320615476,7
4_#_BRCA_00426_TCGA-AR-A1AX-01Z-00-DX1,3.76187746605113,33.728990971864,6
5_#_BRCA_00426_TCGA-AR-A1AX-01Z-00-DX1,-12.9461306185365,33.6492685525299,6
1_#_BRCA_00427_TCGA-AR-A1AY-01Z-00-DX1,-12.9180628282409,26.1059607274441,6
0_#_BRCA_00427_TCGA-AR-A1AY-01Z-00-DX1,28.247299681183,7.14031700511586,7
2_#_BRCA_00427_TCGA-AR-A1AY-01Z-00-DX1,-1.13697412818845,24.0599350337476,1
3_#_BRCA_00427_TCGA-AR-A1AY-01Z-00-DX1,-6.55870636914756,-1.40550315507588,2
5_#_BRCA_00427_TCGA-AR-A1AY-01Z-00-DX1,27.0580752634,-8.42956759293811,4
4_#_BRCA_00427_TCGA-AR-A1AY-01Z-00-DX1,-1.063977954059,23.9708751709881,1
0_#_BRCA_00428_TCGA-AR-A24H-01Z-00-DX1,28.0071644679506,-8.80618898751733,4
1_#_BRCA_00428_TCGA-AR-A24H-01Z-00-DX1,4.47349244944173,30.8609247166516,6
5_#_BRCA_00428_TCGA-AR-A24H-01Z-00-DX1,-14.3836350072374,-2.98710438928971,2
3_#_BRCA_00428_TCGA-AR-A24H-01Z-00-DX1,-14.2165453443358,-3.37256990622873,2
2_#_BRCA_00428_TCGA-AR-A24H-01Z-00-DX1,-0.433618569917054,35.0980120833305,6
4_#_BRCA_00428_TCGA-AR-A24H-01Z-00-DX1,-16.0813402226352,-4.75978514541279,2
6_#_BRCA_00428_TCGA-AR-A24H-01Z-00-DX1,-16.4970078056698,-4.67156227456447,1
0_#_BRCA_00429_TCGA-AR-A24K-01Z-00-DX1,-4.112855146499,-18.6200639465075,2
1_#_BRCA_00429_TCGA-AR-A24K-01Z-00-DX1,-3.53468425545445,-20.3378759728301,2
2_#_BRCA_00429_TCGA-AR-A24K-01Z-00-DX1,29.2079824728134,10.503537791479,7
3_#_BRCA_00429_TCGA-AR-A24K-01Z-00-DX1,-4.72938029965303,-14.6201218297802,2
4_#_BRCA_00429_TCGA-AR-A24K-01Z-00-DX1,29.4876967141939,10.5467533040589,7
5_#_BRCA_00429_TCGA-AR-A24K-01Z-00-DX1,-17.6056141187502,-12.7290262582776,2
6_#_BRCA_00429_TCGA-AR-A24K-01Z-00-DX1,-5.32591075396239,-16.992444375192,2
7_#_BRCA_00429_TCGA-AR-A24K-01Z-00-DX1,-11.3518363788219,-26.8214065732707,2
8_#_BRCA_00429_TCGA-AR-A24K-01Z-00-DX1,-2.66043696323329,-21.0830195136168,2
3_#_BRCA_00430_TCGA-AR-A24L-01Z-00-DX1,-10.6980923299451,5.25518363004852,1
1_#_BRCA_00430_TCGA-AR-A24L-01Z-00-DX1,23.7034200675606,-4.69950424719069,4
2_#_BRCA_00430_TCGA-AR-A24L-01Z-00-DX1,-10.7390475775591,5.25910919255804,1
4_#_BRCA_00430_TCGA-AR-A24L-01Z-00-DX1,-9.42885732380331,5.24793238791781,1
0_#_BRCA_00430_TCGA-AR-A24L-01Z-00-DX1,-15.8518003032489,29.8340608601743,6
5_#_BRCA_00430_TCGA-AR-A24L-01Z-00-DX1,-7.0167433113909,0.28734301637517,6
3_#_BRCA_00431_TCGA-AR-A24M-01Z-00-DX1,19.7968735012687,16.7610639949488,7
0_#_BRCA_00431_TCGA-AR-A24M-01Z-00-DX1,-9.11137579423703,5.57495952720629,1
2_#_BRCA_00431_TCGA-AR-A24M-01Z-00-DX1,24.1402507974635,-4.52451596051958,4
1_#_BRCA_00431_TCGA-AR-A24M-01Z-00-DX1,7.33848668130135,32.5192651603117,6
4_#_BRCA_00431_TCGA-AR-A24M-01Z-00-DX1,-3.49674118808989,-1.19940533507037,5
5_#_BRCA_00431_TCGA-AR-A24M-01Z-00-DX1,24.8941816940923,-6.50797053957943,2
6_#_BRCA_00431_TCGA-AR-A24M-01Z-00-DX1,5.81016088358147,35.2395912034459,6
0_#_BRCA_00432_TCGA-AR-A24N-01Z-00-DX1,2.74013761203798,35.2119927347112,6
2_#_BRCA_00432_TCGA-AR-A24N-01Z-00-DX1,1.08578670087608,35.7890434834532,6
4_#_BRCA_00432_TCGA-AR-A24N-01Z-00-DX1,6.45764522113896,31.482040758863,6
3_#_BRCA_00432_TCGA-AR-A24N-01Z-00-DX1,-13.6569010883157,4.01008173672701,5
5_#_BRCA_00432_TCGA-AR-A24N-01Z-00-DX1,1.21534762012663,27.3148991624572,6
7_#_BRCA_00432_TCGA-AR-A24N-01Z-00-DX1,31.5952330682952,9.15100140148164,7
1_#_BRCA_00432_TCGA-AR-A24N-01Z-00-DX1,30.7200573616878,18.4770242819228,7
6_#_BRCA_00432_TCGA-AR-A24N-01Z-00-DX1,0.714117670265188,28.1760358996782,6
8_#_BRCA_00432_TCGA-AR-A24N-01Z-00-DX1,24.7445642303241,2.52012820522348,4
9_#_BRCA_00432_TCGA-AR-A24N-01Z-00-DX1,-10.5169437208651,37.3829438531577,6
2_#_BRCA_00433_TCGA-AR-A24O-01Z-00-DX1,22.7014044235804,2.39325288931379,4
3_#_BRCA_00433_TCGA-AR-A24O-01Z-00-DX1,29.0710584753517,-7.57738001022968,4
4_#_BRCA_00433_TCGA-AR-A24O-01Z-00-DX1,9.55603970932654,27.4136591864397,6
0_#_BRCA_00433_TCGA-AR-A24O-01Z-00-DX1,9.4489844587209,27.5532474446531,6
1_#_BRCA_00433_TCGA-AR-A24O-01Z-00-DX1,29.1332078369731,-7.68229998175297,4
7_#_BRCA_00433_TCGA-AR-A24O-01Z-00-DX1,30.4114268707246,-6.32747643559803,4
5_#_BRCA_00433_TCGA-AR-A24O-01Z-00-DX1,7.76966369987175,29.4931053982015,6
6_#_BRCA_00433_TCGA-AR-A24O-01Z-00-DX1,15.5953333714203,-11.4698541564502,4
2_#_BRCA_00434_TCGA-AR-A24P-01Z-00-DX1,24.5531543935299,-6.48443634912385,2
1_#_BRCA_00434_TCGA-AR-A24P-01Z-00-DX1,5.02233009408092,30.996317735086,6
0_#_BRCA_00434_TCGA-AR-A24P-01Z-00-DX1,28.8383378857494,-9.27910441468486,4
3_#_BRCA_00434_TCGA-AR-A24P-01Z-00-DX1,26.6384153933809,0.31742211958613,4
5_#_BRCA_00434_TCGA-AR-A24P-01Z-00-DX1,28.0333750988623,-6.65404771438604,4
6_#_BRCA_00434_TCGA-AR-A24P-01Z-00-DX1,11.8697147097406,-19.1141788660726,4
4_#_BRCA_00434_TCGA-AR-A24P-01Z-00-DX1,21.5386304223358,-15.5310588413803,2
1_#_BRCA_00435_TCGA-AR-A24Q-01Z-00-DX1,-19.6666514383806,-9.57933310324869,2
0_#_BRCA_00435_TCGA-AR-A24Q-01Z-00-DX1,-17.792676686044,-2.16989537481626,2
2_#_BRCA_00435_TCGA-AR-A24Q-01Z-00-DX1,-16.772928084918,33.7472904184005,6
3_#_BRCA_00435_TCGA-AR-A24Q-01Z-00-DX1,3.62679436008578,32.3935865215629,6
4_#_BRCA_00435_TCGA-AR-A24Q-01Z-00-DX1,7.5377680438097,-26.4092217502,9
6_#_BRCA_00435_TCGA-AR-A24Q-01Z-00-DX1,-10.9461350033815,-25.1871644112014,2
5_#_BRCA_00435_TCGA-AR-A24Q-01Z-00-DX1,-0.46403058986576,-25.6207714450383,9
7_#_BRCA_00435_TCGA-AR-A24Q-01Z-00-DX1,0.947212445350967,-26.737590270456,9
0_#_BRCA_00436_TCGA-AR-A24R-01Z-00-DX1,-17.4525781252957,-2.32227024198665,2
2_#_BRCA_00436_TCGA-AR-A24R-01Z-00-DX1,30.4151902520339,18.8993734365461,7
4_#_BRCA_00436_TCGA-AR-A24R-01Z-00-DX1,-14.040028414606,-9.02549519053505,2
1_#_BRCA_00436_TCGA-AR-A24R-01Z-00-DX1,0.855493978646045,36.0577143844285,6
5_#_BRCA_00436_TCGA-AR-A24R-01Z-00-DX1,21.1255062264903,14.3416058934965,7
3_#_BRCA_00436_TCGA-AR-A24R-01Z-00-DX1,-15.1611456313388,35.5756887245695,6
6_#_BRCA_00436_TCGA-AR-A24R-01Z-00-DX1,-22.3283470534195,-12.1008202698812,2
7_#_BRCA_00436_TCGA-AR-A24R-01Z-00-DX1,-12.7181158807703,26.0900286134804,6
3_#_BRCA_00437_TCGA-AR-A24S-01Z-00-DX1,-6.78791165490616,-2.02280101469995,2
0_#_BRCA_00437_TCGA-AR-A24S-01Z-00-DX1,-8.65751440190221,-27.4008739952791,2
2_#_BRCA_00437_TCGA-AR-A24S-01Z-00-DX1,-3.89588114133253,-14.3364826693378,2
5_#_BRCA_00437_TCGA-AR-A24S-01Z-00-DX1,-12.4391665983842,28.5446549485741,6
4_#_BRCA_00437_TCGA-AR-A24S-01Z-00-DX1,-12.9971705639456,25.9165490676239,6
1_#_BRCA_00437_TCGA-AR-A24S-01Z-00-DX1,25.0906649082892,1.78309425089066,4
8_#_BRCA_00437_TCGA-AR-A24S-01Z-00-DX1,-4.75420716078946,-12.4604733401682,2
6_#_BRCA_00437_TCGA-AR-A24S-01Z-00-DX1,25.2640513673096,1.93056197054273,4
7_#_BRCA_00437_TCGA-AR-A24S-01Z-00-DX1,-22.9155921221429,-11.2430805061254,2
0_#_BRCA_00438_TCGA-AR-A24T-01Z-00-DX1,1.76303777209353,24.528216875947,1
3_#_BRCA_00438_TCGA-AR-A24T-01Z-00-DX1,15.5162510614646,0.94562995664839,1
2_#_BRCA_00438_TCGA-AR-A24T-01Z-00-DX1,-3.38672013278203,29.4301409110184,6
9_#_BRCA_00438_TCGA-AR-A24T-01Z-00-DX1,30.9488803447302,18.2157097648331,7
1_#_BRCA_00438_TCGA-AR-A24T-01Z-00-DX1,28.5290065230108,13.741587484762,7
4_#_BRCA_00438_TCGA-AR-A24T-01Z-00-DX1,28.878274229228,14.1362032332855,7
7_#_BRCA_00438_TCGA-AR-A24T-01Z-00-DX1,-4.56563579018252,31.7890917575069,6
6_#_BRCA_00438_TCGA-AR-A24T-01Z-00-DX1,27.7568840152429,0.0886680851614812,4
5_#_BRCA_00438_TCGA-AR-A24T-01Z-00-DX1,13.5132079916186,2.89762561961673,1
8_#_BRCA_00438_TCGA-AR-A24T-01Z-00-DX1,28.6081066364743,11.0585207822286,7
0_#_BRCA_00439_TCGA-AR-A24U-01Z-00-DX1,29.8120520786331,-5.2613130055735,4
1_#_BRCA_00439_TCGA-AR-A24U-01Z-00-DX1,-23.5379557353974,-10.6699212059823,2
4_#_BRCA_00439_TCGA-AR-A24U-01Z-00-DX1,30.24043712324,17.9913845721436,7
2_#_BRCA_00439_TCGA-AR-A24U-01Z-00-DX1,-12.0491933558123,28.700155039174,6
3_#_BRCA_00439_TCGA-AR-A24U-01Z-00-DX1,-12.225012863757,28.7346095794997,6
5_#_BRCA_00439_TCGA-AR-A24U-01Z-00-DX1,0.710193270843639,36.027893809785,6
6_#_BRCA_00439_TCGA-AR-A24U-01Z-00-DX1,20.5905381644496,-9.32564995342636,4
1_#_BRCA_00440_TCGA-AR-A24V-01Z-00-DX1,-3.8806847809187,-13.9605202180134,2
0_#_BRCA_00440_TCGA-AR-A24V-01Z-00-DX1,10.2176289674308,-12.0343576949252,4
2_#_BRCA_00440_TCGA-AR-A24V-01Z-00-DX1,29.40478053063,17.0740934221028,7
3_#_BRCA_00440_TCGA-AR-A24V-01Z-00-DX1,-11.638017127892,-21.2567189676934,2
5_#_BRCA_00440_TCGA-AR-A24V-01Z-00-DX1,-10.0760548046383,0.459486881762036,6
4_#_BRCA_00440_TCGA-AR-A24V-01Z-00-DX1,-12.2505315372009,-27.3223963515824,2
6_#_BRCA_00440_TCGA-AR-A24V-01Z-00-DX1,0.403003030394437,-23.2474530774136,2
0_#_BRCA_00441_TCGA-AR-A24W-01Z-00-DX1,29.3350060152071,8.33153676125795,7
1_#_BRCA_00441_TCGA-AR-A24W-01Z-00-DX1,-9.42154679315059,-7.97955577873476,2
3_#_BRCA_00441_TCGA-AR-A24W-01Z-00-DX1,30.109015967301,-5.6319760224304,4
2_#_BRCA_00441_TCGA-AR-A24W-01Z-00-DX1,1.65242166339753,28.9088227240872,6
9_#_BRCA_00441_TCGA-AR-A24W-01Z-00-DX1,-9.89336263239618,-22.4217075132688,2
5_#_BRCA_00441_TCGA-AR-A24W-01Z-00-DX1,29.298082219313,7.95522790665055,7
4_#_BRCA_00441_TCGA-AR-A24W-01Z-00-DX1,-2.626074702371,31.9043470090745,6
7_#_BRCA_00441_TCGA-AR-A24W-01Z-00-DX1,-18.1289826741855,-8.5476477359755,2
6_#_BRCA_00441_TCGA-AR-A24W-01Z-00-DX1,2.16085407104559,-18.3079694626158,9
8_#_BRCA_00441_TCGA-AR-A24W-01Z-00-DX1,-11.2695632392094,25.9623021203271,6
0_#_BRCA_00442_TCGA-AR-A24X-01Z-00-DX1,7.69019579910961,32.8122889539231,7
3_#_BRCA_00442_TCGA-AR-A24X-01Z-00-DX1,-12.1933412629613,7.30052092222853,5
1_#_BRCA_00442_TCGA-AR-A24X-01Z-00-DX1,-13.1675948289249,3.50403656672386,6
2_#_BRCA_00442_TCGA-AR-A24X-01Z-00-DX1,29.6349833110249,18.5123730030867,7
4_#_BRCA_00442_TCGA-AR-A24X-01Z-00-DX1,-13.1024497650773,3.3917858635553,6
5_#_BRCA_00442_TCGA-AR-A24X-01Z-00-DX1,29.8698805708781,-5.59470046633939,4
0_#_BRCA_00443_TCGA-AR-A24Z-01Z-00-DX1,-4.96500536171453,-1.94380959891249,7
1_#_BRCA_00443_TCGA-AR-A24Z-01Z-00-DX1,6.05410245432365,35.2582986070609,6
2_#_BRCA_00443_TCGA-AR-A24Z-01Z-00-DX1,-14.6300957221216,25.4687926388819,6
5_#_BRCA_00443_TCGA-AR-A24Z-01Z-00-DX1,6.19367118451277,35.8023923884193,6
7_#_BRCA_00443_TCGA-AR-A24Z-01Z-00-DX1,5.8933027178475,34.6773736852387,6
3_#_BRCA_00443_TCGA-AR-A24Z-01Z-00-DX1,-14.3960508192923,28.0263911441639,6
4_#_BRCA_00443_TCGA-AR-A24Z-01Z-00-DX1,-17.7511430099575,-7.85515682590857,2
6_#_BRCA_00443_TCGA-AR-A24Z-01Z-00-DX1,-18.5612479602088,27.5325464316654,6
0_#_BRCA_00444_TCGA-AR-A250-01Z-00-DX1,-13.3637760935049,25.7460206332273,6
1_#_BRCA_00444_TCGA-AR-A250-01Z-00-DX1,-11.4001043292236,5.62759909234644,1
2_#_BRCA_00444_TCGA-AR-A250-01Z-00-DX1,-12.2916462772788,28.6419869299843,6
3_#_BRCA_00444_TCGA-AR-A250-01Z-00-DX1,26.6183867978103,-6.36939809577364,4
5_#_BRCA_00444_TCGA-AR-A250-01Z-00-DX1,-11.4069680254032,5.65764292981113,1
6_#_BRCA_00444_TCGA-AR-A250-01Z-00-DX1,-11.5780347513233,5.89656648198656,5
4_#_BRCA_00444_TCGA-AR-A250-01Z-00-DX1,-18.6632468892199,27.5366082141002,6
2_#_BRCA_00445_TCGA-AR-A251-01Z-00-DX1,-14.3073585243577,35.3269994673229,6
4_#_BRCA_00445_TCGA-AR-A251-01Z-00-DX1,-12.5757065871778,25.4057126267252,7
0_#_BRCA_00445_TCGA-AR-A251-01Z-00-DX1,-18.4605322675069,27.5369715311578,6
3_#_BRCA_00445_TCGA-AR-A251-01Z-00-DX1,28.0337850008415,-7.39944418243524,4
1_#_BRCA_00445_TCGA-AR-A251-01Z-00-DX1,-7.86705456846471,-0.66459603033878,6
6_#_BRCA_00445_TCGA-AR-A251-01Z-00-DX1,19.8425171860311,16.7807059352808,7
5_#_BRCA_00445_TCGA-AR-A251-01Z-00-DX1,-14.0397717763373,30.0237116138081,6
7_#_BRCA_00445_TCGA-AR-A251-01Z-00-DX1,5.77437644576369,-30.101899522623,9
0_#_BRCA_00446_TCGA-AR-A252-01Z-00-DX1,-6.16661532615969,-1.65411793154153,7
1_#_BRCA_00446_TCGA-AR-A252-01Z-00-DX1,-12.2976411408039,28.6646532872216,6
2_#_BRCA_00446_TCGA-AR-A252-01Z-00-DX1,0.200977911221307,34.5800852791485,6
4_#_BRCA_00446_TCGA-AR-A252-01Z-00-DX1,25.4211201385719,2.47115480223246,4
3_#_BRCA_00446_TCGA-AR-A252-01Z-00-DX1,0.135976369388046,-20.4335974887318,2
4_#_BRCA_00447_TCGA-AR-A254-01Z-00-DX1,-22.6429798382695,-4.89493187394,6
3_#_BRCA_00447_TCGA-AR-A254-01Z-00-DX1,6.02362540966071,35.8981677046748,6
0_#_BRCA_00447_TCGA-AR-A254-01Z-00-DX1,23.6575499331381,13.5052150302841,7
2_#_BRCA_00447_TCGA-AR-A254-01Z-00-DX1,-16.9171473725838,-15.6525816940467,2
1_#_BRCA_00447_TCGA-AR-A254-01Z-00-DX1,-13.7427645837385,28.9618684665473,6
6_#_BRCA_00447_TCGA-AR-A254-01Z-00-DX1,-23.6585857242625,-10.4917237468953,2
5_#_BRCA_00447_TCGA-AR-A254-01Z-00-DX1,-13.4568737113281,28.1219968795325,6
0_#_BRCA_00448_TCGA-AR-A255-01Z-00-DX1,-7.62888401158322,36.2351074674377,6
1_#_BRCA_00448_TCGA-AR-A255-01Z-00-DX1,0.130341097811886,36.311956915355,6
2_#_BRCA_00448_TCGA-AR-A255-01Z-00-DX1,-11.5011083596415,24.6503727441774,6
3_#_BRCA_00448_TCGA-AR-A255-01Z-00-DX1,-0.489714900980326,35.1554489561809,6
4_#_BRCA_00448_TCGA-AR-A255-01Z-00-DX1,0.0599326173869709,36.3760132847927,6
5_#_BRCA_00448_TCGA-AR-A255-01Z-00-DX1,29.0449061219807,-5.54594520769557,4
1_#_BRCA_00449_TCGA-AR-A256-01Z-00-DX1,-18.1489379594751,-2.89326793275828,2
2_#_BRCA_00449_TCGA-AR-A256-01Z-00-DX1,18.0102797903468,12.362716505126,1
0_#_BRCA_00449_TCGA-AR-A256-01Z-00-DX1,22.9981621660514,2.98973680641449,4
3_#_BRCA_00449_TCGA-AR-A256-01Z-00-DX1,0.0880243493031388,-12.8309006577138,5
4_#_BRCA_00449_TCGA-AR-A256-01Z-00-DX1,-8.8134177099565,0.591935096502547,6
6_#_BRCA_00449_TCGA-AR-A256-01Z-00-DX1,25.915534970211,-9.32547553165181,4
5_#_BRCA_00449_TCGA-AR-A256-01Z-00-DX1,-3.13741357092858,-20.3298039628435,5
7_#_BRCA_00449_TCGA-AR-A256-01Z-00-DX1,7.94236984722442,28.3025103776864,6
8_#_BRCA_00449_TCGA-AR-A256-01Z-00-DX1,21.7441119319723,6.05714953163716,7
2_#_BRCA_00450_TCGA-AR-A2LE-01Z-00-DX1,-7.0402693366855,30.0948216331289,6
0_#_BRCA_00450_TCGA-AR-A2LE-01Z-00-DX1,-4.0406839019075,27.1606065345824,6
3_#_BRCA_00450_TCGA-AR-A2LE-01Z-00-DX1,28.8996537703758,18.6343197414227,7
4_#_BRCA_00450_TCGA-AR-A2LE-01Z-00-DX1,30.9680526581872,17.3504573902319,7
1_#_BRCA_00450_TCGA-AR-A2LE-01Z-00-DX1,30.0340304416209,19.184569304214,7
6_#_BRCA_00450_TCGA-AR-A2LE-01Z-00-DX1,34.4866292746665,13.3664995358033,7
5_#_BRCA_00450_TCGA-AR-A2LE-01Z-00-DX1,21.0566649989208,16.0278634825023,7
7_#_BRCA_00450_TCGA-AR-A2LE-01Z-00-DX1,22.3081185905403,6.13598501541284,7
0_#_BRCA_00451_TCGA-AR-A2LH-01Z-00-DX1,0.715566641131766,33.5848844655959,6
1_#_BRCA_00451_TCGA-AR-A2LH-01Z-00-DX1,15.0785595209798,13.206563953656,7
2_#_BRCA_00451_TCGA-AR-A2LH-01Z-00-DX1,0.34077116748691,34.2791830289138,6
3_#_BRCA_00451_TCGA-AR-A2LH-01Z-00-DX1,0.486405384650211,-14.1598211777237,7
6_#_BRCA_00452_TCGA-AR-A2LJ-01Z-00-DX1,2.33207137233836,34.378776958927,6
0_#_BRCA_00452_TCGA-AR-A2LJ-01Z-00-DX1,0.208733305029805,34.4654174776043,6
3_#_BRCA_00452_TCGA-AR-A2LJ-01Z-00-DX1,27.7562631751165,6.30436094639748,4
4_#_BRCA_00452_TCGA-AR-A2LJ-01Z-00-DX1,7.56535387367633,28.7813104667073,6
1_#_BRCA_00452_TCGA-AR-A2LJ-01Z-00-DX1,-5.35353092790045,30.9952098239861,6
5_#_BRCA_00452_TCGA-AR-A2LJ-01Z-00-DX1,11.2990180743031,30.3938942846642,6
8_#_BRCA_00452_TCGA-AR-A2LJ-01Z-00-DX1,-7.01662908726383,3.93396939475464,6
7_#_BRCA_00452_TCGA-AR-A2LJ-01Z-00-DX1,13.2133213592164,1.56518659221693,6
2_#_BRCA_00452_TCGA-AR-A2LJ-01Z-00-DX1,13.5142976745614,2.97154409824509,1
1_#_BRCA_00453_TCGA-AR-A2LK-01Z-00-DX1,4.07910543058011,17.5651661158921,1
0_#_BRCA_00453_TCGA-AR-A2LK-01Z-00-DX1,5.98313243363566,23.102741107246,1
2_#_BRCA_00453_TCGA-AR-A2LK-01Z-00-DX1,2.16051221654569,-12.2779322175057,9
3_#_BRCA_00453_TCGA-AR-A2LK-01Z-00-DX1,20.4575811862215,-4.07628609799119,4
4_#_BRCA_00453_TCGA-AR-A2LK-01Z-00-DX1,0.776957636593255,26.008958564817,1
0_#_BRCA_00454_TCGA-AR-A2LL-01Z-00-DX1,18.8463766559072,13.5081636526842,7
2_#_BRCA_00454_TCGA-AR-A2LL-01Z-00-DX1,7.40145457070446,32.964762060167,7
1_#_BRCA_00454_TCGA-AR-A2LL-01Z-00-DX1,1.1742949073266,35.5967272739589,6
3_#_BRCA_00454_TCGA-AR-A2LL-01Z-00-DX1,-12.5770976516273,7.57688825470384,5
5_#_BRCA_00454_TCGA-AR-A2LL-01Z-00-DX1,-8.34053693969846,33.0077957312245,6
4_#_BRCA_00454_TCGA-AR-A2LL-01Z-00-DX1,-14.2615559488865,-3.83120458686787,2
6_#_BRCA_00454_TCGA-AR-A2LL-01Z-00-DX1,3.00106077899047,33.2915377944527,6
0_#_BRCA_00455_TCGA-AR-A2LM-01Z-00-DX1,29.3752770068422,13.9365001641394,7
1_#_BRCA_00455_TCGA-AR-A2LM-01Z-00-DX1,-5.33660724727249,30.2222763615507,6
2_#_BRCA_00455_TCGA-AR-A2LM-01Z-00-DX1,0.233691989556036,22.3128642731615,1
5_#_BRCA_00455_TCGA-AR-A2LM-01Z-00-DX1,3.41901630824031,30.5587987820612,6
3_#_BRCA_00455_TCGA-AR-A2LM-01Z-00-DX1,1.67258753263897,24.4852487481573,1
4_#_BRCA_00455_TCGA-AR-A2LM-01Z-00-DX1,-18.5514217376867,-5.0587590734778,2
6_#_BRCA_00455_TCGA-AR-A2LM-01Z-00-DX1,22.0918296334357,4.63019178588759,7
1_#_BRCA_00456_TCGA-AR-A2LN-01Z-00-DX1,6.82385279605269,29.7345109520959,6
0_#_BRCA_00456_TCGA-AR-A2LN-01Z-00-DX1,22.1681953307384,6.742169050032,7
3_#_BRCA_00456_TCGA-AR-A2LN-01Z-00-DX1,34.3761887284648,13.8717205622749,7
5_#_BRCA_00456_TCGA-AR-A2LN-01Z-00-DX1,22.5557430365294,6.70627664637173,7
2_#_BRCA_00456_TCGA-AR-A2LN-01Z-00-DX1,1.7037336637092,28.8789984601741,6
4_#_BRCA_00456_TCGA-AR-A2LN-01Z-00-DX1,22.0861759074711,5.78942553520631,4
6_#_BRCA_00456_TCGA-AR-A2LN-01Z-00-DX1,13.0657443522833,0.288769569832231,7
1_#_BRCA_00457_TCGA-AR-A2LO-01Z-00-DX1,13.3458664485955,1.5993553814234,6
0_#_BRCA_00457_TCGA-AR-A2LO-01Z-00-DX1,28.5652000829803,-6.56151363218648,4
3_#_BRCA_00457_TCGA-AR-A2LO-01Z-00-DX1,-3.41977949904306,29.4999043429507,6
2_#_BRCA_00457_TCGA-AR-A2LO-01Z-00-DX1,30.8418071101304,-5.11516847522203,4
5_#_BRCA_00457_TCGA-AR-A2LO-01Z-00-DX1,-2.56862321390635,3.80248850506726,6
4_#_BRCA_00457_TCGA-AR-A2LO-01Z-00-DX1,12.9761087376171,2.67601197655688,1
0_#_BRCA_00458_TCGA-AR-A2LQ-01Z-00-DX1,23.5885569346111,-5.20522909467036,4
2_#_BRCA_00458_TCGA-AR-A2LQ-01Z-00-DX1,-4.25140158640066,31.1726580104805,6
1_#_BRCA_00458_TCGA-AR-A2LQ-01Z-00-DX1,-2.74909336944253,31.9760974965888,6
4_#_BRCA_00458_TCGA-AR-A2LQ-01Z-00-DX1,26.3643556637593,1.2750841998599,4
3_#_BRCA_00458_TCGA-AR-A2LQ-01Z-00-DX1,20.8932297576053,-5.98851444012417,4
5_#_BRCA_00458_TCGA-AR-A2LQ-01Z-00-DX1,25.6965949178274,-18.3640025056785,4
6_#_BRCA_00458_TCGA-AR-A2LQ-01Z-00-DX1,24.4871676990314,-14.1162088912011,4
1_#_BRCA_00459_TCGA-AR-A2LR-01Z-00-DX1,18.8367272618013,9.06767401604147,7
0_#_BRCA_00459_TCGA-AR-A2LR-01Z-00-DX1,3.38132165813843,-28.5811650064959,9
4_#_BRCA_00459_TCGA-AR-A2LR-01Z-00-DX1,19.5832881080189,15.2701835670142,7
6_#_BRCA_00459_TCGA-AR-A2LR-01Z-00-DX1,3.36716312538753,-28.6302245732671,9
3_#_BRCA_00459_TCGA-AR-A2LR-01Z-00-DX1,28.3935291794818,7.53404477879982,7
5_#_BRCA_00459_TCGA-AR-A2LR-01Z-00-DX1,30.0642749007623,7.78092688174932,7
2_#_BRCA_00459_TCGA-AR-A2LR-01Z-00-DX1,6.07618989780543,8.0582041321841,1
7_#_BRCA_00459_TCGA-AR-A2LR-01Z-00-DX1,18.8275431509846,9.14989715375085,7
0_#_BRCA_00460_TCGA-AR-A5QM-01Z-00-DX1,1.82664237694615,24.8985356144798,1
1_#_BRCA_00460_TCGA-AR-A5QM-01Z-00-DX1,21.1373874696609,8.67895155124065,4
2_#_BRCA_00460_TCGA-AR-A5QM-01Z-00-DX1,-3.37720941179637,30.4772812907844,1
7_#_BRCA_00460_TCGA-AR-A5QM-01Z-00-DX1,-4.60005555521787,31.8726393660171,6
8_#_BRCA_00460_TCGA-AR-A5QM-01Z-00-DX1,18.5836785825045,4.99851670553096,1
6_#_BRCA_00460_TCGA-AR-A5QM-01Z-00-DX1,25.4106488552746,1.72946032348515,4
9_#_BRCA_00460_TCGA-AR-A5QM-01Z-00-DX1,25.6295916801908,11.8676195585199,7
3_#_BRCA_00460_TCGA-AR-A5QM-01Z-00-DX1,-3.59782688457554,30.7879085260354,6
5_#_BRCA_00460_TCGA-AR-A5QM-01Z-00-DX1,2.3092094570511,23.2250702958326,1
4_#_BRCA_00460_TCGA-AR-A5QM-01Z-00-DX1,21.1019200252056,3.01588263978757,4
1_#_BRCA_00461_TCGA-AR-A5QN-01Z-00-DX1,-10.4253919874138,37.8967735905352,6
0_#_BRCA_00461_TCGA-AR-A5QN-01Z-00-DX1,1.58605460194904,28.870654500961,6
2_#_BRCA_00461_TCGA-AR-A5QN-01Z-00-DX1,0.970210362484116,35.7119893013783,6
3_#_BRCA_00461_TCGA-AR-A5QN-01Z-00-DX1,-11.7493274467293,33.8029379586953,6
4_#_BRCA_00461_TCGA-AR-A5QN-01Z-00-DX1,-15.7968982511842,-3.21292071571335,6
5_#_BRCA_00461_TCGA-AR-A5QN-01Z-00-DX1,-10.4571184618127,38.0432302191754,6
8_#_BRCA_00461_TCGA-AR-A5QN-01Z-00-DX1,23.4412400567408,5.68427652798683,4
7_#_BRCA_00461_TCGA-AR-A5QN-01Z-00-DX1,21.4744719602792,5.23442161044957,7
10_#_BRCA_00461_TCGA-AR-A5QN-01Z-00-DX1,35.2964321363458,13.0527087491832,7
6_#_BRCA_00461_TCGA-AR-A5QN-01Z-00-DX1,31.033914462886,-4.94883224937593,4
9_#_BRCA_00461_TCGA-AR-A5QN-01Z-00-DX1,14.2360611206125,21.5597361360572,1
0_#_BRCA_00462_TCGA-AR-A5QP-01Z-00-DX1,1.03113339956019,23.9301849764707,1
3_#_BRCA_00462_TCGA-AR-A5QP-01Z-00-DX1,2.26218781617093,34.373055906205,6
2_#_BRCA_00462_TCGA-AR-A5QP-01Z-00-DX1,27.9625934619306,-7.043978341484,4
4_#_BRCA_00462_TCGA-AR-A5QP-01Z-00-DX1,0.385384970427331,22.3809166752676,1
1_#_BRCA_00462_TCGA-AR-A5QP-01Z-00-DX1,5.9626395692551,31.1083311185379,6
5_#_BRCA_00462_TCGA-AR-A5QP-01Z-00-DX1,5.59643332250623,22.8884178724074,1
6_#_BRCA_00462_TCGA-AR-A5QP-01Z-00-DX1,23.0980229628962,16.5145929213672,7
0_#_BRCA_00463_TCGA-AR-A5QQ-01Z-00-DX1,-1.36125185078823,-10.5051933659134,5
3_#_BRCA_00463_TCGA-AR-A5QQ-01Z-00-DX1,-14.9040733950637,30.9616981496,6
1_#_BRCA_00463_TCGA-AR-A5QQ-01Z-00-DX1,-11.1266985852566,17.8758104661314,1
4_#_BRCA_00463_TCGA-AR-A5QQ-01Z-00-DX1,-21.8943290290224,-12.8141150808307,2
2_#_BRCA_00463_TCGA-AR-A5QQ-01Z-00-DX1,-14.9856753797125,31.3937851450137,6
5_#_BRCA_00463_TCGA-AR-A5QQ-01Z-00-DX1,-15.0099469121176,31.5145702987012,6
6_#_BRCA_00463_TCGA-AR-A5QQ-01Z-00-DX1,-14.2106839182842,35.5767663093332,6
1_#_BRCA_00464_TCGA-B6-A0I1-01Z-00-DX1,-16.9108823370119,3.67316733826205,9
2_#_BRCA_00464_TCGA-B6-A0I1-01Z-00-DX1,-16.7987382740185,4.86572445362473,9
0_#_BRCA_00464_TCGA-B6-A0I1-01Z-00-DX1,-18.3010262974785,4.29682397156691,9
3_#_BRCA_00464_TCGA-B6-A0I1-01Z-00-DX1,26.8660033277741,-12.6035538809286,4
6_#_BRCA_00464_TCGA-B6-A0I1-01Z-00-DX1,5.83601907508453,20.0577748402624,1
4_#_BRCA_00464_TCGA-B6-A0I1-01Z-00-DX1,21.8365027125082,-12.8515406900739,4
5_#_BRCA_00464_TCGA-B6-A0I1-01Z-00-DX1,-23.7491792793123,-21.3794961912,2
8_#_BRCA_00464_TCGA-B6-A0I1-01Z-00-DX1,21.4955944050572,-8.19780891091411,4
7_#_BRCA_00464_TCGA-B6-A0I1-01Z-00-DX1,0.748445825372182,-22.7281941038821,2
0_#_BRCA_00465_TCGA-B6-A0I2-01Z-00-DX1,29.3419980077192,3.24251892140847,7
1_#_BRCA_00465_TCGA-B6-A0I2-01Z-00-DX1,0.615517892865338,27.4762823450378,6
2_#_BRCA_00465_TCGA-B6-A0I2-01Z-00-DX1,4.58199581022,17.8153004097543,1
3_#_BRCA_00465_TCGA-B6-A0I2-01Z-00-DX1,-18.5634114833498,-14.0140012547323,7
4_#_BRCA_00465_TCGA-B6-A0I2-01Z-00-DX1,-6.6991761955854,31.1207617329937,6
5_#_BRCA_00465_TCGA-B6-A0I2-01Z-00-DX1,-18.844592841468,-13.2775617239977,2
6_#_BRCA_00465_TCGA-B6-A0I2-01Z-00-DX1,13.8255952796152,21.7878535561838,1
0_#_BRCA_00466_TCGA-B6-A0I5-01Z-00-DX1,-14.9238250410937,4.73040387420258,9
5_#_BRCA_00466_TCGA-B6-A0I5-01Z-00-DX1,-15.005957894647,4.73777137355288,9
1_#_BRCA_00466_TCGA-B6-A0I5-01Z-00-DX1,-4.21385582198394,-25.8635248460896,9
3_#_BRCA_00466_TCGA-B6-A0I5-01Z-00-DX1,20.8438256934335,-8.97109211238523,4
4_#_BRCA_00466_TCGA-B6-A0I5-01Z-00-DX1,0.952236082816101,8.48884000870694,1
2_#_BRCA_00466_TCGA-B6-A0I5-01Z-00-DX1,11.1526240710138,-3.65314301931722,1
6_#_BRCA_00466_TCGA-B6-A0I5-01Z-00-DX1,22.4921766854841,-9.38908620883717,4
0_#_BRCA_00467_TCGA-B6-A0I6-01Z-00-DX1,-4.0651713776094,-9.67768081675248,7
1_#_BRCA_00467_TCGA-B6-A0I6-01Z-00-DX1,12.3255936027508,-11.0049182086177,5
2_#_BRCA_00467_TCGA-B6-A0I6-01Z-00-DX1,-10.0161155899404,9.1554771837322,5
4_#_BRCA_00467_TCGA-B6-A0I6-01Z-00-DX1,19.6492589218371,-12.5373565903325,4
3_#_BRCA_00467_TCGA-B6-A0I6-01Z-00-DX1,-9.66580458511273,14.1115406299424,5
5_#_BRCA_00467_TCGA-B6-A0I6-01Z-00-DX1,-1.55519498792296,4.09996693122521,6
6_#_BRCA_00467_TCGA-B6-A0I6-01Z-00-DX1,-16.3960863293111,-25.5477954865408,2
0_#_BRCA_00468_TCGA-B6-A0I8-01Z-00-DX1,-21.0391958623104,19.5821661481461,5
2_#_BRCA_00468_TCGA-B6-A0I8-01Z-00-DX1,12.8699498493192,-5.2241492596698,5
1_#_BRCA_00468_TCGA-B6-A0I8-01Z-00-DX1,-13.8908695285549,16.9393832282198,5
5_#_BRCA_00468_TCGA-B6-A0I8-01Z-00-DX1,-24.3611580993643,20.2790283050467,5
3_#_BRCA_00468_TCGA-B6-A0I8-01Z-00-DX1,20.4773656792448,11.1583514052191,5
4_#_BRCA_00468_TCGA-B6-A0I8-01Z-00-DX1,-3.36055800586483,14.3094569955533,1
0_#_BRCA_00469_TCGA-B6-A0I9-01Z-00-DX1,-15.8247418723915,7.00900915516179,5
2_#_BRCA_00469_TCGA-B6-A0I9-01Z-00-DX1,-11.7344951663356,-25.3506106670731,5
1_#_BRCA_00469_TCGA-B6-A0I9-01Z-00-DX1,-11.9870263762851,8.98899582505288,5
4_#_BRCA_00469_TCGA-B6-A0I9-01Z-00-DX1,-15.7293643425591,7.16983417365202,5
5_#_BRCA_00469_TCGA-B6-A0I9-01Z-00-DX1,-9.10817157250856,-17.3870667475801,2
3_#_BRCA_00469_TCGA-B6-A0I9-01Z-00-DX1,-12.2513418769229,8.82680418373962,5
0_#_BRCA_00470_TCGA-B6-A0IA-01Z-00-DX1,7.62164474842851,-29.7075524710205,9
1_#_BRCA_00470_TCGA-B6-A0IA-01Z-00-DX1,-13.4046080382939,-24.8353620116209,2
2_#_BRCA_00470_TCGA-B6-A0IA-01Z-00-DX1,-2.02374019455152,-23.7740184711249,9
3_#_BRCA_00470_TCGA-B6-A0IA-01Z-00-DX1,-1.91249881731757,-23.4466683511337,9
4_#_BRCA_00470_TCGA-B6-A0IA-01Z-00-DX1,-2.24491895953818,-28.6066383973461,9
5_#_BRCA_00470_TCGA-B6-A0IA-01Z-00-DX1,9.03729815586739,-31.2706279838923,9
0_#_BRCA_00472_TCGA-B6-A0IC-01Z-00-DX1,-21.9020599150871,-23.0954147028348,2
3_#_BRCA_00472_TCGA-B6-A0IC-01Z-00-DX1,23.120276131501,-10.1581073955545,4
4_#_BRCA_00472_TCGA-B6-A0IC-01Z-00-DX1,-22.057020226426,-23.4693989378561,2
2_#_BRCA_00472_TCGA-B6-A0IC-01Z-00-DX1,4.24616656095503,4.82983045494887,1
1_#_BRCA_00472_TCGA-B6-A0IC-01Z-00-DX1,-21.4629589882218,-22.5470936925399,2
5_#_BRCA_00472_TCGA-B6-A0IC-01Z-00-DX1,0.842555794088223,-23.4711204371174,2
6_#_BRCA_00472_TCGA-B6-A0IC-01Z-00-DX1,-22.1753164217989,-23.5045976079018,2
7_#_BRCA_00472_TCGA-B6-A0IC-01Z-00-DX1,-21.9836537952431,-23.3041271424274,2
0_#_BRCA_00473_TCGA-B6-A0IE-01Z-00-DX1,1.86458181700877,15.4270102304944,1
1_#_BRCA_00473_TCGA-B6-A0IE-01Z-00-DX1,10.5671549099094,13.0111600236474,1
3_#_BRCA_00473_TCGA-B6-A0IE-01Z-00-DX1,-4.04929479491277,15.6441567854541,1
2_#_BRCA_00473_TCGA-B6-A0IE-01Z-00-DX1,11.1917734385642,18.9356331516482,1
4_#_BRCA_00473_TCGA-B6-A0IE-01Z-00-DX1,15.7681740619308,-1.40998107707075,1
6_#_BRCA_00473_TCGA-B6-A0IE-01Z-00-DX1,9.2008606210162,1.15738718362814,1
7_#_BRCA_00473_TCGA-B6-A0IE-01Z-00-DX1,8.4358799283754,22.9151553553085,1
5_#_BRCA_00473_TCGA-B6-A0IE-01Z-00-DX1,24.7245911465005,16.7401156016557,7
0_#_BRCA_00474_TCGA-B6-A0IG-01Z-00-DX1,6.4554376934152,12.4936055046676,1
5_#_BRCA_00474_TCGA-B6-A0IG-01Z-00-DX1,6.95433980974288,11.9840880750237,1
1_#_BRCA_00474_TCGA-B6-A0IG-01Z-00-DX1,11.7295947012613,19.6487504318175,1
4_#_BRCA_00474_TCGA-B6-A0IG-01Z-00-DX1,6.27730111882477,13.5585479230572,1
3_#_BRCA_00474_TCGA-B6-A0IG-01Z-00-DX1,32.2355666178243,1.41441747573663,4
2_#_BRCA_00474_TCGA-B6-A0IG-01Z-00-DX1,5.48508719172477,21.2862567753808,1
6_#_BRCA_00474_TCGA-B6-A0IG-01Z-00-DX1,10.7500867872747,21.5237545463864,1
0_#_BRCA_00475_TCGA-B6-A0IH-01Z-00-DX1,26.400417084632,-6.51879730554356,2
1_#_BRCA_00475_TCGA-B6-A0IH-01Z-00-DX1,31.3518625583997,11.6250952315738,7
3_#_BRCA_00475_TCGA-B6-A0IH-01Z-00-DX1,1.97764221129851,27.7099258048224,6
2_#_BRCA_00475_TCGA-B6-A0IH-01Z-00-DX1,14.4232289205569,-18.8254489559868,4
4_#_BRCA_00475_TCGA-B6-A0IH-01Z-00-DX1,36.8356119409016,-9.54401601327986,2
1_#_BRCA_00476_TCGA-B6-A0IJ-01Z-00-DX1,-17.3158050125513,-14.3517041651053,2
0_#_BRCA_00476_TCGA-B6-A0IJ-01Z-00-DX1,-17.4308355679117,-11.3763932206816,2
3_#_BRCA_00476_TCGA-B6-A0IJ-01Z-00-DX1,-5.3724059924017,-8.7941818348408,2
4_#_BRCA_00476_TCGA-B6-A0IJ-01Z-00-DX1,-6.78635227528085,10.1916461058409,1
2_#_BRCA_00476_TCGA-B6-A0IJ-01Z-00-DX1,-17.2696759863267,-14.4862299378029,2
5_#_BRCA_00476_TCGA-B6-A0IJ-01Z-00-DX1,20.4759527875571,13.0335973590171,5
0_#_BRCA_00477_TCGA-B6-A0IK-01Z-00-DX1,22.644044353518,-17.3321719239554,4
5_#_BRCA_00477_TCGA-B6-A0IK-01Z-00-DX1,15.0279400181702,-8.3480462285292,4
1_#_BRCA_00477_TCGA-B6-A0IK-01Z-00-DX1,-2.78285000757033,24.9025578513454,1
3_#_BRCA_00477_TCGA-B6-A0IK-01Z-00-DX1,-8.78275517873611,-17.1226962982883,2
4_#_BRCA_00477_TCGA-B6-A0IK-01Z-00-DX1,-1.93335870548436,-27.2075878679104,2
2_#_BRCA_00477_TCGA-B6-A0IK-01Z-00-DX1,25.3592604880448,12.1731695923147,7
1_#_BRCA_00478_TCGA-B6-A0IM-01Z-00-DX1,7.32428493093971,12.6014213406297,1
2_#_BRCA_00478_TCGA-B6-A0IM-01Z-00-DX1,-10.6644007345084,-17.5926029376486,2
0_#_BRCA_00478_TCGA-B6-A0IM-01Z-00-DX1,6.78625020228184,12.3731483180822,1
3_#_BRCA_00478_TCGA-B6-A0IM-01Z-00-DX1,-10.7081484121348,-17.5218384650221,2
5_#_BRCA_00478_TCGA-B6-A0IM-01Z-00-DX1,7.52345550877524,12.9384769027959,1
8_#_BRCA_00478_TCGA-B6-A0IM-01Z-00-DX1,6.50521077150337,12.3028183797245,1
4_#_BRCA_00478_TCGA-B6-A0IM-01Z-00-DX1,35.3888155208908,9.24645990140427,7
6_#_BRCA_00478_TCGA-B6-A0IM-01Z-00-DX1,7.5291637940823,13.0336165909064,1
7_#_BRCA_00478_TCGA-B6-A0IM-01Z-00-DX1,7.06118250640622,12.2440815115505,1
0_#_BRCA_00479_TCGA-B6-A0IN-01Z-00-DX1,-13.40098467922,-4.37993081603687,2
1_#_BRCA_00479_TCGA-B6-A0IN-01Z-00-DX1,31.1687223097584,4.24638606915166,7
4_#_BRCA_00479_TCGA-B6-A0IN-01Z-00-DX1,-13.5137088647421,-4.59981991585423,2
6_#_BRCA_00479_TCGA-B6-A0IN-01Z-00-DX1,31.8038094312887,4.8364319359724,7
2_#_BRCA_00479_TCGA-B6-A0IN-01Z-00-DX1,28.5340711466531,-10.616105068247,4
3_#_BRCA_00479_TCGA-B6-A0IN-01Z-00-DX1,-13.8881557500094,-29.2609101279778,2
5_#_BRCA_00479_TCGA-B6-A0IN-01Z-00-DX1,19.6418120390026,3.11477627656577,6
7_#_BRCA_00479_TCGA-B6-A0IN-01Z-00-DX1,32.0896490320433,-1.25349595972178,4
0_#_BRCA_00480_TCGA-B6-A0IO-01Z-00-DX1,-0.781392171728612,2.66633880965744,1
1_#_BRCA_00480_TCGA-B6-A0IO-01Z-00-DX1,13.9727585854231,-12.6595433719245,7
2_#_BRCA_00480_TCGA-B6-A0IO-01Z-00-DX1,23.7296561740021,-11.331436952205,4
3_#_BRCA_00480_TCGA-B6-A0IO-01Z-00-DX1,10.1356547790699,-16.711439374026,9
4_#_BRCA_00480_TCGA-B6-A0IO-01Z-00-DX1,-0.889640431361964,2.57136855124779,5
3_#_BRCA_00481_TCGA-B6-A0IP-01Z-00-DX1,7.02869532485596,22.3728111070823,1
4_#_BRCA_00481_TCGA-B6-A0IP-01Z-00-DX1,11.8282803828109,26.0448276623686,6
1_#_BRCA_00481_TCGA-B6-A0IP-01Z-00-DX1,29.3229997408869,3.15078258116573,7
5_#_BRCA_00481_TCGA-B6-A0IP-01Z-00-DX1,31.5691269131446,4.15298396501051,7
2_#_BRCA_00481_TCGA-B6-A0IP-01Z-00-DX1,32.1104951460885,-1.19455486753338,4
7_#_BRCA_00481_TCGA-B6-A0IP-01Z-00-DX1,11.7835869729619,26.1219387979315,6
0_#_BRCA_00481_TCGA-B6-A0IP-01Z-00-DX1,11.8743239690875,26.1004229999776,6
6_#_BRCA_00481_TCGA-B6-A0IP-01Z-00-DX1,7.32944434893796,10.9901094565233,1
2_#_BRCA_00482_TCGA-B6-A0IQ-01Z-00-DX1,-16.1628125466194,-8.55445319295923,2
0_#_BRCA_00482_TCGA-B6-A0IQ-01Z-00-DX1,-15.1399061188624,-5.48634892354257,2
1_#_BRCA_00482_TCGA-B6-A0IQ-01Z-00-DX1,-15.2231291215761,0.536528656612745,9
3_#_BRCA_00482_TCGA-B6-A0IQ-01Z-00-DX1,-1.98206348516193,2.96904289964023,1
4_#_BRCA_00482_TCGA-B6-A0IQ-01Z-00-DX1,22.5154420404323,8.53402039726853,4
5_#_BRCA_00482_TCGA-B6-A0IQ-01Z-00-DX1,-15.0533223824541,-7.21845932081544,2
7_#_BRCA_00482_TCGA-B6-A0IQ-01Z-00-DX1,-9.65509050558212,24.6648119965877,9
6_#_BRCA_00482_TCGA-B6-A0IQ-01Z-00-DX1,8.29452970352607,-20.0921253827512,9
1_#_BRCA_00483_TCGA-B6-A0RE-01Z-00-DX1,-16.7394202950913,8.39586397961225,5
0_#_BRCA_00483_TCGA-B6-A0RE-01Z-00-DX1,-22.8374472034088,4.33753464358096,5
3_#_BRCA_00483_TCGA-B6-A0RE-01Z-00-DX1,-5.68159990040258,-9.12725168692427,5
4_#_BRCA_00483_TCGA-B6-A0RE-01Z-00-DX1,20.2940443630935,9.61068227748524,4
2_#_BRCA_00483_TCGA-B6-A0RE-01Z-00-DX1,-18.2805893056277,10.2129673412239,5
5_#_BRCA_00483_TCGA-B6-A0RE-01Z-00-DX1,15.8091723814659,-11.6408870561038,4
6_#_BRCA_00483_TCGA-B6-A0RE-01Z-00-DX1,-16.2229167858296,7.99939847260022,5
7_#_BRCA_00483_TCGA-B6-A0RE-01Z-00-DX1,14.5965589411332,-11.7623665211082,4
0_#_BRCA_00484_TCGA-B6-A0RG-01Z-00-DX1,-10.5602859621094,-17.9722071997768,2
1_#_BRCA_00484_TCGA-B6-A0RG-01Z-00-DX1,-10.7743158341825,-18.4495671195883,2
3_#_BRCA_00484_TCGA-B6-A0RG-01Z-00-DX1,-9.62658980100191,-16.2778332117399,2
2_#_BRCA_00484_TCGA-B6-A0RG-01Z-00-DX1,6.395049752813,-4.98115182760095,1
5_#_BRCA_00484_TCGA-B6-A0RG-01Z-00-DX1,-10.9554701458725,-18.7489501411007,2
4_#_BRCA_00484_TCGA-B6-A0RG-01Z-00-DX1,7.31297056055104,11.3185314785056,1
0_#_BRCA_00485_TCGA-B6-A0RH-01Z-00-DX1,-20.285189599853,8.61092829209188,5
1_#_BRCA_00485_TCGA-B6-A0RH-01Z-00-DX1,-5.77125915997196,-20.9177990870911,2
2_#_BRCA_00485_TCGA-B6-A0RH-01Z-00-DX1,-16.414727325059,10.1062339854076,5
3_#_BRCA_00485_TCGA-B6-A0RH-01Z-00-DX1,-22.1557385126514,6.46222176496061,5
4_#_BRCA_00485_TCGA-B6-A0RH-01Z-00-DX1,-10.0069867927822,7.37401017555318,5
5_#_BRCA_00485_TCGA-B6-A0RH-01Z-00-DX1,21.4260461819394,-8.82083710027923,4
6_#_BRCA_00485_TCGA-B6-A0RH-01Z-00-DX1,-11.7507893907197,-25.2321181336402,2
0_#_BRCA_00486_TCGA-B6-A0RI-01Z-00-DX1,1.17532186108914,10.1514572770143,1
3_#_BRCA_00486_TCGA-B6-A0RI-01Z-00-DX1,7.17735193012828,11.6939232954727,1
6_#_BRCA_00486_TCGA-B6-A0RI-01Z-00-DX1,1.07645643210645,10.0790345888074,1
2_#_BRCA_00486_TCGA-B6-A0RI-01Z-00-DX1,12.227267352368,17.9336669297344,1
1_#_BRCA_00486_TCGA-B6-A0RI-01Z-00-DX1,31.0315535259259,2.78192961937247,4
5_#_BRCA_00486_TCGA-B6-A0RI-01Z-00-DX1,-1.83820110142817,-23.5387431617288,9
4_#_BRCA_00486_TCGA-B6-A0RI-01Z-00-DX1,11.9475473327534,16.6503062374358,1
1_#_BRCA_00487_TCGA-B6-A0RL-01Z-00-DX1,17.2160646849828,-8.89202265225026,4
0_#_BRCA_00487_TCGA-B6-A0RL-01Z-00-DX1,-22.1725325797534,6.63101190304105,5
4_#_BRCA_00487_TCGA-B6-A0RL-01Z-00-DX1,-5.35298375377279,-20.7546705229727,5
3_#_BRCA_00487_TCGA-B6-A0RL-01Z-00-DX1,-15.5609617062578,11.2223044065013,5
5_#_BRCA_00487_TCGA-B6-A0RL-01Z-00-DX1,23.5255617506611,-10.6300296246096,4
6_#_BRCA_00487_TCGA-B6-A0RL-01Z-00-DX1,-20.1852933178282,10.5997719673252,5
2_#_BRCA_00487_TCGA-B6-A0RL-01Z-00-DX1,-10.2031668097096,-10.742624266008,2
0_#_BRCA_00488_TCGA-B6-A0RM-01Z-00-DX1,-19.3095305639397,-19.6503031772672,2
2_#_BRCA_00488_TCGA-B6-A0RM-01Z-00-DX1,-19.7872623869094,-19.7346592146013,7
1_#_BRCA_00488_TCGA-B6-A0RM-01Z-00-DX1,17.244457036419,-8.37900663033581,4
3_#_BRCA_00488_TCGA-B6-A0RM-01Z-00-DX1,-10.2130390274461,-10.6869802400517,5
4_#_BRCA_00488_TCGA-B6-A0RM-01Z-00-DX1,17.3090371812907,-8.434677515308,4
6_#_BRCA_00488_TCGA-B6-A0RM-01Z-00-DX1,-19.9903907178723,-19.8474170316674,7
5_#_BRCA_00488_TCGA-B6-A0RM-01Z-00-DX1,-16.9020088336461,-20.5996364750889,2
0_#_BRCA_00489_TCGA-B6-A0RN-01Z-00-DX1,31.7438582596788,12.491943651162,7
1_#_BRCA_00489_TCGA-B6-A0RN-01Z-00-DX1,0.228367540386879,15.4796245565908,1
3_#_BRCA_00489_TCGA-B6-A0RN-01Z-00-DX1,31.8250720407116,3.42337727324898,5
2_#_BRCA_00489_TCGA-B6-A0RN-01Z-00-DX1,-2.04798919846872,-27.5214469552695,2
4_#_BRCA_00489_TCGA-B6-A0RN-01Z-00-DX1,25.5341689712875,13.5565441119791,7
5_#_BRCA_00489_TCGA-B6-A0RN-01Z-00-DX1,12.9557191662172,-4.85683970460383,5
0_#_BRCA_00490_TCGA-B6-A0RO-01Z-00-DX1,8.05694763247079,-29.8670216781435,9
2_#_BRCA_00490_TCGA-B6-A0RO-01Z-00-DX1,-25.3213487788509,9.23982838886561,5
3_#_BRCA_00490_TCGA-B6-A0RO-01Z-00-DX1,20.4924031656997,11.2248558709845,5
1_#_BRCA_00490_TCGA-B6-A0RO-01Z-00-DX1,33.9065164154747,9.56402933954689,7
5_#_BRCA_00490_TCGA-B6-A0RO-01Z-00-DX1,7.97273831965735,-29.5861030461522,9
4_#_BRCA_00490_TCGA-B6-A0RO-01Z-00-DX1,-1.54292525655128,-1.99980413713322,5
6_#_BRCA_00490_TCGA-B6-A0RO-01Z-00-DX1,19.296419700724,-8.61369529118004,4
1_#_BRCA_00491_TCGA-B6-A0RP-01Z-00-DX1,3.72211059141581,28.3633139861224,6
0_#_BRCA_00491_TCGA-B6-A0RP-01Z-00-DX1,-9.63526435914731,24.5993449572636,9
2_#_BRCA_00491_TCGA-B6-A0RP-01Z-00-DX1,32.2839532541362,7.57471875098405,7
4_#_BRCA_00491_TCGA-B6-A0RP-01Z-00-DX1,10.2095530960579,-16.8765136102285,9
3_#_BRCA_00491_TCGA-B6-A0RP-01Z-00-DX1,11.6653935971981,-20.9006369454342,9
0_#_BRCA_00492_TCGA-B6-A0RQ-01Z-00-DX1,1.50058068831283,14.1223544590701,1
4_#_BRCA_00492_TCGA-B6-A0RQ-01Z-00-DX1,1.63973649868807,14.2187023404512,1
1_#_BRCA_00492_TCGA-B6-A0RQ-01Z-00-DX1,21.0459925411348,-8.73138245840004,4
2_#_BRCA_00492_TCGA-B6-A0RQ-01Z-00-DX1,19.4637366073401,11.7108439184854,7
5_#_BRCA_00492_TCGA-B6-A0RQ-01Z-00-DX1,7.40420432941917,14.4997787231832,1
3_#_BRCA_00492_TCGA-B6-A0RQ-01Z-00-DX1,1.50239705214357,15.1281912673892,1
0_#_BRCA_00493_TCGA-B6-A0RS-01Z-00-DX1,-22.7776468317016,4.16758654050321,5
2_#_BRCA_00493_TCGA-B6-A0RS-01Z-00-DX1,-16.6990088226523,8.51875520138881,5
1_#_BRCA_00493_TCGA-B6-A0RS-01Z-00-DX1,34.6961776635079,11.7922378424995,7
4_#_BRCA_00493_TCGA-B6-A0RS-01Z-00-DX1,-9.6065323909333,8.6987383015629,5
3_#_BRCA_00493_TCGA-B6-A0RS-01Z-00-DX1,-6.203347560715,-10.0657078619745,2
5_#_BRCA_00493_TCGA-B6-A0RS-01Z-00-DX1,18.9207285703293,14.972983390807,5
6_#_BRCA_00493_TCGA-B6-A0RS-01Z-00-DX1,26.948873921556,-10.1865602064953,4
0_#_BRCA_00494_TCGA-B6-A0RT-01Z-00-DX1,6.51697533788537,15.3974494261476,1
1_#_BRCA_00494_TCGA-B6-A0RT-01Z-00-DX1,14.1622782662229,-1.2671660059458,5
2_#_BRCA_00494_TCGA-B6-A0RT-01Z-00-DX1,-10.9927819660431,-4.51830337883984,6
5_#_BRCA_00494_TCGA-B6-A0RT-01Z-00-DX1,19.1523590202158,2.33070256259671,6
3_#_BRCA_00494_TCGA-B6-A0RT-01Z-00-DX1,7.26573464095481,34.2064579717118,6
4_#_BRCA_00494_TCGA-B6-A0RT-01Z-00-DX1,-5.58661945433769,4.75069623633558,6
6_#_BRCA_00494_TCGA-B6-A0RT-01Z-00-DX1,-13.9473184718749,-14.2081974434358,2
7_#_BRCA_00494_TCGA-B6-A0RT-01Z-00-DX1,2.41102506536802,-12.608609780015,5
1_#_BRCA_00495_TCGA-B6-A0RU-01Z-00-DX1,5.3006578940497,-25.0531696749626,9
2_#_BRCA_00495_TCGA-B6-A0RU-01Z-00-DX1,12.3980943491087,-5.98536767914743,5
0_#_BRCA_00495_TCGA-B6-A0RU-01Z-00-DX1,9.07820805558356,-30.8229761899076,9
4_#_BRCA_00495_TCGA-B6-A0RU-01Z-00-DX1,-6.24639191506185,-24.1665279226205,2
5_#_BRCA_00495_TCGA-B6-A0RU-01Z-00-DX1,-2.69870066290587,-15.4033875290978,5
3_#_BRCA_00495_TCGA-B6-A0RU-01Z-00-DX1,20.0755156632533,-8.89257361155133,4
6_#_BRCA_00495_TCGA-B6-A0RU-01Z-00-DX1,1.75637422951209,-30.1170110221443,9
7_#_BRCA_00495_TCGA-B6-A0RU-01Z-00-DX1,-3.29742667703595,-24.967575813157,9
0_#_BRCA_00496_TCGA-B6-A0RV-01Z-00-DX1,30.8429222734849,11.6992452841195,7
1_#_BRCA_00496_TCGA-B6-A0RV-01Z-00-DX1,9.8170934948502,27.1914397539098,6
2_#_BRCA_00496_TCGA-B6-A0RV-01Z-00-DX1,10.0294180376602,27.4473193383095,6
5_#_BRCA_00496_TCGA-B6-A0RV-01Z-00-DX1,1.52104884002797,27.3359740974319,6
3_#_BRCA_00496_TCGA-B6-A0RV-01Z-00-DX1,26.7203401366928,-10.2572410714666,4
6_#_BRCA_00496_TCGA-B6-A0RV-01Z-00-DX1,11.086803979878,-20.7841294413088,9
4_#_BRCA_00496_TCGA-B6-A0RV-01Z-00-DX1,7.61330922980709,29.609037163068,6
0_#_BRCA_00497_TCGA-B6-A0WS-01Z-00-DX1,29.6685325629297,3.65861115203379,7
1_#_BRCA_00497_TCGA-B6-A0WS-01Z-00-DX1,-9.47381541392151,-2.45322852721431,6
2_#_BRCA_00497_TCGA-B6-A0WS-01Z-00-DX1,9.93510738288599,1.56479724590766,1
3_#_BRCA_00497_TCGA-B6-A0WS-01Z-00-DX1,-0.545193505047438,27.2726374518143,6
4_#_BRCA_00497_TCGA-B6-A0WS-01Z-00-DX1,-1.12107462996636,27.0340852450275,6
5_#_BRCA_00497_TCGA-B6-A0WS-01Z-00-DX1,32.109318587359,0.7430756799165,7
2_#_BRCA_00498_TCGA-B6-A0WT-01Z-00-DX1,-5.01575272144754,13.5547817200878,5
0_#_BRCA_00498_TCGA-B6-A0WT-01Z-00-DX1,-4.92583904552301,13.6835127669008,5
1_#_BRCA_00498_TCGA-B6-A0WT-01Z-00-DX1,8.03783945726388,-29.5576989477161,9
3_#_BRCA_00498_TCGA-B6-A0WT-01Z-00-DX1,20.7340148281064,12.6048741845653,7
5_#_BRCA_00498_TCGA-B6-A0WT-01Z-00-DX1,7.5793265742662,-29.5605582208919,9
4_#_BRCA_00498_TCGA-B6-A0WT-01Z-00-DX1,-26.7555037649875,6.34901280204613,2
0_#_BRCA_00499_TCGA-B6-A0WV-01Z-00-DX1,0.0606009256441564,2.12655360306932,5
1_#_BRCA_00499_TCGA-B6-A0WV-01Z-00-DX1,4.790499407377,19.8426703586932,1
3_#_BRCA_00499_TCGA-B6-A0WV-01Z-00-DX1,-0.155412454871712,-1.72178324640959,5
2_#_BRCA_00499_TCGA-B6-A0WV-01Z-00-DX1,-1.7933263714528,-4.35026287967336,1
4_#_BRCA_00499_TCGA-B6-A0WV-01Z-00-DX1,9.72363311972424,23.8549587050787,1
6_#_BRCA_00499_TCGA-B6-A0WV-01Z-00-DX1,-4.46641584248434,23.8127709334451,6
5_#_BRCA_00499_TCGA-B6-A0WV-01Z-00-DX1,-4.59143527242926,24.4067299815007,1
1_#_BRCA_00500_TCGA-B6-A0WW-01Z-00-DX1,4.6234049918977,20.2023923784482,1
0_#_BRCA_00500_TCGA-B6-A0WW-01Z-00-DX1,18.8161646084289,12.9838004004687,7
2_#_BRCA_00500_TCGA-B6-A0WW-01Z-00-DX1,7.47795011704555,23.2459196614309,1
5_#_BRCA_00500_TCGA-B6-A0WW-01Z-00-DX1,18.7866257960641,13.4059368886686,7
3_#_BRCA_00500_TCGA-B6-A0WW-01Z-00-DX1,33.4850173729159,17.6873834501295,7
4_#_BRCA_00500_TCGA-B6-A0WW-01Z-00-DX1,4.59521620586355,19.9784293215674,1
6_#_BRCA_00500_TCGA-B6-A0WW-01Z-00-DX1,-9.41870260450641,-2.22779666862686,6
1_#_BRCA_00501_TCGA-B6-A0WX-01Z-00-DX1,0.654944047528078,11.1475330737524,1
4_#_BRCA_00501_TCGA-B6-A0WX-01Z-00-DX1,0.657551210223566,11.1008708306112,1
5_#_BRCA_00501_TCGA-B6-A0WX-01Z-00-DX1,0.570366670443882,11.3535351875367,1
0_#_BRCA_00501_TCGA-B6-A0WX-01Z-00-DX1,0.602690340996173,11.2860016033123,1
2_#_BRCA_00501_TCGA-B6-A0WX-01Z-00-DX1,0.784451407900995,10.8326736160112,1
6_#_BRCA_00501_TCGA-B6-A0WX-01Z-00-DX1,-2.08439612539908,-2.3479919035013,5
3_#_BRCA_00501_TCGA-B6-A0WX-01Z-00-DX1,11.9124960089197,-4.12072173413253,5
7_#_BRCA_00501_TCGA-B6-A0WX-01Z-00-DX1,11.9364006072775,-4.03662510287738,1
0_#_BRCA_00502_TCGA-B6-A0WY-01Z-00-DX1,2.29731128015877,13.3890139726092,1
4_#_BRCA_00502_TCGA-B6-A0WY-01Z-00-DX1,8.76007765109789,-30.4454532794534,9
1_#_BRCA_00502_TCGA-B6-A0WY-01Z-00-DX1,1.93450778549922,10.9774791625125,1
2_#_BRCA_00502_TCGA-B6-A0WY-01Z-00-DX1,18.8404006770214,11.8414880831354,5
3_#_BRCA_00502_TCGA-B6-A0WY-01Z-00-DX1,16.5924332841252,-11.6844924556194,4
5_#_BRCA_00502_TCGA-B6-A0WY-01Z-00-DX1,2.56482178855326,13.4719123767327,1
6_#_BRCA_00502_TCGA-B6-A0WY-01Z-00-DX1,11.275286156285,-20.8782261394736,9
0_#_BRCA_00503_TCGA-B6-A0WZ-01Z-00-DX1,4.6723199219294,19.7483504207383,1
1_#_BRCA_00503_TCGA-B6-A0WZ-01Z-00-DX1,31.4790789011965,2.30531296032983,4
3_#_BRCA_00503_TCGA-B6-A0WZ-01Z-00-DX1,12.2902045238643,19.3843729307487,1
2_#_BRCA_00503_TCGA-B6-A0WZ-01Z-00-DX1,-2.58653589135408,25.2430028901755,1
5_#_BRCA_00503_TCGA-B6-A0WZ-01Z-00-DX1,6.71103461090163,13.2242418034894,1
7_#_BRCA_00503_TCGA-B6-A0WZ-01Z-00-DX1,-2.45783930510514,25.3140282132611,1
4_#_BRCA_00503_TCGA-B6-A0WZ-01Z-00-DX1,-9.19933587639017,26.5045287495464,6
6_#_BRCA_00503_TCGA-B6-A0WZ-01Z-00-DX1,10.8586767281005,21.1521890467579,1
0_#_BRCA_00504_TCGA-B6-A0X0-01Z-00-DX1,-14.8670919635652,-8.42609685771942,2
3_#_BRCA_00504_TCGA-B6-A0X0-01Z-00-DX1,27.785666781421,10.806507953602,7
1_#_BRCA_00504_TCGA-B6-A0X0-01Z-00-DX1,-14.915993620022,-8.78978052677144,9
2_#_BRCA_00504_TCGA-B6-A0X0-01Z-00-DX1,19.2939603349611,10.7785896522645,7
4_#_BRCA_00504_TCGA-B6-A0X0-01Z-00-DX1,26.5075284190207,-9.92176377284715,4
6_#_BRCA_00504_TCGA-B6-A0X0-01Z-00-DX1,23.5635408560274,13.0600257096797,7
7_#_BRCA_00504_TCGA-B6-A0X0-01Z-00-DX1,26.8358075962488,11.8739381077307,7
5_#_BRCA_00504_TCGA-B6-A0X0-01Z-00-DX1,-2.08398388947389,3.0342562530166,2
8_#_BRCA_00504_TCGA-B6-A0X0-01Z-00-DX1,-22.0096505901617,-28.344848160503,9
9_#_BRCA_00504_TCGA-B6-A0X0-01Z-00-DX1,-12.0272689927252,-30.6516806437811,2
0_#_BRCA_00505_TCGA-B6-A0X1-01Z-00-DX1,-22.1476754866791,1.84704013946449,5
3_#_BRCA_00505_TCGA-B6-A0X1-01Z-00-DX1,12.7576570532121,-5.18999417880362,5
2_#_BRCA_00505_TCGA-B6-A0X1-01Z-00-DX1,-23.632467304796,2.01437339631713,5
1_#_BRCA_00505_TCGA-B6-A0X1-01Z-00-DX1,-15.306574893934,-26.1657298207629,2
4_#_BRCA_00505_TCGA-B6-A0X1-01Z-00-DX1,-12.4737893561393,8.66095132773969,5
6_#_BRCA_00505_TCGA-B6-A0X1-01Z-00-DX1,-18.7038875099114,3.74214251249769,9
5_#_BRCA_00505_TCGA-B6-A0X1-01Z-00-DX1,15.4865680499735,-3.09269761126806,4
7_#_BRCA_00505_TCGA-B6-A0X1-01Z-00-DX1,-12.3004070168214,11.9492947900011,1
0_#_BRCA_00506_TCGA-B6-A0X4-01Z-00-DX1,27.4086456714036,-14.7324255783939,4
1_#_BRCA_00506_TCGA-B6-A0X4-01Z-00-DX1,-4.69197343396648,-5.79432084265104,2
3_#_BRCA_00506_TCGA-B6-A0X4-01Z-00-DX1,-13.4076185407521,-18.9947504735185,2
5_#_BRCA_00506_TCGA-B6-A0X4-01Z-00-DX1,-14.7559740300838,-29.2612177465164,2
4_#_BRCA_00506_TCGA-B6-A0X4-01Z-00-DX1,-13.3343424608903,-18.6298461572328,2
2_#_BRCA_00506_TCGA-B6-A0X4-01Z-00-DX1,-14.1842156877074,-28.3757624659619,2
7_#_BRCA_00506_TCGA-B6-A0X4-01Z-00-DX1,-12.3267564222071,-19.6802525264919,2
8_#_BRCA_00506_TCGA-B6-A0X4-01Z-00-DX1,-9.15306950676755,-15.8669819803113,2
6_#_BRCA_00506_TCGA-B6-A0X4-01Z-00-DX1,-4.58763735239407,-5.72513026492937,2
9_#_BRCA_00506_TCGA-B6-A0X4-01Z-00-DX1,-14.4174463263451,-19.9158188404792,2
1_#_BRCA_00507_TCGA-B6-A0X5-01Z-00-DX1,-11.8344491546647,-3.5065253966267,6
2_#_BRCA_00507_TCGA-B6-A0X5-01Z-00-DX1,6.20399582270343,-25.3320298452111,9
0_#_BRCA_00507_TCGA-B6-A0X5-01Z-00-DX1,-13.7431233750562,-16.4569697356886,2
6_#_BRCA_00507_TCGA-B6-A0X5-01Z-00-DX1,-14.2628270973782,-16.2669838961869,2
3_#_BRCA_00507_TCGA-B6-A0X5-01Z-00-DX1,16.8756076507127,-18.5923264643538,4
5_#_BRCA_00507_TCGA-B6-A0X5-01Z-00-DX1,-4.85383548041064,-28.3402046730636,2
4_#_BRCA_00507_TCGA-B6-A0X5-01Z-00-DX1,6.39743596649304,-25.0432174982899,4
7_#_BRCA_00507_TCGA-B6-A0X5-01Z-00-DX1,-11.0235472014354,-21.873581642518,2
0_#_BRCA_00508_TCGA-B6-A0X7-01Z-00-DX1,-1.83633304426367,-0.19025020868762,9
2_#_BRCA_00508_TCGA-B6-A0X7-01Z-00-DX1,2.43686596385204,7.34012321249711,1
3_#_BRCA_00508_TCGA-B6-A0X7-01Z-00-DX1,22.8929212307023,-10.0751827342897,4
1_#_BRCA_00508_TCGA-B6-A0X7-01Z-00-DX1,14.1530721390507,-11.6913343906734,5
4_#_BRCA_00508_TCGA-B6-A0X7-01Z-00-DX1,33.6224726933847,10.3304229429409,7
5_#_BRCA_00508_TCGA-B6-A0X7-01Z-00-DX1,2.1896325734439,15.1999474593021,1
6_#_BRCA_00508_TCGA-B6-A0X7-01Z-00-DX1,0.713516519148318,-26.180371487375,9
1_#_BRCA_00509_TCGA-B6-A1KC-01Z-00-DX1,7.62268810625176,12.9476124466674,1
2_#_BRCA_00509_TCGA-B6-A1KC-01Z-00-DX1,7.87535936800275,13.1179521723636,1
0_#_BRCA_00509_TCGA-B6-A1KC-01Z-00-DX1,28.8852374055985,-11.3167233318981,4
4_#_BRCA_00509_TCGA-B6-A1KC-01Z-00-DX1,7.01936236195692,11.783827140548,1
3_#_BRCA_00509_TCGA-B6-A1KC-01Z-00-DX1,5.82159987712952,20.6074781909553,1
7_#_BRCA_00509_TCGA-B6-A1KC-01Z-00-DX1,29.2776701277033,-12.1909030760567,4
5_#_BRCA_00509_TCGA-B6-A1KC-01Z-00-DX1,7.02423796752985,4.85160760609087,1
6_#_BRCA_00509_TCGA-B6-A1KC-01Z-00-DX1,0.555728607890555,-22.5034940794522,2
0_#_BRCA_00510_TCGA-B6-A1KF-01Z-00-DX1,-16.1182762432044,5.40510516300435,5
2_#_BRCA_00510_TCGA-B6-A1KF-01Z-00-DX1,22.2157729855607,-11.4633635242511,4
1_#_BRCA_00510_TCGA-B6-A1KF-01Z-00-DX1,16.8805363260026,-11.515706200823,4
3_#_BRCA_00510_TCGA-B6-A1KF-01Z-00-DX1,3.68242240344581,12.5017521383089,1
4_#_BRCA_00510_TCGA-B6-A1KF-01Z-00-DX1,11.412986481725,-21.0457760400016,9
6_#_BRCA_00510_TCGA-B6-A1KF-01Z-00-DX1,-3.16135999802688,20.565339682437,1
5_#_BRCA_00510_TCGA-B6-A1KF-01Z-00-DX1,5.71328646331744,-26.621838466891,9
0_#_BRCA_00511_TCGA-B6-A1KI-01Z-00-DX1,-20.6218068694209,12.4180749269724,5
1_#_BRCA_00511_TCGA-B6-A1KI-01Z-00-DX1,-23.2267963871815,20.5266624250603,5
3_#_BRCA_00511_TCGA-B6-A1KI-01Z-00-DX1,22.2521642327329,-9.59329867474025,4
2_#_BRCA_00511_TCGA-B6-A1KI-01Z-00-DX1,-1.74494444823737,10.4693260795791,5
5_#_BRCA_00511_TCGA-B6-A1KI-01Z-00-DX1,22.7541586484472,-10.4270213634008,4
4_#_BRCA_00511_TCGA-B6-A1KI-01Z-00-DX1,0.836162181730968,-23.875021218045,2
2_#_BRCA_00512_TCGA-B6-A1KN-01Z-00-DX1,21.2829444916351,-8.82166394681181,4
3_#_BRCA_00512_TCGA-B6-A1KN-01Z-00-DX1,7.09478031429757,12.525159318714,1
4_#_BRCA_00512_TCGA-B6-A1KN-01Z-00-DX1,7.02467149431598,12.4895728918913,1
0_#_BRCA_00512_TCGA-B6-A1KN-01Z-00-DX1,6.42365095908582,12.2751637611144,1
6_#_BRCA_00512_TCGA-B6-A1KN-01Z-00-DX1,6.15727747329345,12.2376682902119,1
1_#_BRCA_00512_TCGA-B6-A1KN-01Z-00-DX1,-2.72580736500657,-2.72919645655073,5
5_#_BRCA_00512_TCGA-B6-A1KN-01Z-00-DX1,1.14812717098915,-25.5179071891364,9
7_#_BRCA_00512_TCGA-B6-A1KN-01Z-00-DX1,12.1652636964853,-31.5015374259268,9
1_#_BRCA_00513_TCGA-B6-A2IU-01Z-00-DX1,26.3679297629387,17.1106317579023,7
0_#_BRCA_00513_TCGA-B6-A2IU-01Z-00-DX1,16.7237367972175,5.06961216510104,1
9_#_BRCA_00513_TCGA-B6-A2IU-01Z-00-DX1,16.7935090188332,5.09169061306404,4
7_#_BRCA_00513_TCGA-B6-A2IU-01Z-00-DX1,16.4980191570534,5.22597311993711,1
2_#_BRCA_00513_TCGA-B6-A2IU-01Z-00-DX1,36.6360157147399,-2.66673915737436,4
3_#_BRCA_00513_TCGA-B6-A2IU-01Z-00-DX1,2.62659115661972,18.9423236622475,1
6_#_BRCA_00513_TCGA-B6-A2IU-01Z-00-DX1,7.87359131221668,-27.2419092513884,7
4_#_BRCA_00513_TCGA-B6-A2IU-01Z-00-DX1,-15.8976382624617,-29.9587120163639,2
5_#_BRCA_00513_TCGA-B6-A2IU-01Z-00-DX1,22.1908960365368,14.0452252710834,7
8_#_BRCA_00513_TCGA-B6-A2IU-01Z-00-DX1,16.3859356442482,5.18688107357699,1
1_#_BRCA_00514_TCGA-BH-A0AU-01Z-00-DX1,-21.1944324692037,16.4486236097203,5
2_#_BRCA_00514_TCGA-BH-A0AU-01Z-00-DX1,22.5677404908841,11.9662648796198,7
0_#_BRCA_00514_TCGA-BH-A0AU-01Z-00-DX1,-25.8881507800207,19.6040885943213,5
3_#_BRCA_00514_TCGA-BH-A0AU-01Z-00-DX1,-23.4367857711532,19.5741814748377,5
4_#_BRCA_00514_TCGA-BH-A0AU-01Z-00-DX1,16.9592381205908,-2.42025544971565,4
5_#_BRCA_00514_TCGA-BH-A0AU-01Z-00-DX1,-18.4081780123812,17.0202273402447,5
7_#_BRCA_00514_TCGA-BH-A0AU-01Z-00-DX1,-23.1275520250896,20.4771069584659,5
6_#_BRCA_00514_TCGA-BH-A0AU-01Z-00-DX1,-1.20751690890678,9.82988557889731,1
0_#_BRCA_00515_TCGA-BH-A0AV-01Z-00-DX1,23.1111033262373,-8.07597831928721,4
2_#_BRCA_00515_TCGA-BH-A0AV-01Z-00-DX1,-15.302496625184,18.0268959866908,5
1_#_BRCA_00515_TCGA-BH-A0AV-01Z-00-DX1,-2.38602364314128,-10.2481743206702,5
4_#_BRCA_00515_TCGA-BH-A0AV-01Z-00-DX1,-2.91447341786849,-1.10904597682053,5
3_#_BRCA_00515_TCGA-BH-A0AV-01Z-00-DX1,17.9968310770503,-1.37944899929487,5
5_#_BRCA_00515_TCGA-BH-A0AV-01Z-00-DX1,-5.48534510733249,-23.3773573344326,2
0_#_BRCA_00516_TCGA-BH-A0AW-01Z-00-DX1,4.36111296014074,9.07086657172713,1
2_#_BRCA_00516_TCGA-BH-A0AW-01Z-00-DX1,3.80520753595102,17.1196813292442,1
7_#_BRCA_00516_TCGA-BH-A0AW-01Z-00-DX1,4.39745000100413,9.07291130532001,1
3_#_BRCA_00516_TCGA-BH-A0AW-01Z-00-DX1,25.7381362941965,10.6186155681864,7
1_#_BRCA_00516_TCGA-BH-A0AW-01Z-00-DX1,5.5329261269297,22.7963174947318,1
4_#_BRCA_00516_TCGA-BH-A0AW-01Z-00-DX1,25.7601839727172,12.2307239591548,7
5_#_BRCA_00516_TCGA-BH-A0AW-01Z-00-DX1,2.75905179819474,11.56702638895,1
6_#_BRCA_00516_TCGA-BH-A0AW-01Z-00-DX1,18.4603225835594,-5.21877499040134,4
5_#_BRCA_00517_TCGA-BH-A0AY-01Z-00-DX1,-12.7828894168709,14.8654913741239,5
1_#_BRCA_00517_TCGA-BH-A0AY-01Z-00-DX1,-14.9788109856865,16.7921459621502,5
0_#_BRCA_00517_TCGA-BH-A0AY-01Z-00-DX1,-15.1058677983132,18.5987087649941,7
3_#_BRCA_00517_TCGA-BH-A0AY-01Z-00-DX1,-1.81692851848435,-0.120229083534537,9
2_#_BRCA_00517_TCGA-BH-A0AY-01Z-00-DX1,0.620094867013306,12.7900664031595,1
4_#_BRCA_00517_TCGA-BH-A0AY-01Z-00-DX1,21.9997856756152,-4.33407570955548,4
0_#_BRCA_00518_TCGA-BH-A0AZ-01Z-00-DX1,-19.6296050760045,21.1523789079888,5
1_#_BRCA_00518_TCGA-BH-A0AZ-01Z-00-DX1,-16.8168055918749,18.0956868565268,5
2_#_BRCA_00518_TCGA-BH-A0AZ-01Z-00-DX1,25.4623324417068,15.0159986030877,7
3_#_BRCA_00518_TCGA-BH-A0AZ-01Z-00-DX1,18.1469723628542,-1.44888288662118,4
4_#_BRCA_00518_TCGA-BH-A0AZ-01Z-00-DX1,-17.6879385151721,29.9375308553295,6
5_#_BRCA_00518_TCGA-BH-A0AZ-01Z-00-DX1,-19.6747482997002,4.29719013901641,5
4_#_BRCA_00519_TCGA-BH-A0B0-01Z-00-DX1,31.0111363402853,16.4682364232187,7
1_#_BRCA_00519_TCGA-BH-A0B0-01Z-00-DX1,29.3779765928798,9.75634884749049,7
0_#_BRCA_00519_TCGA-BH-A0B0-01Z-00-DX1,29.5179343746133,17.5831002057216,7
3_#_BRCA_00519_TCGA-BH-A0B0-01Z-00-DX1,-8.66375240985118,29.5343326181871,6
6_#_BRCA_00519_TCGA-BH-A0B0-01Z-00-DX1,26.4935871206328,-14.2522817014029,4
5_#_BRCA_00519_TCGA-BH-A0B0-01Z-00-DX1,22.3471648195864,15.4320087668972,7
7_#_BRCA_00519_TCGA-BH-A0B0-01Z-00-DX1,-13.1756433537624,34.7892128388348,6
2_#_BRCA_00519_TCGA-BH-A0B0-01Z-00-DX1,11.74278486057,-14.0990421805475,4
0_#_BRCA_00520_TCGA-BH-A0B1-01Z-00-DX1,18.1206322568394,-10.2580576282176,4
3_#_BRCA_00520_TCGA-BH-A0B1-01Z-00-DX1,-2.36209457834021,19.8755524895687,1
2_#_BRCA_00520_TCGA-BH-A0B1-01Z-00-DX1,34.9995895711703,8.55179949501178,7
6_#_BRCA_00520_TCGA-BH-A0B1-01Z-00-DX1,27.5730530319973,16.9896615957694,7
4_#_BRCA_00520_TCGA-BH-A0B1-01Z-00-DX1,-2.76096249711401,20.1963788385038,1
1_#_BRCA_00520_TCGA-BH-A0B1-01Z-00-DX1,-17.1841402144762,24.2572038279765,5
5_#_BRCA_00520_TCGA-BH-A0B1-01Z-00-DX1,26.2129501217881,11.7108265735781,7
2_#_BRCA_00521_TCGA-BH-A0B3-01Z-00-DX1,-14.8401325446584,9.48534633958483,5
1_#_BRCA_00521_TCGA-BH-A0B3-01Z-00-DX1,-10.7537465492194,9.39606546782172,5
3_#_BRCA_00521_TCGA-BH-A0B3-01Z-00-DX1,14.2128533768465,-8.32014168977567,4
0_#_BRCA_00521_TCGA-BH-A0B3-01Z-00-DX1,26.5864823636753,10.0557759945173,7
4_#_BRCA_00521_TCGA-BH-A0B3-01Z-00-DX1,0.873468219195977,15.8855633575112,1
5_#_BRCA_00521_TCGA-BH-A0B3-01Z-00-DX1,23.5976604091164,12.7670046603312,7
6_#_BRCA_00521_TCGA-BH-A0B3-01Z-00-DX1,26.6317838469991,10.0990156964346,7
0_#_BRCA_00522_TCGA-BH-A0B4-01Z-00-DX1,23.5439539274162,-17.5544531040588,4
1_#_BRCA_00522_TCGA-BH-A0B4-01Z-00-DX1,24.8582137570211,-19.632103449242,4
3_#_BRCA_00522_TCGA-BH-A0B4-01Z-00-DX1,3.72369855020984,7.69921409594021,1
2_#_BRCA_00522_TCGA-BH-A0B4-01Z-00-DX1,3.37517806694719,17.3616648350254,1
4_#_BRCA_00522_TCGA-BH-A0B4-01Z-00-DX1,5.59674782713892,22.8570091215787,1
6_#_BRCA_00522_TCGA-BH-A0B4-01Z-00-DX1,14.5908515871463,-10.1570003023343,4
5_#_BRCA_00522_TCGA-BH-A0B4-01Z-00-DX1,-1.47478176301394,0.219619030824881,5
7_#_BRCA_00522_TCGA-BH-A0B4-01Z-00-DX1,1.05688484868547,29.1785334312043,6
1_#_BRCA_00523_TCGA-BH-A0B5-01Z-00-DX1,2.03675078947212,13.159267899413,1
3_#_BRCA_00523_TCGA-BH-A0B5-01Z-00-DX1,7.05102521643649,27.7297066142044,1
2_#_BRCA_00523_TCGA-BH-A0B5-01Z-00-DX1,28.8948708753248,16.9685795634161,7
0_#_BRCA_00523_TCGA-BH-A0B5-01Z-00-DX1,25.4619396873535,-2.05944777003699,4
5_#_BRCA_00523_TCGA-BH-A0B5-01Z-00-DX1,25.6091756377528,-2.06250957314828,4
6_#_BRCA_00523_TCGA-BH-A0B5-01Z-00-DX1,28.7824466173016,-0.828522792855847,4
4_#_BRCA_00523_TCGA-BH-A0B5-01Z-00-DX1,-15.5499682028831,-18.4251456687342,2
4_#_BRCA_00524_TCGA-BH-A0B6-01Z-00-DX1,30.7316730551592,13.4071896864757,7
1_#_BRCA_00524_TCGA-BH-A0B6-01Z-00-DX1,25.4853105616063,3.61208518979843,4
0_#_BRCA_00524_TCGA-BH-A0B6-01Z-00-DX1,29.0829898566435,14.91418875256,7
3_#_BRCA_00524_TCGA-BH-A0B6-01Z-00-DX1,-1.29802423450069,3.37149320030095,5
2_#_BRCA_00524_TCGA-BH-A0B6-01Z-00-DX1,29.6412219263344,14.8501833581092,7
5_#_BRCA_00524_TCGA-BH-A0B6-01Z-00-DX1,29.1117581026664,18.1738788563873,7
0_#_BRCA_00525_TCGA-BH-A0B7-01Z-00-DX1,21.6959641648237,-11.2266396770102,4
1_#_BRCA_00525_TCGA-BH-A0B7-01Z-00-DX1,-21.0960831969987,16.9015208195114,5
3_#_BRCA_00525_TCGA-BH-A0B7-01Z-00-DX1,-21.7932878097855,15.9786063048229,5
2_#_BRCA_00525_TCGA-BH-A0B7-01Z-00-DX1,-24.6443317553944,19.1789556546561,5
4_#_BRCA_00525_TCGA-BH-A0B7-01Z-00-DX1,-24.5637248231869,19.4868241015235,5
6_#_BRCA_00525_TCGA-BH-A0B7-01Z-00-DX1,-4.66466457787609,6.93863298212812,5
5_#_BRCA_00525_TCGA-BH-A0B7-01Z-00-DX1,17.4045780036156,-2.44880202248167,4
0_#_BRCA_00526_TCGA-BH-A0B8-01Z-00-DX1,-13.9976757354712,-9.13635791512755,9
2_#_BRCA_00526_TCGA-BH-A0B8-01Z-00-DX1,-15.1174574253027,3.58952568847125,9
1_#_BRCA_00526_TCGA-BH-A0B8-01Z-00-DX1,29.9829225101331,16.587273754504,7
5_#_BRCA_00526_TCGA-BH-A0B8-01Z-00-DX1,-2.53169423988684,-19.5190541128255,2
3_#_BRCA_00526_TCGA-BH-A0B8-01Z-00-DX1,1.55272127309875,-1.90159966028647,1
4_#_BRCA_00526_TCGA-BH-A0B8-01Z-00-DX1,25.2515209847413,3.12305177016179,4
1_#_BRCA_00527_TCGA-BH-A0B9-01Z-00-DX1,25.1771585792553,-8.03765869025329,4
0_#_BRCA_00527_TCGA-BH-A0B9-01Z-00-DX1,-15.7322619625781,-10.0975485267777,9
2_#_BRCA_00527_TCGA-BH-A0B9-01Z-00-DX1,28.8673633533017,-5.44629508978185,4
5_#_BRCA_00527_TCGA-BH-A0B9-01Z-00-DX1,-15.8095275619458,-10.0083812699831,2
4_#_BRCA_00527_TCGA-BH-A0B9-01Z-00-DX1,-0.47634442242129,28.7142576271178,6
3_#_BRCA_00527_TCGA-BH-A0B9-01Z-00-DX1,26.2778800953275,10.6675084931789,7
6_#_BRCA_00527_TCGA-BH-A0B9-01Z-00-DX1,-1.00612711082674,29.0033874163263,6
0_#_BRCA_00528_TCGA-BH-A0BA-01Z-00-DX1,14.497961120694,27.0383698144637,4
2_#_BRCA_00528_TCGA-BH-A0BA-01Z-00-DX1,29.8275767617244,13.3374663923591,7
6_#_BRCA_00528_TCGA-BH-A0BA-01Z-00-DX1,14.5831117070591,26.9168440990076,4
1_#_BRCA_00528_TCGA-BH-A0BA-01Z-00-DX1,-1.56564749281194,32.7979911254408,6
5_#_BRCA_00528_TCGA-BH-A0BA-01Z-00-DX1,-1.74821088116665,32.8201482661074,6
4_#_BRCA_00528_TCGA-BH-A0BA-01Z-00-DX1,14.4866351781948,27.0941346772343,4
3_#_BRCA_00528_TCGA-BH-A0BA-01Z-00-DX1,23.6656236061697,1.84404053357368,4
0_#_BRCA_00529_TCGA-BH-A0BC-01Z-00-DX1,1.9095222380471,13.1025164278812,1
2_#_BRCA_00529_TCGA-BH-A0BC-01Z-00-DX1,2.01101289289455,13.4919345102855,1
3_#_BRCA_00529_TCGA-BH-A0BC-01Z-00-DX1,5.68725463419898,14.7961793057378,1
1_#_BRCA_00529_TCGA-BH-A0BC-01Z-00-DX1,17.498127340436,-6.45958116586473,4
4_#_BRCA_00529_TCGA-BH-A0BC-01Z-00-DX1,2.20758430925236,12.1062673699079,1
5_#_BRCA_00529_TCGA-BH-A0BC-01Z-00-DX1,18.2375428575583,7.68552015386077,4
6_#_BRCA_00529_TCGA-BH-A0BC-01Z-00-DX1,12.5254818164165,-16.1652694868707,4
0_#_BRCA_00530_TCGA-BH-A0BD-01Z-00-DX1,18.1809347325544,7.63339513943787,1
4_#_BRCA_00530_TCGA-BH-A0BD-01Z-00-DX1,-15.0027781162736,-9.62956685143936,9
2_#_BRCA_00530_TCGA-BH-A0BD-01Z-00-DX1,26.9692446205371,10.7915441235879,7
1_#_BRCA_00530_TCGA-BH-A0BD-01Z-00-DX1,-1.68585967823061,0.0379036177475189,9
3_#_BRCA_00530_TCGA-BH-A0BD-01Z-00-DX1,11.9144349516502,-16.2696203289481,4
6_#_BRCA_00530_TCGA-BH-A0BD-01Z-00-DX1,-15.0176586076939,-9.68073880567447,9
9_#_BRCA_00530_TCGA-BH-A0BD-01Z-00-DX1,2.08715252746698,5.39780599596103,1
8_#_BRCA_00530_TCGA-BH-A0BD-01Z-00-DX1,21.9798738246729,-4.71718287526362,4
5_#_BRCA_00530_TCGA-BH-A0BD-01Z-00-DX1,-15.014782978122,-10.2680126698605,2
7_#_BRCA_00530_TCGA-BH-A0BD-01Z-00-DX1,26.0088286572586,12.1930137194547,7
1_#_BRCA_00531_TCGA-BH-A0BF-01Z-00-DX1,4.25900873570906,26.5024351700454,6
0_#_BRCA_00531_TCGA-BH-A0BF-01Z-00-DX1,3.65324223246327,-0.000467123197959769,1
5_#_BRCA_00531_TCGA-BH-A0BF-01Z-00-DX1,2.98210992759315,-0.662367923490326,1
2_#_BRCA_00531_TCGA-BH-A0BF-01Z-00-DX1,24.211644307219,3.80400163973699,7
4_#_BRCA_00531_TCGA-BH-A0BF-01Z-00-DX1,3.92088137385086,0.781252035368886,7
3_#_BRCA_00531_TCGA-BH-A0BF-01Z-00-DX1,-15.6633860791455,-16.9760474326126,2
6_#_BRCA_00531_TCGA-BH-A0BF-01Z-00-DX1,22.7512924398039,10.0330657080237,7
3_#_BRCA_00532_TCGA-BH-A0BG-01Z-00-DX1,-2.07094550998553,-20.0961642275207,2
0_#_BRCA_00532_TCGA-BH-A0BG-01Z-00-DX1,-2.14473919882611,-19.9726279806841,2
4_#_BRCA_00532_TCGA-BH-A0BG-01Z-00-DX1,-1.81441255513508,-20.2548208081318,2
1_#_BRCA_00532_TCGA-BH-A0BG-01Z-00-DX1,19.7358629294422,3.21790752610809,7
2_#_BRCA_00532_TCGA-BH-A0BG-01Z-00-DX1,-2.09420080587486,-20.0767113264585,2
6_#_BRCA_00532_TCGA-BH-A0BG-01Z-00-DX1,27.3116320490779,-2.83590562773143,4
7_#_BRCA_00532_TCGA-BH-A0BG-01Z-00-DX1,-6.15282312834167,-14.2121848478135,5
5_#_BRCA_00532_TCGA-BH-A0BG-01Z-00-DX1,-14.8201385917503,24.8273711544805,6
8_#_BRCA_00532_TCGA-BH-A0BG-01Z-00-DX1,-16.117258419625,-16.2192662690628,2
2_#_BRCA_00533_TCGA-BH-A0BJ-01Z-00-DX1,-0.593535813422778,15.3120901880544,1
1_#_BRCA_00533_TCGA-BH-A0BJ-01Z-00-DX1,16.917522814056,-7.22066747092413,4
3_#_BRCA_00533_TCGA-BH-A0BJ-01Z-00-DX1,-1.54409950464631,9.4963734933849,5
4_#_BRCA_00533_TCGA-BH-A0BJ-01Z-00-DX1,12.3974107517794,-9.35466512529,7
0_#_BRCA_00533_TCGA-BH-A0BJ-01Z-00-DX1,-3.2221046538186,13.9911315123262,5
5_#_BRCA_00533_TCGA-BH-A0BJ-01Z-00-DX1,5.40969165831436,24.8771594488941,1
6_#_BRCA_00533_TCGA-BH-A0BJ-01Z-00-DX1,-1.92634775129281,-0.117549810882951,9
1_#_BRCA_00534_TCGA-BH-A0BL-01Z-00-DX1,-15.2263397553397,0.693631295222281,9
0_#_BRCA_00534_TCGA-BH-A0BL-01Z-00-DX1,16.1746195332631,-7.4787003718537,4
2_#_BRCA_00534_TCGA-BH-A0BL-01Z-00-DX1,9.66899783319435,-17.4250395344637,9
4_#_BRCA_00534_TCGA-BH-A0BL-01Z-00-DX1,0.70255745030977,29.0677753107438,6
5_#_BRCA_00534_TCGA-BH-A0BL-01Z-00-DX1,9.52662113806162,-17.7518267725191,9
3_#_BRCA_00534_TCGA-BH-A0BL-01Z-00-DX1,1.94541799510728,-25.8200275283739,9
6_#_BRCA_00534_TCGA-BH-A0BL-01Z-00-DX1,-0.749344862707901,29.2911097756934,6
0_#_BRCA_00535_TCGA-BH-A0BM-01Z-00-DX1,-2.66842711136433,17.1473667825055,5
1_#_BRCA_00535_TCGA-BH-A0BM-01Z-00-DX1,-2.63600569955347,22.9314714326028,1
2_#_BRCA_00535_TCGA-BH-A0BM-01Z-00-DX1,0.467020223648083,24.4516594101546,1
3_#_BRCA_00535_TCGA-BH-A0BM-01Z-00-DX1,-10.3463979284141,11.2216122445806,5
6_#_BRCA_00535_TCGA-BH-A0BM-01Z-00-DX1,14.9226623404926,-6.99403687192158,4
4_#_BRCA_00535_TCGA-BH-A0BM-01Z-00-DX1,-1.660253233512,10.083719818925,1
5_#_BRCA_00535_TCGA-BH-A0BM-01Z-00-DX1,18.9613983654748,-2.1903680715584,4
0_#_BRCA_00536_TCGA-BH-A0BO-01Z-00-DX1,10.358225759852,-19.560871990928,9
3_#_BRCA_00536_TCGA-BH-A0BO-01Z-00-DX1,-6.63053798483595,23.7799097600353,1
4_#_BRCA_00536_TCGA-BH-A0BO-01Z-00-DX1,4.4427607062167,-18.0251777531136,2
2_#_BRCA_00536_TCGA-BH-A0BO-01Z-00-DX1,-2.60789069834189,17.1463062402344,5
1_#_BRCA_00536_TCGA-BH-A0BO-01Z-00-DX1,-8.27147559740377,31.957112400205,6
5_#_BRCA_00536_TCGA-BH-A0BO-01Z-00-DX1,22.1666795111445,6.00370422604572,7
6_#_BRCA_00536_TCGA-BH-A0BO-01Z-00-DX1,-6.72931079085615,-24.3855295535908,2
1_#_BRCA_00537_TCGA-BH-A0BP-01Z-00-DX1,-5.09070503232569,21.3000978916833,6
0_#_BRCA_00537_TCGA-BH-A0BP-01Z-00-DX1,-8.27688735758321,32.6366659599983,6
5_#_BRCA_00537_TCGA-BH-A0BP-01Z-00-DX1,-8.50601878354096,30.8636824410239,6
4_#_BRCA_00537_TCGA-BH-A0BP-01Z-00-DX1,0.959429167371139,29.2420427407208,6
2_#_BRCA_00537_TCGA-BH-A0BP-01Z-00-DX1,-8.65751672759703,31.9524379560963,6
3_#_BRCA_00537_TCGA-BH-A0BP-01Z-00-DX1,-11.9323843093177,34.5226604232517,6
0_#_BRCA_00538_TCGA-BH-A0BQ-01Z-00-DX1,29.5688606796292,14.7856650381715,7
1_#_BRCA_00538_TCGA-BH-A0BQ-01Z-00-DX1,-6.93703618356225,1.14736947703078,6
4_#_BRCA_00538_TCGA-BH-A0BQ-01Z-00-DX1,29.6430770309051,12.7186820624915,7
5_#_BRCA_00538_TCGA-BH-A0BQ-01Z-00-DX1,26.5416346668691,-2.07867914561527,4
3_#_BRCA_00538_TCGA-BH-A0BQ-01Z-00-DX1,4.18064481502394,-2.33005922526766,10
2_#_BRCA_00538_TCGA-BH-A0BQ-01Z-00-DX1,-8.52149675753085,-27.0169285225647,2
6_#_BRCA_00538_TCGA-BH-A0BQ-01Z-00-DX1,-0.322419947482031,-26.1849137068089,9
0_#_BRCA_00539_TCGA-BH-A0BR-01Z-00-DX1,1.53477123588923,-0.73155487970621,5
1_#_BRCA_00539_TCGA-BH-A0BR-01Z-00-DX1,-24.0073187539626,11.723560008003,2
5_#_BRCA_00539_TCGA-BH-A0BR-01Z-00-DX1,1.84844895352827,-0.574920894401935,1
2_#_BRCA_00539_TCGA-BH-A0BR-01Z-00-DX1,20.600826165752,-0.867286679847959,4
3_#_BRCA_00539_TCGA-BH-A0BR-01Z-00-DX1,-23.7224275523173,11.5820285660638,5
4_#_BRCA_00539_TCGA-BH-A0BR-01Z-00-DX1,10.0641569079688,-19.9313646567691,9
6_#_BRCA_00539_TCGA-BH-A0BR-01Z-00-DX1,24.7857137501642,-16.9415582652467,4
7_#_BRCA_00539_TCGA-BH-A0BR-01Z-00-DX1,1.31426011155245,-1.0370111705413,5
1_#_BRCA_00540_TCGA-BH-A0BT-01Z-00-DX1,-20.6877346692931,17.4175273870843,5
6_#_BRCA_00540_TCGA-BH-A0BT-01Z-00-DX1,18.7350138872294,15.3558423562625,7
0_#_BRCA_00540_TCGA-BH-A0BT-01Z-00-DX1,-15.3475743163843,17.7203359602149,5
7_#_BRCA_00540_TCGA-BH-A0BT-01Z-00-DX1,-19.819776593689,6.57981766458821,5
2_#_BRCA_00540_TCGA-BH-A0BT-01Z-00-DX1,-8.40994824518792,30.7662096956155,6
3_#_BRCA_00540_TCGA-BH-A0BT-01Z-00-DX1,-14.1776309954172,12.2578342040144,5
5_#_BRCA_00540_TCGA-BH-A0BT-01Z-00-DX1,-20.8724442282333,17.6138589713662,5
4_#_BRCA_00540_TCGA-BH-A0BT-01Z-00-DX1,21.9075779002096,-5.14270144120027,4
8_#_BRCA_00540_TCGA-BH-A0BT-01Z-00-DX1,-16.4197505984783,33.4733176055891,6
0_#_BRCA_00541_TCGA-BH-A0BV-01Z-00-DX1,0.787054352395746,13.7220865939823,1
3_#_BRCA_00541_TCGA-BH-A0BV-01Z-00-DX1,0.479533034122663,14.0221437965588,1
1_#_BRCA_00541_TCGA-BH-A0BV-01Z-00-DX1,1.42995688700151,13.3711287547658,1
4_#_BRCA_00541_TCGA-BH-A0BV-01Z-00-DX1,0.463976700839092,14.2598524666142,1
5_#_BRCA_00541_TCGA-BH-A0BV-01Z-00-DX1,1.41629350355978,12.9127793026078,1
2_#_BRCA_00541_TCGA-BH-A0BV-01Z-00-DX1,14.1456089107373,-9.08932672076933,4
0_#_BRCA_00542_TCGA-BH-A0BW-01Z-00-DX1,20.6230356450845,-11.7596353705253,4
2_#_BRCA_00542_TCGA-BH-A0BW-01Z-00-DX1,15.2252906574239,-9.86277374569473,4
1_#_BRCA_00542_TCGA-BH-A0BW-01Z-00-DX1,-15.8340204240094,17.0019965828303,5
3_#_BRCA_00542_TCGA-BH-A0BW-01Z-00-DX1,28.0968020386468,-13.2359894416064,4
4_#_BRCA_00542_TCGA-BH-A0BW-01Z-00-DX1,17.4646451633689,0.650695374293721,4
2_#_BRCA_00543_TCGA-BH-A0BZ-01Z-00-DX1,4.65261206096957,8.5402812020748,1
0_#_BRCA_00543_TCGA-BH-A0BZ-01Z-00-DX1,3.95355848492205,5.56551822181617,1
4_#_BRCA_00543_TCGA-BH-A0BZ-01Z-00-DX1,4.67056946057401,1.98792986981554,7
5_#_BRCA_00543_TCGA-BH-A0BZ-01Z-00-DX1,-15.1469736535639,-15.7226278574828,1
1_#_BRCA_00543_TCGA-BH-A0BZ-01Z-00-DX1,4.72205354612313,7.48999619527399,1
3_#_BRCA_00543_TCGA-BH-A0BZ-01Z-00-DX1,4.83183062173923,8.77646477888421,1
6_#_BRCA_00543_TCGA-BH-A0BZ-01Z-00-DX1,4.73142107465346,8.58138547480161,1
7_#_BRCA_00543_TCGA-BH-A0BZ-01Z-00-DX1,4.81040398352153,7.63687586102928,1
0_#_BRCA_00544_TCGA-BH-A0C0-01Z-00-DX1,-10.5840392400347,11.0361365108475,5
3_#_BRCA_00544_TCGA-BH-A0C0-01Z-00-DX1,-17.7343231059604,2.85613137875816,9
2_#_BRCA_00544_TCGA-BH-A0C0-01Z-00-DX1,14.3495482360415,-8.03159564371894,4
1_#_BRCA_00544_TCGA-BH-A0C0-01Z-00-DX1,26.5343996696157,10.4440721206652,7
4_#_BRCA_00544_TCGA-BH-A0C0-01Z-00-DX1,5.11105620671203,23.1412513437183,1
8_#_BRCA_00544_TCGA-BH-A0C0-01Z-00-DX1,3.28975288100799,-18.560362229273,9
6_#_BRCA_00544_TCGA-BH-A0C0-01Z-00-DX1,17.8556662538437,-10.5609128174428,4
5_#_BRCA_00544_TCGA-BH-A0C0-01Z-00-DX1,10.411665454194,-21.7255214310883,9
7_#_BRCA_00544_TCGA-BH-A0C0-01Z-00-DX1,26.4743873663614,15.7164664589895,7
1_#_BRCA_00545_TCGA-BH-A0C1-01Z-00-DX1,1.77191264258865,14.8531092876554,1
2_#_BRCA_00545_TCGA-BH-A0C1-01Z-00-DX1,26.0862384925186,15.5558832081409,7
3_#_BRCA_00545_TCGA-BH-A0C1-01Z-00-DX1,3.9716501242901,28.0458105075982,1
5_#_BRCA_00545_TCGA-BH-A0C1-01Z-00-DX1,1.65672989486782,15.129924388486,1
0_#_BRCA_00545_TCGA-BH-A0C1-01Z-00-DX1,1.76151769568286,12.3007937780027,1
4_#_BRCA_00545_TCGA-BH-A0C1-01Z-00-DX1,18.4254317398086,-5.42263213691415,4
6_#_BRCA_00545_TCGA-BH-A0C1-01Z-00-DX1,8.38276240525335,15.2332798631507,1
1_#_BRCA_00546_TCGA-BH-A0C3-01Z-00-DX1,22.7858045496499,11.0783052974376,7
0_#_BRCA_00546_TCGA-BH-A0C3-01Z-00-DX1,-24.6018032587779,19.5894164017318,5
2_#_BRCA_00546_TCGA-BH-A0C3-01Z-00-DX1,20.5857149706593,-10.8010474261658,4
5_#_BRCA_00546_TCGA-BH-A0C3-01Z-00-DX1,-24.6673486505417,19.7650362149583,5
3_#_BRCA_00546_TCGA-BH-A0C3-01Z-00-DX1,13.1288510864991,-10.134060512291,5
4_#_BRCA_00546_TCGA-BH-A0C3-01Z-00-DX1,9.67102785816833,-20.1355555972156,9
6_#_BRCA_00546_TCGA-BH-A0C3-01Z-00-DX1,22.753141575714,11.2203828604372,7
7_#_BRCA_00546_TCGA-BH-A0C3-01Z-00-DX1,-26.0317107143847,19.8906070216878,5
0_#_BRCA_00547_TCGA-BH-A0C7-01Z-00-DX1,-0.353653876570347,6.03965485393027,1
3_#_BRCA_00547_TCGA-BH-A0C7-01Z-00-DX1,-4.66973306624833,20.0127829151704,1
2_#_BRCA_00547_TCGA-BH-A0C7-01Z-00-DX1,-16.7800785295623,19.1865326940758,5
4_#_BRCA_00547_TCGA-BH-A0C7-01Z-00-DX1,18.4744508351959,0.669023509770037,4
1_#_BRCA_00547_TCGA-BH-A0C7-01Z-00-DX1,26.4510499670638,-7.71185623153127,4
5_#_BRCA_00547_TCGA-BH-A0C7-01Z-00-DX1,-1.55909208331996,4.27070624991949,6
6_#_BRCA_00547_TCGA-BH-A0C7-01Z-00-DX1,31.6940107185963,-15.0342584310449,4
0_#_BRCA_00548_TCGA-BH-A0DD-01Z-00-DX1,-3.15769321134852,-24.4354177245568,9
2_#_BRCA_00548_TCGA-BH-A0DD-01Z-00-DX1,-4.14107969399422,-24.0014908295185,2
1_#_BRCA_00548_TCGA-BH-A0DD-01Z-00-DX1,-4.04283615548698,-24.2731835956672,9
3_#_BRCA_00548_TCGA-BH-A0DD-01Z-00-DX1,27.6264750589767,-13.0983069927039,4
4_#_BRCA_00548_TCGA-BH-A0DD-01Z-00-DX1,-4.72607559897115,-24.5889692153763,2
7_#_BRCA_00548_TCGA-BH-A0DD-01Z-00-DX1,-19.1590438934804,6.33745494575184,5
5_#_BRCA_00548_TCGA-BH-A0DD-01Z-00-DX1,1.83780703154658,4.0927217218598,4
6_#_BRCA_00548_TCGA-BH-A0DD-01Z-00-DX1,-4.77762426983098,-24.5542820647829,2
8_#_BRCA_00548_TCGA-BH-A0DD-01Z-00-DX1,-5.09463613379396,-24.8229897226281,2
3_#_BRCA_00549_TCGA-BH-A0DE-01Z-00-DX1,22.0210367958214,11.0393775194382,7
0_#_BRCA_00549_TCGA-BH-A0DE-01Z-00-DX1,-2.48112410574239,17.1030165588062,1
2_#_BRCA_00549_TCGA-BH-A0DE-01Z-00-DX1,32.1515668080639,15.1049333623138,7
1_#_BRCA_00549_TCGA-BH-A0DE-01Z-00-DX1,16.6657388305858,-2.25611858579572,4
6_#_BRCA_00549_TCGA-BH-A0DE-01Z-00-DX1,14.0122764921448,-4.83569837518651,5
4_#_BRCA_00549_TCGA-BH-A0DE-01Z-00-DX1,-0.00835820560770692,18.1542968797837,1
5_#_BRCA_00549_TCGA-BH-A0DE-01Z-00-DX1,-6.83875796527726,24.2266378412701,1
1_#_BRCA_00550_TCGA-BH-A0DG-01Z-00-DX1,15.0483498426809,-9.75431619928648,4
0_#_BRCA_00550_TCGA-BH-A0DG-01Z-00-DX1,-11.219201525496,8.86088858264334,5
2_#_BRCA_00550_TCGA-BH-A0DG-01Z-00-DX1,-10.022149585728,7.46446167883517,5
4_#_BRCA_00550_TCGA-BH-A0DG-01Z-00-DX1,25.1518790009676,-15.2043966228947,4
3_#_BRCA_00550_TCGA-BH-A0DG-01Z-00-DX1,0.477709589252825,-33.4748646244521,9
6_#_BRCA_00550_TCGA-BH-A0DG-01Z-00-DX1,15.3858433063933,-20.9818967709172,4
5_#_BRCA_00550_TCGA-BH-A0DG-01Z-00-DX1,10.1795349230718,-19.7472962081319,9
0_#_BRCA_00551_TCGA-BH-A0DH-01Z-00-DX1,-9.33228282247235,-9.10486678298048,5
2_#_BRCA_00551_TCGA-BH-A0DH-01Z-00-DX1,-7.42980945949239,4.01738185430007,1
4_#_BRCA_00551_TCGA-BH-A0DH-01Z-00-DX1,-26.3543276466862,9.07364886194036,5
5_#_BRCA_00551_TCGA-BH-A0DH-01Z-00-DX1,-9.49761354940104,26.4949721806677,6
1_#_BRCA_00551_TCGA-BH-A0DH-01Z-00-DX1,-9.32074516369505,26.4887035439388,6
3_#_BRCA_00551_TCGA-BH-A0DH-01Z-00-DX1,-7.48578060986015,-10.4131260308874,2
1_#_BRCA_00552_TCGA-BH-A0DI-01Z-00-DX1,3.37597665802427,4.60767106323956,1
0_#_BRCA_00552_TCGA-BH-A0DI-01Z-00-DX1,26.3573377048702,15.6395133487507,7
2_#_BRCA_00552_TCGA-BH-A0DI-01Z-00-DX1,3.06116813316515,5.32319008038911,1
7_#_BRCA_00552_TCGA-BH-A0DI-01Z-00-DX1,23.7279768911776,10.2277990987363,7
4_#_BRCA_00552_TCGA-BH-A0DI-01Z-00-DX1,3.6039178778518,4.52529061473764,1
5_#_BRCA_00552_TCGA-BH-A0DI-01Z-00-DX1,20.4071731814886,-19.1132306655744,4
6_#_BRCA_00552_TCGA-BH-A0DI-01Z-00-DX1,27.6959555463287,14.3225165326974,7
3_#_BRCA_00552_TCGA-BH-A0DI-01Z-00-DX1,-16.8424924875971,18.353900395428,5
8_#_BRCA_00552_TCGA-BH-A0DI-01Z-00-DX1,4.38484575335652,26.3694563745758,5
9_#_BRCA_00552_TCGA-BH-A0DI-01Z-00-DX1,-12.3671848478905,-10.2636776694384,2
0_#_BRCA_00553_TCGA-BH-A0DK-01Z-00-DX1,-1.408328761132,9.17022149565786,5
2_#_BRCA_00553_TCGA-BH-A0DK-01Z-00-DX1,-1.23106332952073,13.1671495333249,5
1_#_BRCA_00553_TCGA-BH-A0DK-01Z-00-DX1,-1.4276341963144,9.35626647840357,1
3_#_BRCA_00553_TCGA-BH-A0DK-01Z-00-DX1,15.4767269894617,-9.51975822464655,4
4_#_BRCA_00553_TCGA-BH-A0DK-01Z-00-DX1,-1.0187935156844,16.5967914918545,1
5_#_BRCA_00553_TCGA-BH-A0DK-01Z-00-DX1,-10.3860411560257,9.47691870249997,5
7_#_BRCA_00553_TCGA-BH-A0DK-01Z-00-DX1,19.8855330900672,9.71537943376721,6
6_#_BRCA_00553_TCGA-BH-A0DK-01Z-00-DX1,-1.24306620160137,-10.5679208500187,5
1_#_BRCA_00554_TCGA-BH-A0DL-01Z-00-DX1,-23.103700589559,4.10913368542921,5
0_#_BRCA_00554_TCGA-BH-A0DL-01Z-00-DX1,22.7008181311685,11.3494947999261,7
2_#_BRCA_00554_TCGA-BH-A0DL-01Z-00-DX1,-24.1773483477817,3.08992782132226,5
4_#_BRCA_00554_TCGA-BH-A0DL-01Z-00-DX1,9.34080826191358,-18.6752262640031,9
5_#_BRCA_00554_TCGA-BH-A0DL-01Z-00-DX1,-18.0424509341065,6.96877500619431,5
3_#_BRCA_00554_TCGA-BH-A0DL-01Z-00-DX1,-14.7544040932063,17.288775834579,5
0_#_BRCA_00555_TCGA-BH-A0DO-01Z-00-DX1,19.7427203512681,-6.77539179659945,4
2_#_BRCA_00555_TCGA-BH-A0DO-01Z-00-DX1,-22.8565978963622,20.3376935608634,5
1_#_BRCA_00555_TCGA-BH-A0DO-01Z-00-DX1,-15.7854318169972,16.7705114583928,5
3_#_BRCA_00555_TCGA-BH-A0DO-01Z-00-DX1,-25.843161050265,19.6358279571752,5
4_#_BRCA_00555_TCGA-BH-A0DO-01Z-00-DX1,-22.7177214059435,21.1786153177456,5
5_#_BRCA_00555_TCGA-BH-A0DO-01Z-00-DX1,-20.6212651885386,19.7192490973126,5
0_#_BRCA_00556_TCGA-BH-A0DP-01Z-00-DX1,-0.299322691739429,16.4657653176319,1
3_#_BRCA_00556_TCGA-BH-A0DP-01Z-00-DX1,12.5662718054051,-7.78749618800678,5
1_#_BRCA_00556_TCGA-BH-A0DP-01Z-00-DX1,15.7623032820711,-9.80489760999351,4
2_#_BRCA_00556_TCGA-BH-A0DP-01Z-00-DX1,20.4879371447901,12.590404646499,7
4_#_BRCA_00556_TCGA-BH-A0DP-01Z-00-DX1,12.612793600377,-7.89519766540445,7
5_#_BRCA_00556_TCGA-BH-A0DP-01Z-00-DX1,1.28694370004979,15.3012368770608,1
7_#_BRCA_00556_TCGA-BH-A0DP-01Z-00-DX1,20.6720258486049,-4.37169120404294,4
6_#_BRCA_00556_TCGA-BH-A0DP-01Z-00-DX1,12.1275681900706,-18.612024793854,9
0_#_BRCA_00557_TCGA-BH-A0DQ-01Z-00-DX1,27.1153250973918,10.8499538678858,7
2_#_BRCA_00557_TCGA-BH-A0DQ-01Z-00-DX1,17.3383774944502,-6.44664156260522,4
1_#_BRCA_00557_TCGA-BH-A0DQ-01Z-00-DX1,-1.38166018312278,19.6788748526406,1
3_#_BRCA_00557_TCGA-BH-A0DQ-01Z-00-DX1,-0.573545649511791,19.6452924416701,1
5_#_BRCA_00557_TCGA-BH-A0DQ-01Z-00-DX1,26.3926294363766,11.5306130811447,7
4_#_BRCA_00557_TCGA-BH-A0DQ-01Z-00-DX1,9.36745048862537,-20.7567511284955,9
6_#_BRCA_00557_TCGA-BH-A0DQ-01Z-00-DX1,13.4906598647235,-7.07205510934019,4
0_#_BRCA_00558_TCGA-BH-A0DS-01Z-00-DX1,-9.35510333830549,-9.33310019086865,5
3_#_BRCA_00558_TCGA-BH-A0DS-01Z-00-DX1,-25.9936057657995,9.37705214818083,5
4_#_BRCA_00558_TCGA-BH-A0DS-01Z-00-DX1,-9.46498942187412,-8.99822354581646,5
1_#_BRCA_00558_TCGA-BH-A0DS-01Z-00-DX1,-15.1462219050853,12.7345533052694,5
2_#_BRCA_00558_TCGA-BH-A0DS-01Z-00-DX1,14.6391210284606,-9.17230855599681,4
5_#_BRCA_00558_TCGA-BH-A0DS-01Z-00-DX1,-1.7395962252493,19.5500660591051,1
6_#_BRCA_00558_TCGA-BH-A0DS-01Z-00-DX1,-26.4777599405479,9.71949142464806,5
4_#_BRCA_00559_TCGA-BH-A0DT-01Z-00-DX1,27.1942788037155,-2.68471005902329,4
5_#_BRCA_00559_TCGA-BH-A0DT-01Z-00-DX1,-7.50237222126891,-16.8501243840423,2
3_#_BRCA_00559_TCGA-BH-A0DT-01Z-00-DX1,-7.49897817562438,-16.8257147069275,2
2_#_BRCA_00559_TCGA-BH-A0DT-01Z-00-DX1,8.19347288583355,-5.47475606555314,1
1_#_BRCA_00559_TCGA-BH-A0DT-01Z-00-DX1,-8.52091899159988,-26.2040710020483,2
0_#_BRCA_00559_TCGA-BH-A0DT-01Z-00-DX1,3.04862460276863,-0.714480730757956,1
6_#_BRCA_00559_TCGA-BH-A0DT-01Z-00-DX1,2.22124148559742,-0.478191562027102,1
7_#_BRCA_00559_TCGA-BH-A0DT-01Z-00-DX1,3.05010582936453,-0.470244058815783,1
0_#_BRCA_00560_TCGA-BH-A0DV-01Z-00-DX1,25.5403933084506,15.3085388737632,7
2_#_BRCA_00560_TCGA-BH-A0DV-01Z-00-DX1,-19.9978625974472,22.2208679807065,5
1_#_BRCA_00560_TCGA-BH-A0DV-01Z-00-DX1,25.0558112098754,-20.114970430499,4
3_#_BRCA_00560_TCGA-BH-A0DV-01Z-00-DX1,23.4158063314296,-7.8049794239455,4
4_#_BRCA_00560_TCGA-BH-A0DV-01Z-00-DX1,10.0438435289403,-19.5722085539325,9
6_#_BRCA_00560_TCGA-BH-A0DV-01Z-00-DX1,26.4112721893871,-14.113016994773,4
7_#_BRCA_00560_TCGA-BH-A0DV-01Z-00-DX1,25.3784753152654,-20.4444845096735,4
5_#_BRCA_00560_TCGA-BH-A0DV-01Z-00-DX1,-2.3366974143927,-26.9268413854615,2
0_#_BRCA_00561_TCGA-BH-A0DX-01Z-00-DX1,-15.0283129531345,27.4323721828908,6
2_#_BRCA_00561_TCGA-BH-A0DX-01Z-00-DX1,22.7863177773873,-4.32492179685572,4
1_#_BRCA_00561_TCGA-BH-A0DX-01Z-00-DX1,25.5845561595918,18.4991930702478,7
4_#_BRCA_00561_TCGA-BH-A0DX-01Z-00-DX1,-0.956924836053465,5.00419735099596,5
3_#_BRCA_00561_TCGA-BH-A0DX-01Z-00-DX1,-3.40527473963675,33.2257081073444,6
2_#_BRCA_00562_TCGA-BH-A0DZ-01Z-00-DX1,-20.6249418998262,11.4951262582022,5
0_#_BRCA_00562_TCGA-BH-A0DZ-01Z-00-DX1,-24.1192363321319,19.6331570537642,5
1_#_BRCA_00562_TCGA-BH-A0DZ-01Z-00-DX1,-22.2724545875351,16.8021898306862,5
7_#_BRCA_00562_TCGA-BH-A0DZ-01Z-00-DX1,-20.1023648375496,20.9193043423251,5
5_#_BRCA_00562_TCGA-BH-A0DZ-01Z-00-DX1,-22.2811216031302,17.1070056567987,5
6_#_BRCA_00562_TCGA-BH-A0DZ-01Z-00-DX1,25.7484555628141,19.1713838811046,7
3_#_BRCA_00562_TCGA-BH-A0DZ-01Z-00-DX1,19.1947726153839,-10.4545372799438,4
8_#_BRCA_00562_TCGA-BH-A0DZ-01Z-00-DX1,12.5669555644666,-17.7181203905236,4
4_#_BRCA_00562_TCGA-BH-A0DZ-01Z-00-DX1,-3.5424696025724,9.48135201336803,5
0_#_BRCA_00563_TCGA-BH-A0E0-01Z-00-DX1,-17.2225055686131,3.66182689730078,9
3_#_BRCA_00563_TCGA-BH-A0E0-01Z-00-DX1,-10.8318612544345,9.30910398008491,5
2_#_BRCA_00563_TCGA-BH-A0E0-01Z-00-DX1,18.5634955073098,-8.6237429141848,4
1_#_BRCA_00563_TCGA-BH-A0E0-01Z-00-DX1,-17.2406238041177,6.72493050945626,5
4_#_BRCA_00563_TCGA-BH-A0E0-01Z-00-DX1,17.3018259861745,-10.2881289374815,4
6_#_BRCA_00563_TCGA-BH-A0E0-01Z-00-DX1,-16.9905113700574,7.10491963641154,5
5_#_BRCA_00563_TCGA-BH-A0E0-01Z-00-DX1,-17.2026054493702,6.87094124000769,5
7_#_BRCA_00563_TCGA-BH-A0E0-01Z-00-DX1,-17.4820327753364,3.37874417675242,9
0_#_BRCA_00564_TCGA-BH-A0E1-01Z-00-DX1,-5.46487995789708,-22.4127921251394,2
1_#_BRCA_00564_TCGA-BH-A0E1-01Z-00-DX1,-11.4324120819908,-27.5847767461971,2
3_#_BRCA_00564_TCGA-BH-A0E1-01Z-00-DX1,-11.5780708366119,-27.5972080607146,2
2_#_BRCA_00564_TCGA-BH-A0E1-01Z-00-DX1,-7.37463774487298,-14.8255326279231,2
4_#_BRCA_00564_TCGA-BH-A0E1-01Z-00-DX1,-1.40202973830536,2.60078795979568,5
5_#_BRCA_00564_TCGA-BH-A0E1-01Z-00-DX1,-5.50459679553115,-22.4419490473447,2
7_#_BRCA_00564_TCGA-BH-A0E1-01Z-00-DX1,3.48066747350675,-1.67980708271014,1
6_#_BRCA_00564_TCGA-BH-A0E1-01Z-00-DX1,-5.43740848240071,-23.4444475448351,5
2_#_BRCA_00565_TCGA-BH-A0E2-01Z-00-DX1,2.66459109788855,11.9121275310595,1
0_#_BRCA_00565_TCGA-BH-A0E2-01Z-00-DX1,-1.49281479090794,9.42264622608763,1
1_#_BRCA_00565_TCGA-BH-A0E2-01Z-00-DX1,10.1081619992015,-30.3880713745302,9
3_#_BRCA_00565_TCGA-BH-A0E2-01Z-00-DX1,2.95859828819643,11.4905063584645,1
4_#_BRCA_00565_TCGA-BH-A0E2-01Z-00-DX1,20.0792200224769,-12.1011094651895,4
0_#_BRCA_00566_TCGA-BH-A0E6-01Z-00-DX1,-17.0606140194171,4.20239299156846,9
1_#_BRCA_00566_TCGA-BH-A0E6-01Z-00-DX1,-17.7350729455227,4.23046055657722,9
2_#_BRCA_00566_TCGA-BH-A0E6-01Z-00-DX1,14.4025877341307,-7.41495445120543,4
3_#_BRCA_00566_TCGA-BH-A0E6-01Z-00-DX1,-8.74912409050923,12.0118011091566,5
4_#_BRCA_00566_TCGA-BH-A0E6-01Z-00-DX1,2.07246733518287,4.79326877778796,1
6_#_BRCA_00566_TCGA-BH-A0E6-01Z-00-DX1,-17.2715140136376,4.18320339949898,9
5_#_BRCA_00566_TCGA-BH-A0E6-01Z-00-DX1,-16.5757901201878,4.07592286965917,9
7_#_BRCA_00566_TCGA-BH-A0E6-01Z-00-DX1,13.0378811485365,-17.213198567706,4
1_#_BRCA_00567_TCGA-BH-A0E7-01Z-00-DX1,-27.8195989112237,7.90708120168684,2
3_#_BRCA_00567_TCGA-BH-A0E7-01Z-00-DX1,-27.5466250312812,8.10483011675908,5
0_#_BRCA_00567_TCGA-BH-A0E7-01Z-00-DX1,24.8948583349765,-13.7832595005099,4
6_#_BRCA_00567_TCGA-BH-A0E7-01Z-00-DX1,26.6928529435341,-13.5704388568214,4
5_#_BRCA_00567_TCGA-BH-A0E7-01Z-00-DX1,17.2257179890892,-12.2722869369985,4
2_#_BRCA_00567_TCGA-BH-A0E7-01Z-00-DX1,2.31422472936437,3.85100978874894,1
4_#_BRCA_00567_TCGA-BH-A0E7-01Z-00-DX1,-27.6557002568731,8.42516666938809,5
1_#_BRCA_00568_TCGA-BH-A0E9-01Z-00-DX1,22.0750408604988,12.1051987629814,7
4_#_BRCA_00568_TCGA-BH-A0E9-01Z-00-DX1,30.9496339617485,14.4424822389707,7
0_#_BRCA_00568_TCGA-BH-A0E9-01Z-00-DX1,16.6026044148851,-1.99371012453293,5
3_#_BRCA_00568_TCGA-BH-A0E9-01Z-00-DX1,29.7802563744022,16.7153260849983,7
2_#_BRCA_00568_TCGA-BH-A0E9-01Z-00-DX1,33.0590074796129,11.1668458665685,7
5_#_BRCA_00568_TCGA-BH-A0E9-01Z-00-DX1,18.8209811562675,11.8864306923212,5
7_#_BRCA_00568_TCGA-BH-A0E9-01Z-00-DX1,-0.827104862952658,14.0115319292563,5
6_#_BRCA_00568_TCGA-BH-A0E9-01Z-00-DX1,18.1820452715779,-5.20876189761908,4
2_#_BRCA_00569_TCGA-BH-A0EA-01Z-00-DX1,11.6564107653916,-5.9130945213008,7
0_#_BRCA_00569_TCGA-BH-A0EA-01Z-00-DX1,-15.1669944777908,17.6308860912062,5
1_#_BRCA_00569_TCGA-BH-A0EA-01Z-00-DX1,-5.76979153594362,14.7563290412436,6
4_#_BRCA_00569_TCGA-BH-A0EA-01Z-00-DX1,-14.6838107023528,17.9046287767366,5
3_#_BRCA_00569_TCGA-BH-A0EA-01Z-00-DX1,26.1066956788898,14.6842445335935,7
6_#_BRCA_00569_TCGA-BH-A0EA-01Z-00-DX1,-15.1742682253416,0.651494993476804,9
5_#_BRCA_00569_TCGA-BH-A0EA-01Z-00-DX1,-5.20966889349718,7.3645803574333,5
0_#_BRCA_00570_TCGA-BH-A0EB-01Z-00-DX1,14.5876749157105,-9.53567361554086,4
3_#_BRCA_00570_TCGA-BH-A0EB-01Z-00-DX1,-0.263901374796047,16.6938895054298,1
1_#_BRCA_00570_TCGA-BH-A0EB-01Z-00-DX1,-12.7608538267312,14.9037056525015,5
2_#_BRCA_00570_TCGA-BH-A0EB-01Z-00-DX1,-12.6004943505411,14.6517388709817,5
4_#_BRCA_00570_TCGA-BH-A0EB-01Z-00-DX1,3.86608995243495,28.3689395211075,6
5_#_BRCA_00570_TCGA-BH-A0EB-01Z-00-DX1,13.2877818199582,-3.67194068713338,5
1_#_BRCA_00571_TCGA-BH-A0EE-01Z-00-DX1,-2.50086443039378,-24.950989143381,9
0_#_BRCA_00571_TCGA-BH-A0EE-01Z-00-DX1,-1.70514829937703,-25.0191973648093,9
3_#_BRCA_00571_TCGA-BH-A0EE-01Z-00-DX1,-1.67273858634801,-24.8091849048314,9
4_#_BRCA_00571_TCGA-BH-A0EE-01Z-00-DX1,-1.93508910605556,-24.9238096030462,9
5_#_BRCA_00571_TCGA-BH-A0EE-01Z-00-DX1,-1.58466066501828,-24.9568024115155,9
2_#_BRCA_00571_TCGA-BH-A0EE-01Z-00-DX1,1.93858535715108,5.66998358790337,1
6_#_BRCA_00571_TCGA-BH-A0EE-01Z-00-DX1,0.743623064283984,1.80232376107888,5
3_#_BRCA_00572_TCGA-BH-A0EI-01Z-00-DX1,-17.091795421374,18.144780315568,5
2_#_BRCA_00572_TCGA-BH-A0EI-01Z-00-DX1,-21.0501453388892,12.0580787544957,5
0_#_BRCA_00572_TCGA-BH-A0EI-01Z-00-DX1,-15.6016993184081,17.8425762315402,5
1_#_BRCA_00572_TCGA-BH-A0EI-01Z-00-DX1,24.7362542776748,-19.8071923382516,4
4_#_BRCA_00572_TCGA-BH-A0EI-01Z-00-DX1,10.0394996767794,-19.7706488447404,9
6_#_BRCA_00572_TCGA-BH-A0EI-01Z-00-DX1,19.1710037883005,-2.49552080964258,4
5_#_BRCA_00572_TCGA-BH-A0EI-01Z-00-DX1,23.4299485548912,-8.02071433761055,4
0_#_BRCA_00573_TCGA-BH-A0GY-01Z-00-DX1,3.95813108045618,-0.831121269560984,1
1_#_BRCA_00573_TCGA-BH-A0GY-01Z-00-DX1,3.94696560405352,-0.439790823208893,1
3_#_BRCA_00573_TCGA-BH-A0GY-01Z-00-DX1,28.6481615310799,-0.589014471892669,4
2_#_BRCA_00573_TCGA-BH-A0GY-01Z-00-DX1,24.0139375284715,-15.7845689204418,4
4_#_BRCA_00573_TCGA-BH-A0GY-01Z-00-DX1,4.1045849803476,0.469702376415372,7
5_#_BRCA_00573_TCGA-BH-A0GY-01Z-00-DX1,29.7344104706522,-18.2076397387048,4
6_#_BRCA_00573_TCGA-BH-A0GY-01Z-00-DX1,12.6388219328487,-17.3732547532146,4
1_#_BRCA_00574_TCGA-BH-A0GZ-01Z-00-DX1,26.4986400261404,10.7499958894485,7
0_#_BRCA_00574_TCGA-BH-A0GZ-01Z-00-DX1,15.7217658090807,-9.14629461514282,4
2_#_BRCA_00574_TCGA-BH-A0GZ-01Z-00-DX1,-2.18549589362164,-1.23720012523295,5
3_#_BRCA_00574_TCGA-BH-A0GZ-01Z-00-DX1,-27.8360934623535,7.87394204953358,1
5_#_BRCA_00574_TCGA-BH-A0GZ-01Z-00-DX1,-8.65241581129145,1.73458563023489,5
4_#_BRCA_00574_TCGA-BH-A0GZ-01Z-00-DX1,9.7156992789597,-30.2021288752416,9
6_#_BRCA_00574_TCGA-BH-A0GZ-01Z-00-DX1,11.7561270199996,-30.0157644176405,9
7_#_BRCA_00574_TCGA-BH-A0GZ-01Z-00-DX1,29.2709037452484,-6.54051213178595,4
0_#_BRCA_00575_TCGA-BH-A0H0-01Z-00-DX1,18.0490493275077,-11.1543248765869,4
8_#_BRCA_00575_TCGA-BH-A0H0-01Z-00-DX1,14.1003861992233,-9.44017879507136,4
2_#_BRCA_00575_TCGA-BH-A0H0-01Z-00-DX1,35.6406425740661,8.53069109486123,7
1_#_BRCA_00575_TCGA-BH-A0H0-01Z-00-DX1,-5.89829760660382,-25.0627852195133,2
3_#_BRCA_00575_TCGA-BH-A0H0-01Z-00-DX1,-6.02937304381001,-25.0424412444327,2
5_#_BRCA_00575_TCGA-BH-A0H0-01Z-00-DX1,20.6370380228988,-11.8072491385507,4
6_#_BRCA_00575_TCGA-BH-A0H0-01Z-00-DX1,-15.7718411523871,-10.1506860063717,2
4_#_BRCA_00575_TCGA-BH-A0H0-01Z-00-DX1,20.1615490938493,-10.5328092474578,4
7_#_BRCA_00575_TCGA-BH-A0H0-01Z-00-DX1,8.29415294929003,-29.8830892273556,9
0_#_BRCA_00576_TCGA-BH-A0H3-01Z-00-DX1,20.5613573713711,-10.8645926704336,4
2_#_BRCA_00576_TCGA-BH-A0H3-01Z-00-DX1,10.2845268835808,-13.501190362682,4
1_#_BRCA_00576_TCGA-BH-A0H3-01Z-00-DX1,18.0994363128023,-3.63923876582486,4
3_#_BRCA_00576_TCGA-BH-A0H3-01Z-00-DX1,24.0424896557754,11.1517893111247,7
4_#_BRCA_00576_TCGA-BH-A0H3-01Z-00-DX1,25.7048609355404,-20.645661923375,4
5_#_BRCA_00576_TCGA-BH-A0H3-01Z-00-DX1,-0.876734107919777,-27.7816417511132,9
6_#_BRCA_00576_TCGA-BH-A0H3-01Z-00-DX1,12.493724947907,-17.6948119763042,4
0_#_BRCA_00577_TCGA-BH-A0H5-01Z-00-DX1,26.6045318920822,-2.22779856277566,4
2_#_BRCA_00577_TCGA-BH-A0H5-01Z-00-DX1,4.18788237224323,12.0604230530479,1
4_#_BRCA_00577_TCGA-BH-A0H5-01Z-00-DX1,21.3238870810773,-13.8069565759219,4
1_#_BRCA_00577_TCGA-BH-A0H5-01Z-00-DX1,10.8459524912523,12.4776036710046,1
3_#_BRCA_00577_TCGA-BH-A0H5-01Z-00-DX1,-10.5984350234484,-0.300232992426832,6
5_#_BRCA_00577_TCGA-BH-A0H5-01Z-00-DX1,-8.51442299009405,-16.0336848278122,2
7_#_BRCA_00577_TCGA-BH-A0H5-01Z-00-DX1,11.3928601021629,-18.1287714345624,4
6_#_BRCA_00577_TCGA-BH-A0H5-01Z-00-DX1,-13.3841928549259,-5.64902384661698,6
0_#_BRCA_00578_TCGA-BH-A0H6-01Z-00-DX1,19.3073827343025,-10.6534650489452,4
1_#_BRCA_00578_TCGA-BH-A0H6-01Z-00-DX1,15.3356618283493,-9.84912126287881,4
2_#_BRCA_00578_TCGA-BH-A0H6-01Z-00-DX1,-28.0639363650642,8.42166638449615,5
5_#_BRCA_00578_TCGA-BH-A0H6-01Z-00-DX1,19.4353029474462,-11.6290395774289,4
3_#_BRCA_00578_TCGA-BH-A0H6-01Z-00-DX1,-28.1656069154524,8.36822352894601,5
4_#_BRCA_00578_TCGA-BH-A0H6-01Z-00-DX1,10.7592930198445,-21.2706499868477,9
6_#_BRCA_00578_TCGA-BH-A0H6-01Z-00-DX1,-28.3137779952974,8.32911430611572,5
0_#_BRCA_00579_TCGA-BH-A0H7-01Z-00-DX1,17.7082148662257,-10.3170138991107,4
1_#_BRCA_00579_TCGA-BH-A0H7-01Z-00-DX1,-2.68243743829759,-1.06553554806961,5
2_#_BRCA_00579_TCGA-BH-A0H7-01Z-00-DX1,2.83731561081328,6.40035019425434,1
4_#_BRCA_00579_TCGA-BH-A0H7-01Z-00-DX1,23.346043908941,-14.3764609608526,4
6_#_BRCA_00579_TCGA-BH-A0H7-01Z-00-DX1,14.0809303667561,-7.51790368688326,4
3_#_BRCA_00579_TCGA-BH-A0H7-01Z-00-DX1,16.314395786458,-9.44633450375748,4
5_#_BRCA_00579_TCGA-BH-A0H7-01Z-00-DX1,27.7176243316118,17.5926610338191,7
4_#_BRCA_00580_TCGA-BH-A0H9-01Z-00-DX1,-10.7498726444059,8.06584813274792,5
1_#_BRCA_00580_TCGA-BH-A0H9-01Z-00-DX1,-16.9532252646101,12.7653126405359,5
3_#_BRCA_00580_TCGA-BH-A0H9-01Z-00-DX1,-17.2445281841593,5.71567613788532,5
0_#_BRCA_00580_TCGA-BH-A0H9-01Z-00-DX1,-16.8133636457477,12.7570919173118,5
2_#_BRCA_00580_TCGA-BH-A0H9-01Z-00-DX1,17.4811581160085,-10.312507329004,4
5_#_BRCA_00580_TCGA-BH-A0H9-01Z-00-DX1,21.7222732731099,-11.0574171949026,4
6_#_BRCA_00580_TCGA-BH-A0H9-01Z-00-DX1,19.1633631755925,-10.5181986081873,4
0_#_BRCA_00581_TCGA-BH-A0HA-01Z-00-DX1,27.4387682228316,20.2182680697468,7
7_#_BRCA_00581_TCGA-BH-A0HA-01Z-00-DX1,33.2440891483753,11.031361038693,7
2_#_BRCA_00581_TCGA-BH-A0HA-01Z-00-DX1,27.6607291814245,20.2650721974299,7
3_#_BRCA_00581_TCGA-BH-A0HA-01Z-00-DX1,-15.1462569053724,17.3256635295014,5
1_#_BRCA_00581_TCGA-BH-A0HA-01Z-00-DX1,22.3300002119765,11.8619164314834,7
6_#_BRCA_00581_TCGA-BH-A0HA-01Z-00-DX1,22.3114556817807,11.8308732332239,7
4_#_BRCA_00581_TCGA-BH-A0HA-01Z-00-DX1,30.423864773368,-3.83463965227148,4
5_#_BRCA_00581_TCGA-BH-A0HA-01Z-00-DX1,-2.92833129643084,-25.8151641116056,9
1_#_BRCA_00582_TCGA-BH-A0HB-01Z-00-DX1,-7.55949933211414,2.92978983813046,5
0_#_BRCA_00582_TCGA-BH-A0HB-01Z-00-DX1,29.4025494938705,13.3281688891989,7
3_#_BRCA_00582_TCGA-BH-A0HB-01Z-00-DX1,18.5044841812413,-25.1212510919852,4
2_#_BRCA_00582_TCGA-BH-A0HB-01Z-00-DX1,-8.38225357825173,-15.6329552539475,2
4_#_BRCA_00582_TCGA-BH-A0HB-01Z-00-DX1,3.79344495321909,-2.32239891062064,1
5_#_BRCA_00582_TCGA-BH-A0HB-01Z-00-DX1,-8.27715211007838,-16.2158729638364,2
0_#_BRCA_00583_TCGA-BH-A0HF-01Z-00-DX1,-21.3303521158077,19.2264682705371,5
1_#_BRCA_00583_TCGA-BH-A0HF-01Z-00-DX1,-13.1602723728334,18.138669784975,5
4_#_BRCA_00583_TCGA-BH-A0HF-01Z-00-DX1,-13.3346366295022,18.0435793529684,5
2_#_BRCA_00583_TCGA-BH-A0HF-01Z-00-DX1,-5.79634498994348,14.7230598696818,9
3_#_BRCA_00583_TCGA-BH-A0HF-01Z-00-DX1,15.2129852950806,-15.618134758752,4
5_#_BRCA_00583_TCGA-BH-A0HF-01Z-00-DX1,-8.38650971310487,32.6506650722602,6
6_#_BRCA_00583_TCGA-BH-A0HF-01Z-00-DX1,10.0331363640656,-16.5488026361199,9
5_#_BRCA_00584_TCGA-BH-A0HI-01Z-00-DX1,-18.5673946252768,11.1166486282183,5
4_#_BRCA_00584_TCGA-BH-A0HI-01Z-00-DX1,-18.7530946158181,11.7072131372373,5
7_#_BRCA_00584_TCGA-BH-A0HI-01Z-00-DX1,-18.6051647459206,11.2410761521752,5
2_#_BRCA_00584_TCGA-BH-A0HI-01Z-00-DX1,-18.6602131514647,11.6270249863166,5
1_#_BRCA_00584_TCGA-BH-A0HI-01Z-00-DX1,-18.3205666535092,12.339971776124,5
3_#_BRCA_00584_TCGA-BH-A0HI-01Z-00-DX1,-18.3479749479615,11.9651088888532,5
6_#_BRCA_00584_TCGA-BH-A0HI-01Z-00-DX1,22.5154146322112,14.6723180449065,7
0_#_BRCA_00584_TCGA-BH-A0HI-01Z-00-DX1,-2.68314513834541,-9.02540765800988,5
0_#_BRCA_00585_TCGA-BH-A0HK-01Z-00-DX1,0.917949263508379,25.5227011563243,1
1_#_BRCA_00585_TCGA-BH-A0HK-01Z-00-DX1,-1.58954971605094,32.977065496311,6
3_#_BRCA_00585_TCGA-BH-A0HK-01Z-00-DX1,-1.96308673929692,33.1159542668139,6
5_#_BRCA_00585_TCGA-BH-A0HK-01Z-00-DX1,-1.28230172522999,32.7259894967068,6
2_#_BRCA_00585_TCGA-BH-A0HK-01Z-00-DX1,25.3853978143899,-14.1070186286546,4
4_#_BRCA_00585_TCGA-BH-A0HK-01Z-00-DX1,7.07757446826178,26.0310233089047,1
6_#_BRCA_00585_TCGA-BH-A0HK-01Z-00-DX1,-1.67386581830133,33.0498970228485,6
8_#_BRCA_00585_TCGA-BH-A0HK-01Z-00-DX1,20.2378692847594,2.28626831347603,6
7_#_BRCA_00585_TCGA-BH-A0HK-01Z-00-DX1,9.86034387222426,-17.2940849218826,9
0_#_BRCA_00586_TCGA-BH-A0HL-01Z-00-DX1,-5.37126249488111,-25.0278975979469,2
2_#_BRCA_00586_TCGA-BH-A0HL-01Z-00-DX1,-3.5036576568205,-15.0807380325184,5
1_#_BRCA_00586_TCGA-BH-A0HL-01Z-00-DX1,16.0855507194644,-10.0508585035597,4
3_#_BRCA_00586_TCGA-BH-A0HL-01Z-00-DX1,11.9968774405999,-29.7916153229519,9
4_#_BRCA_00586_TCGA-BH-A0HL-01Z-00-DX1,11.979606289749,-29.8054862744814,9
5_#_BRCA_00586_TCGA-BH-A0HL-01Z-00-DX1,11.7971402504647,-29.8343964646589,9
7_#_BRCA_00586_TCGA-BH-A0HL-01Z-00-DX1,-5.84023188878158,-23.8841831887978,2
6_#_BRCA_00586_TCGA-BH-A0HL-01Z-00-DX1,16.5991998449552,-10.3354426181599,4
0_#_BRCA_00587_TCGA-BH-A0HN-01Z-00-DX1,-3.20424480299246,-26.228316867367,9
1_#_BRCA_00587_TCGA-BH-A0HN-01Z-00-DX1,24.6783485159917,-19.6705719433579,4
4_#_BRCA_00587_TCGA-BH-A0HN-01Z-00-DX1,-1.40710384227108,0.96335565759288,5
2_#_BRCA_00587_TCGA-BH-A0HN-01Z-00-DX1,-3.1683872816013,-26.1578618437755,9
3_#_BRCA_00587_TCGA-BH-A0HN-01Z-00-DX1,-7.95107334043181,-10.9379660462871,2
5_#_BRCA_00587_TCGA-BH-A0HN-01Z-00-DX1,9.08903657710179,-20.3834531722036,9
1_#_BRCA_00588_TCGA-BH-A0HO-01Z-00-DX1,-6.23358969724422,-24.4054759143187,2
0_#_BRCA_00588_TCGA-BH-A0HO-01Z-00-DX1,16.2389869676674,-10.3774011863732,4
2_#_BRCA_00588_TCGA-BH-A0HO-01Z-00-DX1,-5.70440086220171,-23.6149006384672,2
3_#_BRCA_00588_TCGA-BH-A0HO-01Z-00-DX1,16.6989111130633,-10.3381098317727,4
5_#_BRCA_00588_TCGA-BH-A0HO-01Z-00-DX1,19.0711453919426,-12.3629553086375,4
4_#_BRCA_00588_TCGA-BH-A0HO-01Z-00-DX1,12.8732882797145,-25.2322553889032,10
2_#_BRCA_00589_TCGA-BH-A0HP-01Z-00-DX1,17.1997400141387,3.26722590016984,1
0_#_BRCA_00589_TCGA-BH-A0HP-01Z-00-DX1,17.4395828072527,3.32189464300064,1
1_#_BRCA_00589_TCGA-BH-A0HP-01Z-00-DX1,0.463595935467082,19.2814317349166,1
5_#_BRCA_00589_TCGA-BH-A0HP-01Z-00-DX1,17.2650617672746,3.53649189949459,1
6_#_BRCA_00589_TCGA-BH-A0HP-01Z-00-DX1,17.4351460089309,-6.21496752400362,4
3_#_BRCA_00589_TCGA-BH-A0HP-01Z-00-DX1,17.5131833552581,3.94617198844846,1
4_#_BRCA_00589_TCGA-BH-A0HP-01Z-00-DX1,-17.3471863880669,-3.35385080981228,2
7_#_BRCA_00589_TCGA-BH-A0HP-01Z-00-DX1,18.4162458886959,-4.89042276793029,4
0_#_BRCA_00590_TCGA-BH-A0HQ-01Z-00-DX1,-0.849521838617209,-11.0200207188121,5
1_#_BRCA_00590_TCGA-BH-A0HQ-01Z-00-DX1,14.2074620829152,-7.69909704388319,4
4_#_BRCA_00590_TCGA-BH-A0HQ-01Z-00-DX1,10.9768735669059,-30.1518578368938,9
2_#_BRCA_00590_TCGA-BH-A0HQ-01Z-00-DX1,13.3615777512333,-8.3530976123886,4
3_#_BRCA_00590_TCGA-BH-A0HQ-01Z-00-DX1,26.5145848005404,11.4822803264028,7
7_#_BRCA_00590_TCGA-BH-A0HQ-01Z-00-DX1,17.2683489949968,-8.98932189737441,4
6_#_BRCA_00590_TCGA-BH-A0HQ-01Z-00-DX1,-0.0336017355275604,1.39769034069151,5
5_#_BRCA_00590_TCGA-BH-A0HQ-01Z-00-DX1,-10.302242276654,10.8334414562195,5
1_#_BRCA_00591_TCGA-BH-A0HU-01Z-00-DX1,-15.8322957262282,4.29499682554051,9
0_#_BRCA_00591_TCGA-BH-A0HU-01Z-00-DX1,-1.19486231254242,-24.5453089595844,9
2_#_BRCA_00591_TCGA-BH-A0HU-01Z-00-DX1,-17.6425100978259,3.02313982146359,9
5_#_BRCA_00591_TCGA-BH-A0HU-01Z-00-DX1,19.2235761427868,-12.1899042894293,4
3_#_BRCA_00591_TCGA-BH-A0HU-01Z-00-DX1,-15.5855205633383,4.51045785116902,9
4_#_BRCA_00591_TCGA-BH-A0HU-01Z-00-DX1,-7.70203050698923,23.6963714458663,6
0_#_BRCA_00592_TCGA-BH-A0HW-01Z-00-DX1,-3.10916139029846,-25.6305388599759,9
4_#_BRCA_00592_TCGA-BH-A0HW-01Z-00-DX1,-5.33131247592259,-24.9332608541856,2
2_#_BRCA_00592_TCGA-BH-A0HW-01Z-00-DX1,26.6967319708563,10.1388341178038,7
1_#_BRCA_00592_TCGA-BH-A0HW-01Z-00-DX1,26.3224810094476,-13.7572889620428,4
5_#_BRCA_00592_TCGA-BH-A0HW-01Z-00-DX1,11.6891179164414,-16.3372665355197,4
3_#_BRCA_00592_TCGA-BH-A0HW-01Z-00-DX1,-3.99991343889065,-23.9827001382669,9
0_#_BRCA_00593_TCGA-BH-A0HX-01Z-00-DX1,-1.10811753706577,16.8351844123795,5
1_#_BRCA_00593_TCGA-BH-A0HX-01Z-00-DX1,-0.654614939637369,17.8660792128548,1
3_#_BRCA_00593_TCGA-BH-A0HX-01Z-00-DX1,-1.01177874577465,17.3803234441851,5
4_#_BRCA_00593_TCGA-BH-A0HX-01Z-00-DX1,26.4801800939263,9.73917349559909,7
2_#_BRCA_00593_TCGA-BH-A0HX-01Z-00-DX1,19.5442333638235,-11.7926635640296,4
5_#_BRCA_00593_TCGA-BH-A0HX-01Z-00-DX1,-10.6411759039893,9.75234462053566,5
6_#_BRCA_00593_TCGA-BH-A0HX-01Z-00-DX1,-10.8715418860395,9.55649630387606,5
0_#_BRCA_00594_TCGA-BH-A0HY-01Z-00-DX1,-20.955557511683,17.2163431155626,5
4_#_BRCA_00594_TCGA-BH-A0HY-01Z-00-DX1,14.1835677553005,-8.38525737215362,4
1_#_BRCA_00594_TCGA-BH-A0HY-01Z-00-DX1,25.7164310494946,10.7280403434768,7
3_#_BRCA_00594_TCGA-BH-A0HY-01Z-00-DX1,-15.3697240558715,17.7546648439383,5
2_#_BRCA_00594_TCGA-BH-A0HY-01Z-00-DX1,9.42477323900037,-30.2174037351164,9
5_#_BRCA_00594_TCGA-BH-A0HY-01Z-00-DX1,-21.4477124148096,5.72999115339058,5
6_#_BRCA_00594_TCGA-BH-A0HY-01Z-00-DX1,18.5819357791814,-10.6504612244371,4
0_#_BRCA_00595_TCGA-BH-A0RX-01Z-00-DX1,-18.3744089228577,6.93620214861015,5
1_#_BRCA_00595_TCGA-BH-A0RX-01Z-00-DX1,-17.7613538791327,3.31313164763231,9
3_#_BRCA_00595_TCGA-BH-A0RX-01Z-00-DX1,13.609959396798,-7.52655646081821,4
2_#_BRCA_00595_TCGA-BH-A0RX-01Z-00-DX1,17.286570237069,-0.188881489265461,4
5_#_BRCA_00595_TCGA-BH-A0RX-01Z-00-DX1,-1.85199025044768,-27.1439946018302,2
4_#_BRCA_00595_TCGA-BH-A0RX-01Z-00-DX1,-1.33755855860713,2.68204369887683,5
0_#_BRCA_00596_TCGA-BH-A0W3-01Z-00-DX1,-18.2200100528168,2.50411789930641,5
1_#_BRCA_00596_TCGA-BH-A0W3-01Z-00-DX1,19.8216307975228,-11.4877935974811,4
2_#_BRCA_00596_TCGA-BH-A0W3-01Z-00-DX1,-0.434090450089561,14.8926912557608,1
4_#_BRCA_00596_TCGA-BH-A0W3-01Z-00-DX1,14.9882254567191,-8.32950339208296,4
5_#_BRCA_00596_TCGA-BH-A0W3-01Z-00-DX1,23.4721648454684,10.9623899982254,7
3_#_BRCA_00596_TCGA-BH-A0W3-01Z-00-DX1,7.49015794903781,-22.2317917625265,9
6_#_BRCA_00596_TCGA-BH-A0W3-01Z-00-DX1,24.4402516902609,-15.9156426660823,4
7_#_BRCA_00596_TCGA-BH-A0W3-01Z-00-DX1,18.6003993706154,-11.0115827365648,4
1_#_BRCA_00597_TCGA-BH-A0W4-01Z-00-DX1,-0.385684834412831,6.66050472646785,5
0_#_BRCA_00597_TCGA-BH-A0W4-01Z-00-DX1,31.8589076628079,15.1575905593793,7
2_#_BRCA_00597_TCGA-BH-A0W4-01Z-00-DX1,22.7604140387244,10.5567162027244,7
3_#_BRCA_00597_TCGA-BH-A0W4-01Z-00-DX1,29.4960113982125,16.3363663579715,7
5_#_BRCA_00597_TCGA-BH-A0W4-01Z-00-DX1,17.4447620530171,-11.7340932737387,4
6_#_BRCA_00597_TCGA-BH-A0W4-01Z-00-DX1,10.2112565196319,-13.6389511474848,5
4_#_BRCA_00597_TCGA-BH-A0W4-01Z-00-DX1,10.174925241905,-13.5272560310276,5
1_#_BRCA_00598_TCGA-BH-A0W5-01Z-00-DX1,-21.4176334990251,18.9298000503272,5
0_#_BRCA_00598_TCGA-BH-A0W5-01Z-00-DX1,23.9066373631321,-15.6022277808033,4
2_#_BRCA_00598_TCGA-BH-A0W5-01Z-00-DX1,24.5808586956796,-19.5065435906213,4
4_#_BRCA_00598_TCGA-BH-A0W5-01Z-00-DX1,-15.1102401564082,17.8529637861336,5
6_#_BRCA_00598_TCGA-BH-A0W5-01Z-00-DX1,18.6961028017132,-10.390703790939,4
3_#_BRCA_00598_TCGA-BH-A0W5-01Z-00-DX1,22.8366392133261,12.2016516349727,7
5_#_BRCA_00598_TCGA-BH-A0W5-01Z-00-DX1,-1.53242375806867,29.0301125131048,6
0_#_BRCA_00599_TCGA-BH-A0W7-01Z-00-DX1,24.1184273983274,12.726201236349,7
2_#_BRCA_00599_TCGA-BH-A0W7-01Z-00-DX1,-5.98282345865539,23.2268010411655,5
3_#_BRCA_00599_TCGA-BH-A0W7-01Z-00-DX1,0.546457134266376,15.5978537526393,1
1_#_BRCA_00599_TCGA-BH-A0W7-01Z-00-DX1,-0.485119983839293,5.86390159221075,5
6_#_BRCA_00599_TCGA-BH-A0W7-01Z-00-DX1,28.5573929902962,16.4369231872586,7
4_#_BRCA_00599_TCGA-BH-A0W7-01Z-00-DX1,9.54252439362872,-17.8560116084746,9
5_#_BRCA_00599_TCGA-BH-A0W7-01Z-00-DX1,13.640732326315,-18.5622665876022,4
0_#_BRCA_00600_TCGA-BH-A0WA-01Z-00-DX1,-36.8852261308377,-2.68222520487521,8
1_#_BRCA_00600_TCGA-BH-A0WA-01Z-00-DX1,15.4472380061445,-3.7524579898591,4
2_#_BRCA_00600_TCGA-BH-A0WA-01Z-00-DX1,-6.32821611311608,-22.4265289499992,8
3_#_BRCA_00600_TCGA-BH-A0WA-01Z-00-DX1,-14.4504209629274,18.0579460911982,5
4_#_BRCA_00600_TCGA-BH-A0WA-01Z-00-DX1,-19.7301359084297,23.8820019000074,5
5_#_BRCA_00600_TCGA-BH-A0WA-01Z-00-DX1,9.63605481234024,-19.0660941053793,9
6_#_BRCA_00600_TCGA-BH-A0WA-01Z-00-DX1,-22.570993540163,10.5901404914891,5
1_#_BRCA_00601_TCGA-BH-A18F-01Z-00-DX1,-21.2749915272913,19.4050615098721,5
0_#_BRCA_00601_TCGA-BH-A18F-01Z-00-DX1,-0.56571721040927,14.8426345762345,1
5_#_BRCA_00601_TCGA-BH-A18F-01Z-00-DX1,-24.1305556627774,20.5180434641624,5
4_#_BRCA_00601_TCGA-BH-A18F-01Z-00-DX1,-0.514169385109401,14.8866646535895,1
3_#_BRCA_00601_TCGA-BH-A18F-01Z-00-DX1,0.992111229977492,5.19682968123642,4
2_#_BRCA_00601_TCGA-BH-A18F-01Z-00-DX1,-19.8376437523256,22.3156745462168,5
6_#_BRCA_00601_TCGA-BH-A18F-01Z-00-DX1,1.20598870601631,12.9815953673503,1
0_#_BRCA_00602_TCGA-BH-A18G-01Z-00-DX1,-7.13134388293709,-21.4949403487631,2
2_#_BRCA_00602_TCGA-BH-A18G-01Z-00-DX1,-7.06060232001321,-21.592053465345,2
4_#_BRCA_00602_TCGA-BH-A18G-01Z-00-DX1,-7.76372062646587,-21.8078525252058,2
1_#_BRCA_00602_TCGA-BH-A18G-01Z-00-DX1,-6.83767341379356,-21.7623466949507,2
5_#_BRCA_00602_TCGA-BH-A18G-01Z-00-DX1,-6.71557380634792,-21.3215938196855,2
3_#_BRCA_00602_TCGA-BH-A18G-01Z-00-DX1,-6.83980939761734,-21.4124223331428,2
1_#_BRCA_00603_TCGA-BH-A18H-01Z-00-DX1,-7.15678366444913,-21.232188801883,2
0_#_BRCA_00603_TCGA-BH-A18H-01Z-00-DX1,21.5844220353072,-0.232324212416803,4
2_#_BRCA_00603_TCGA-BH-A18H-01Z-00-DX1,17.1078349273,7.01569098233283,6
3_#_BRCA_00603_TCGA-BH-A18H-01Z-00-DX1,10.1349009122982,-16.219274384249,4
5_#_BRCA_00603_TCGA-BH-A18H-01Z-00-DX1,22.7303952062901,-6.07424235311539,4
4_#_BRCA_00603_TCGA-BH-A18H-01Z-00-DX1,27.7151999871205,-16.183378169406,4
0_#_BRCA_00604_TCGA-BH-A18I-01Z-00-DX1,-14.546939580627,18.3727786056894,5
3_#_BRCA_00604_TCGA-BH-A18I-01Z-00-DX1,-0.409831151015767,14.7522759229122,1
5_#_BRCA_00604_TCGA-BH-A18I-01Z-00-DX1,4.19730967982145,26.5586612660116,5
1_#_BRCA_00604_TCGA-BH-A18I-01Z-00-DX1,-0.537013154702401,14.832110054833,1
2_#_BRCA_00604_TCGA-BH-A18I-01Z-00-DX1,18.2586466430031,-11.4591530755722,4
4_#_BRCA_00604_TCGA-BH-A18I-01Z-00-DX1,-2.69032580798121,8.63566494286128,5
0_#_BRCA_00605_TCGA-BH-A18J-01Z-00-DX1,-20.7371589788411,12.9066432805734,5
1_#_BRCA_00605_TCGA-BH-A18J-01Z-00-DX1,-8.53307160482011,13.4030641869875,5
6_#_BRCA_00605_TCGA-BH-A18J-01Z-00-DX1,-8.4983647609436,13.1325713054845,5
2_#_BRCA_00605_TCGA-BH-A18J-01Z-00-DX1,-16.826551590857,10.1896916653501,5
3_#_BRCA_00605_TCGA-BH-A18J-01Z-00-DX1,-16.5600415192985,9.9210080196106,5
4_#_BRCA_00605_TCGA-BH-A18J-01Z-00-DX1,-14.273665971798,10.4128050860454,5
5_#_BRCA_00605_TCGA-BH-A18J-01Z-00-DX1,-4.23847479373563,-19.6370174698835,2
1_#_BRCA_00606_TCGA-BH-A18L-01Z-00-DX1,-14.1173147530598,-19.9377649302588,2
2_#_BRCA_00606_TCGA-BH-A18L-01Z-00-DX1,30.0730023849421,-2.60563256585134,4
0_#_BRCA_00606_TCGA-BH-A18L-01Z-00-DX1,24.5747396523725,6.56741274035365,7
3_#_BRCA_00606_TCGA-BH-A18L-01Z-00-DX1,-14.0848893267911,-19.4922486161443,2
4_#_BRCA_00606_TCGA-BH-A18L-01Z-00-DX1,3.65969391719474,0.784609629880203,7
5_#_BRCA_00606_TCGA-BH-A18L-01Z-00-DX1,22.9170116598221,-24.1460464447047,10
6_#_BRCA_00606_TCGA-BH-A18L-01Z-00-DX1,-14.1242005743779,-20.1021360906947,2
7_#_BRCA_00606_TCGA-BH-A18L-01Z-00-DX1,-22.5519371288467,-9.20079150883485,2
1_#_BRCA_00607_TCGA-BH-A18M-01Z-00-DX1,-22.8645785617447,4.65858720136842,5
4_#_BRCA_00607_TCGA-BH-A18M-01Z-00-DX1,-11.7383398439518,3.6738882827474,5
0_#_BRCA_00607_TCGA-BH-A18M-01Z-00-DX1,-7.23516933567788,-11.1933559286759,2
7_#_BRCA_00607_TCGA-BH-A18M-01Z-00-DX1,-23.0115782093582,4.52149928266639,5
6_#_BRCA_00607_TCGA-BH-A18M-01Z-00-DX1,7.9104681521543,-19.7549479516041,9
3_#_BRCA_00607_TCGA-BH-A18M-01Z-00-DX1,-22.1967736460154,6.16182623892566,5
2_#_BRCA_00607_TCGA-BH-A18M-01Z-00-DX1,-2.54352204980713,-11.9176300611408,5
5_#_BRCA_00607_TCGA-BH-A18M-01Z-00-DX1,0.809610046572975,5.60034492831315,1
2_#_BRCA_00608_TCGA-BH-A18N-01Z-00-DX1,-24.7236043407769,3.98310008338388,2
6_#_BRCA_00608_TCGA-BH-A18N-01Z-00-DX1,22.3526383378819,-10.818199622474,4
3_#_BRCA_00608_TCGA-BH-A18N-01Z-00-DX1,19.6186944045684,-11.1227501083256,4
4_#_BRCA_00608_TCGA-BH-A18N-01Z-00-DX1,-24.2976177762412,3.92119807038006,5
0_#_BRCA_00608_TCGA-BH-A18N-01Z-00-DX1,-24.5570798008327,3.99729340630594,5
1_#_BRCA_00608_TCGA-BH-A18N-01Z-00-DX1,29.5830832842185,-14.2153417373751,4
7_#_BRCA_00608_TCGA-BH-A18N-01Z-00-DX1,-4.70539888099308,-16.8756204895279,2
5_#_BRCA_00608_TCGA-BH-A18N-01Z-00-DX1,-6.42084379577459,-21.0432464735275,2
8_#_BRCA_00608_TCGA-BH-A18N-01Z-00-DX1,31.6121260616831,-4.73249280396196,1
0_#_BRCA_00609_TCGA-BH-A18P-01Z-00-DX1,-15.3227687486511,-12.1405677679043,2
1_#_BRCA_00609_TCGA-BH-A18P-01Z-00-DX1,-16.0601073330765,-18.2925931726688,2
4_#_BRCA_00609_TCGA-BH-A18P-01Z-00-DX1,-15.8033488421032,-11.9899828732575,2
2_#_BRCA_00609_TCGA-BH-A18P-01Z-00-DX1,25.5302849821268,-14.5335891190705,4
3_#_BRCA_00609_TCGA-BH-A18P-01Z-00-DX1,27.808180314351,14.6222895054742,7
5_#_BRCA_00609_TCGA-BH-A18P-01Z-00-DX1,-15.7620669593034,-12.048150425781,2
6_#_BRCA_00609_TCGA-BH-A18P-01Z-00-DX1,-4.37629610682173,1.59703395143737,6
0_#_BRCA_00610_TCGA-BH-A18Q-01Z-00-DX1,-20.2620890468874,10.7056766879825,5
1_#_BRCA_00610_TCGA-BH-A18Q-01Z-00-DX1,-19.6448612805232,6.61880862361134,5
2_#_BRCA_00610_TCGA-BH-A18Q-01Z-00-DX1,2.88804418404789,0.811646282003618,2
3_#_BRCA_00610_TCGA-BH-A18Q-01Z-00-DX1,-6.13227682445753,-14.2952732211529,5
6_#_BRCA_00610_TCGA-BH-A18Q-01Z-00-DX1,-19.7117091674721,6.29438904817329,5
4_#_BRCA_00610_TCGA-BH-A18Q-01Z-00-DX1,27.8366919210612,-15.7538445474588,4
5_#_BRCA_00610_TCGA-BH-A18Q-01Z-00-DX1,-14.758180405513,25.0370509948054,6
0_#_BRCA_00611_TCGA-BH-A18R-01Z-00-DX1,-4.50890205272199,-19.168780858402,2
1_#_BRCA_00611_TCGA-BH-A18R-01Z-00-DX1,16.5895455785745,-13.4174723864295,4
4_#_BRCA_00611_TCGA-BH-A18R-01Z-00-DX1,9.47488010901395,-29.8995362389205,9
3_#_BRCA_00611_TCGA-BH-A18R-01Z-00-DX1,-4.64543235698015,-19.0179356796256,2
2_#_BRCA_00611_TCGA-BH-A18R-01Z-00-DX1,-8.34939568168527,-21.8237808785042,2
5_#_BRCA_00611_TCGA-BH-A18R-01Z-00-DX1,10.9308804006062,-16.977796881366,9
6_#_BRCA_00611_TCGA-BH-A18R-01Z-00-DX1,-16.6374710159279,-25.6282851338195,2
4_#_BRCA_00612_TCGA-BH-A18S-01Z-00-DX1,-0.672787042188661,-33.2994887930358,9
0_#_BRCA_00612_TCGA-BH-A18S-01Z-00-DX1,-0.850910319601026,-33.4570520630956,9
2_#_BRCA_00612_TCGA-BH-A18S-01Z-00-DX1,-0.770511823788561,-33.3637270776209,9
1_#_BRCA_00612_TCGA-BH-A18S-01Z-00-DX1,12.9381520914649,-17.2036450127773,4
5_#_BRCA_00612_TCGA-BH-A18S-01Z-00-DX1,-0.580044782210963,-33.3291320655507,9
6_#_BRCA_00612_TCGA-BH-A18S-01Z-00-DX1,-10.8920690638279,-24.0342086098929,2
3_#_BRCA_00612_TCGA-BH-A18S-01Z-00-DX1,-0.695774200963707,-33.2718130675106,9
7_#_BRCA_00612_TCGA-BH-A18S-01Z-00-DX1,13.1008963430037,-16.8550956096417,4
0_#_BRCA_00613_TCGA-BH-A18T-01Z-00-DX1,-9.25004947682752,-15.6425593851717,2
2_#_BRCA_00613_TCGA-BH-A18T-01Z-00-DX1,28.6244792650396,-16.7291843809744,4
1_#_BRCA_00613_TCGA-BH-A18T-01Z-00-DX1,5.2435686568878,-19.724244448748,2
3_#_BRCA_00613_TCGA-BH-A18T-01Z-00-DX1,-8.76163575895411,9.25913399182551,5
4_#_BRCA_00613_TCGA-BH-A18T-01Z-00-DX1,-9.55602218128239,-15.9613415543089,2
5_#_BRCA_00613_TCGA-BH-A18T-01Z-00-DX1,-12.3725956344083,-10.6777879209105,2
6_#_BRCA_00613_TCGA-BH-A18T-01Z-00-DX1,-9.66512040451184,-16.0329660252643,2
7_#_BRCA_00613_TCGA-BH-A18T-01Z-00-DX1,6.28786336422137,14.8754733827033,1
0_#_BRCA_00614_TCGA-BH-A18U-01Z-00-DX1,-10.1170853549549,-13.6019293208131,2
3_#_BRCA_00614_TCGA-BH-A18U-01Z-00-DX1,3.04697053364478,-0.560026088200946,1
2_#_BRCA_00614_TCGA-BH-A18U-01Z-00-DX1,2.60952090409409,-1.90533469597054,6
1_#_BRCA_00614_TCGA-BH-A18U-01Z-00-DX1,28.9963283225862,-17.392750116857,4
5_#_BRCA_00614_TCGA-BH-A18U-01Z-00-DX1,-9.53494507849786,-0.422074533478458,2
4_#_BRCA_00614_TCGA-BH-A18U-01Z-00-DX1,5.01266171539896,5.72503975260096,1
6_#_BRCA_00614_TCGA-BH-A18U-01Z-00-DX1,-19.7665441487784,-7.31909949843494,5
0_#_BRCA_00615_TCGA-BH-A18V-01Z-00-DX1,-22.2650811635687,3.11876664191185,5
1_#_BRCA_00615_TCGA-BH-A18V-01Z-00-DX1,-15.912371061884,8.44563894009672,5
2_#_BRCA_00615_TCGA-BH-A18V-01Z-00-DX1,1.45253444065264,21.040094589165,1
5_#_BRCA_00615_TCGA-BH-A18V-01Z-00-DX1,-0.198011532859595,17.2896718155694,1
4_#_BRCA_00615_TCGA-BH-A18V-01Z-00-DX1,-15.6744200714398,8.01824100448826,5
3_#_BRCA_00615_TCGA-BH-A18V-01Z-00-DX1,23.5858146408802,-14.139067804394,4
6_#_BRCA_00615_TCGA-BH-A18V-01Z-00-DX1,13.9759131049564,-11.9021937613752,7
1_#_BRCA_00616_TCGA-BH-A1EN-01Z-00-DX1,-0.294008772038853,9.26715693242587,5
0_#_BRCA_00616_TCGA-BH-A1EN-01Z-00-DX1,-0.231823661451875,9.42498726608119,5
2_#_BRCA_00616_TCGA-BH-A1EN-01Z-00-DX1,-0.115905881955242,9.7300619623884,1
5_#_BRCA_00616_TCGA-BH-A1EN-01Z-00-DX1,0.0824192244744633,9.99280934004687,1
3_#_BRCA_00616_TCGA-BH-A1EN-01Z-00-DX1,-0.49145373590024,0.734085964146933,5
4_#_BRCA_00616_TCGA-BH-A1EN-01Z-00-DX1,17.102095178165,-10.1679347013306,4
6_#_BRCA_00616_TCGA-BH-A1EN-01Z-00-DX1,-20.5229052844335,9.68165560550402,5
1_#_BRCA_00617_TCGA-BH-A1EO-01Z-00-DX1,13.4573721406479,-10.8163171772883,4
0_#_BRCA_00617_TCGA-BH-A1EO-01Z-00-DX1,-10.7029755011112,5.23315946328404,1
2_#_BRCA_00617_TCGA-BH-A1EO-01Z-00-DX1,28.64388486262,-3.53422775445126,4
3_#_BRCA_00617_TCGA-BH-A1EO-01Z-00-DX1,29.8730084904625,11.3326701308403,7
4_#_BRCA_00617_TCGA-BH-A1EO-01Z-00-DX1,22.108899222392,0.221353213648103,4
6_#_BRCA_00617_TCGA-BH-A1EO-01Z-00-DX1,2.40048541470956,5.0541411900982,1
5_#_BRCA_00617_TCGA-BH-A1EO-01Z-00-DX1,16.8290889115947,-18.6595463886578,4
1_#_BRCA_00618_TCGA-BH-A1ES-01Z-00-DX1,-1.63459893406682,-24.1560050039398,9
2_#_BRCA_00618_TCGA-BH-A1ES-01Z-00-DX1,31.3216740546651,2.73321611814412,7
0_#_BRCA_00618_TCGA-BH-A1ES-01Z-00-DX1,32.8666592137235,10.8154685635406,7
3_#_BRCA_00618_TCGA-BH-A1ES-01Z-00-DX1,-3.86532502327943,-19.1902952937294,2
4_#_BRCA_00618_TCGA-BH-A1ES-01Z-00-DX1,-1.8383551214263,-23.8915344127773,9
5_#_BRCA_00618_TCGA-BH-A1ES-01Z-00-DX1,-4.21472761133335,-24.609847356547,9
0_#_BRCA_00619_TCGA-BH-A1ET-01Z-00-DX1,-13.0169582552165,-30.4863738977596,2
1_#_BRCA_00619_TCGA-BH-A1ET-01Z-00-DX1,12.7972078622423,33.4140495991218,7
2_#_BRCA_00619_TCGA-BH-A1ET-01Z-00-DX1,9.58260624792912,2.05741922386163,1
4_#_BRCA_00619_TCGA-BH-A1ET-01Z-00-DX1,-8.02216550263174,-10.8711684469217,2
6_#_BRCA_00619_TCGA-BH-A1ET-01Z-00-DX1,-10.6971904507714,-3.3857342412439,6
3_#_BRCA_00619_TCGA-BH-A1ET-01Z-00-DX1,-7.8719643223533,0.795053832768015,6
5_#_BRCA_00619_TCGA-BH-A1ET-01Z-00-DX1,32.6204855851427,3.11553223596306,7
0_#_BRCA_00620_TCGA-BH-A1EU-01Z-00-DX1,-8.93405762518489,4.30548935468347,7
1_#_BRCA_00620_TCGA-BH-A1EU-01Z-00-DX1,-8.91221036797609,4.45498481544311,1
4_#_BRCA_00620_TCGA-BH-A1EU-01Z-00-DX1,-12.5714223453809,25.3648723901903,7
2_#_BRCA_00620_TCGA-BH-A1EU-01Z-00-DX1,27.174434234591,-8.13135286458754,4
3_#_BRCA_00620_TCGA-BH-A1EU-01Z-00-DX1,-11.7310462116342,-0.829110987879996,6
0_#_BRCA_00621_TCGA-BH-A1EV-01Z-00-DX1,7.82565011501448,-29.1863218219799,9
1_#_BRCA_00621_TCGA-BH-A1EV-01Z-00-DX1,-14.9977521187386,9.56662120662526,5
2_#_BRCA_00621_TCGA-BH-A1EV-01Z-00-DX1,-15.2757220429363,8.49774960251062,5
6_#_BRCA_00621_TCGA-BH-A1EV-01Z-00-DX1,35.0532634158728,9.07058669535145,7
4_#_BRCA_00621_TCGA-BH-A1EV-01Z-00-DX1,-9.38472918907967,24.9640726836087,6
3_#_BRCA_00621_TCGA-BH-A1EV-01Z-00-DX1,-15.6081261598199,8.63807083580916,5
5_#_BRCA_00621_TCGA-BH-A1EV-01Z-00-DX1,-14.9511340612534,9.85645027778758,5
7_#_BRCA_00621_TCGA-BH-A1EV-01Z-00-DX1,19.8015509839053,-8.73707663319837,4
0_#_BRCA_00622_TCGA-BH-A1EW-01Z-00-DX1,-10.3296663021237,10.5801202631502,5
1_#_BRCA_00622_TCGA-BH-A1EW-01Z-00-DX1,-11.2846191415854,9.74807286023508,5
5_#_BRCA_00622_TCGA-BH-A1EW-01Z-00-DX1,-10.0114679669603,10.8635193038006,5
2_#_BRCA_00622_TCGA-BH-A1EW-01Z-00-DX1,-1.41293401413351,9.97747189903908,1
4_#_BRCA_00622_TCGA-BH-A1EW-01Z-00-DX1,14.0655225950123,-9.33662975147664,4
3_#_BRCA_00622_TCGA-BH-A1EW-01Z-00-DX1,-4.32842048814931,-0.993189912480598,6
6_#_BRCA_00622_TCGA-BH-A1EW-01Z-00-DX1,-6.37045988715197,-9.92611825038371,7
7_#_BRCA_00622_TCGA-BH-A1EW-01Z-00-DX1,4.63729808804814,20.7795423258629,1
1_#_BRCA_00623_TCGA-BH-A1EX-01Z-00-DX1,-13.9919993649882,33.1657727182584,6
0_#_BRCA_00623_TCGA-BH-A1EX-01Z-00-DX1,-8.51515110068467,-0.864935094598606,2
2_#_BRCA_00623_TCGA-BH-A1EX-01Z-00-DX1,25.1531167305669,-16.2573190912581,4
5_#_BRCA_00623_TCGA-BH-A1EX-01Z-00-DX1,-13.3789259690924,35.1593942131567,6
3_#_BRCA_00623_TCGA-BH-A1EX-01Z-00-DX1,-14.3423465439807,33.225482498876,6
6_#_BRCA_00623_TCGA-BH-A1EX-01Z-00-DX1,4.47220282354778,-2.85647876208618,10
4_#_BRCA_00623_TCGA-BH-A1EX-01Z-00-DX1,-21.254361361614,-10.5509513187217,2
7_#_BRCA_00623_TCGA-BH-A1EX-01Z-00-DX1,-9.27271949096283,-0.564491897387747,2
1_#_BRCA_00624_TCGA-BH-A1EY-01Z-00-DX1,-2.76805974547464,-13.9489303688401,2
2_#_BRCA_00624_TCGA-BH-A1EY-01Z-00-DX1,-2.40676762372214,-12.7618509069607,2
0_#_BRCA_00624_TCGA-BH-A1EY-01Z-00-DX1,-1.69106922324966,10.1156412275954,1
3_#_BRCA_00624_TCGA-BH-A1EY-01Z-00-DX1,-6.34906696394612,11.8117135698,6
5_#_BRCA_00624_TCGA-BH-A1EY-01Z-00-DX1,-1.79802341468045,-12.4709772288923,2
4_#_BRCA_00624_TCGA-BH-A1EY-01Z-00-DX1,-2.53795540036197,-13.5762909720805,2
6_#_BRCA_00624_TCGA-BH-A1EY-01Z-00-DX1,6.98106033912361,-1.70931224550535,1
7_#_BRCA_00624_TCGA-BH-A1EY-01Z-00-DX1,2.30804100498213,-11.8763407039863,9
0_#_BRCA_00625_TCGA-BH-A1F0-01Z-00-DX1,-13.475294954593,7.81288777439959,5
3_#_BRCA_00625_TCGA-BH-A1F0-01Z-00-DX1,-13.4162679209664,7.98319273609915,5
4_#_BRCA_00625_TCGA-BH-A1F0-01Z-00-DX1,-13.2478731528356,25.889917265315,6
1_#_BRCA_00625_TCGA-BH-A1F0-01Z-00-DX1,-12.2692983570928,28.0404710508852,6
2_#_BRCA_00625_TCGA-BH-A1F0-01Z-00-DX1,-13.3516680254791,7.99487544532642,5
6_#_BRCA_00625_TCGA-BH-A1F0-01Z-00-DX1,-17.4359119317973,-2.24782436037339,2
5_#_BRCA_00625_TCGA-BH-A1F0-01Z-00-DX1,32.3547905140242,-15.3470725534274,4
1_#_BRCA_00626_TCGA-BH-A1F2-01Z-00-DX1,25.7947319550737,-15.2273918478521,4
0_#_BRCA_00626_TCGA-BH-A1F2-01Z-00-DX1,-19.5825753032214,14.807928190331,5
2_#_BRCA_00626_TCGA-BH-A1F2-01Z-00-DX1,-19.9782669112042,14.9553743688359,5
3_#_BRCA_00626_TCGA-BH-A1F2-01Z-00-DX1,17.0656136087085,-10.3541919052085,4
4_#_BRCA_00626_TCGA-BH-A1F2-01Z-00-DX1,-15.1949968483569,9.58572030392125,5
5_#_BRCA_00626_TCGA-BH-A1F2-01Z-00-DX1,-18.8820338109671,15.0979377909833,5
7_#_BRCA_00626_TCGA-BH-A1F2-01Z-00-DX1,-1.33156128775995,-11.1035937039173,5
6_#_BRCA_00626_TCGA-BH-A1F2-01Z-00-DX1,-22.3380501145926,11.7924457060395,5
1_#_BRCA_00627_TCGA-BH-A1F5-01Z-00-DX1,-16.0523361141343,-17.2319274500756,2
0_#_BRCA_00627_TCGA-BH-A1F5-01Z-00-DX1,32.6127261283847,15.1140832746316,7
6_#_BRCA_00627_TCGA-BH-A1F5-01Z-00-DX1,33.0573617026634,15.2703373235595,7
5_#_BRCA_00627_TCGA-BH-A1F5-01Z-00-DX1,-4.28099838306815,-18.540887730537,2
4_#_BRCA_00627_TCGA-BH-A1F5-01Z-00-DX1,-16.053244836555,-17.2844684773424,2
2_#_BRCA_00627_TCGA-BH-A1F5-01Z-00-DX1,26.273737655042,-15.9498821074723,4
3_#_BRCA_00627_TCGA-BH-A1F5-01Z-00-DX1,25.2415948259993,3.55350362463431,4
7_#_BRCA_00627_TCGA-BH-A1F5-01Z-00-DX1,25.1276977943252,13.8099007928033,7
1_#_BRCA_00628_TCGA-BH-A1F6-01Z-00-DX1,-9.7964320624837,14.2210651466206,5
0_#_BRCA_00628_TCGA-BH-A1F6-01Z-00-DX1,-3.25300905151106,-11.6579193699833,5
3_#_BRCA_00628_TCGA-BH-A1F6-01Z-00-DX1,-9.90911121175893,14.166385522938,5
5_#_BRCA_00628_TCGA-BH-A1F6-01Z-00-DX1,-3.10916248903429,-13.0517028444785,5
4_#_BRCA_00628_TCGA-BH-A1F6-01Z-00-DX1,-9.58764522891246,13.7287769023197,5
2_#_BRCA_00628_TCGA-BH-A1F6-01Z-00-DX1,-9.68563476033358,13.8236971571204,5
6_#_BRCA_00628_TCGA-BH-A1F6-01Z-00-DX1,-22.8185302590247,12.1404020245088,5
0_#_BRCA_00629_TCGA-BH-A1F8-01Z-00-DX1,4.99759602726132,11.9530439849893,1
2_#_BRCA_00629_TCGA-BH-A1F8-01Z-00-DX1,13.9830245871072,-12.5814346470705,7
1_#_BRCA_00629_TCGA-BH-A1F8-01Z-00-DX1,22.9888350060754,-17.3594183040853,4
5_#_BRCA_00629_TCGA-BH-A1F8-01Z-00-DX1,5.08641774904952,11.9421291498219,1
3_#_BRCA_00629_TCGA-BH-A1F8-01Z-00-DX1,24.5753696080945,-19.5017652516004,4
6_#_BRCA_00629_TCGA-BH-A1F8-01Z-00-DX1,9.47846421989907,1.06813922085005,1
4_#_BRCA_00629_TCGA-BH-A1F8-01Z-00-DX1,5.77937011100559,-26.0204899294172,9
0_#_BRCA_00630_TCGA-BH-A1FB-01Z-00-DX1,-21.9561616823384,8.50743806207885,5
2_#_BRCA_00630_TCGA-BH-A1FB-01Z-00-DX1,20.5571911314255,-10.8499476370748,4
1_#_BRCA_00630_TCGA-BH-A1FB-01Z-00-DX1,-17.1170826211048,10.0342608504823,5
6_#_BRCA_00630_TCGA-BH-A1FB-01Z-00-DX1,24.0447845575171,10.3699785663394,7
3_#_BRCA_00630_TCGA-BH-A1FB-01Z-00-DX1,30.0646060887531,17.1296398782098,7
4_#_BRCA_00630_TCGA-BH-A1FB-01Z-00-DX1,12.7736256842905,-11.183608659052,4
7_#_BRCA_00630_TCGA-BH-A1FB-01Z-00-DX1,-17.2499725189138,10.0551879225249,5
5_#_BRCA_00630_TCGA-BH-A1FB-01Z-00-DX1,1.07963404630793,21.6223348908195,1
1_#_BRCA_00631_TCGA-BH-A1FC-01Z-00-DX1,-0.16266929476377,-8.66037162021931,1
0_#_BRCA_00631_TCGA-BH-A1FC-01Z-00-DX1,14.5240739967067,19.3204064095045,1
2_#_BRCA_00631_TCGA-BH-A1FC-01Z-00-DX1,22.9638760106257,0.199218132104311,4
4_#_BRCA_00631_TCGA-BH-A1FC-01Z-00-DX1,-0.161531339256367,-8.72844094410285,1
3_#_BRCA_00631_TCGA-BH-A1FC-01Z-00-DX1,14.6971911968546,19.1497546074211,1
5_#_BRCA_00631_TCGA-BH-A1FC-01Z-00-DX1,14.3687571899328,19.2779913529239,1
8_#_BRCA_00631_TCGA-BH-A1FC-01Z-00-DX1,20.0794602283145,-19.0864031934543,4
6_#_BRCA_00631_TCGA-BH-A1FC-01Z-00-DX1,14.62061464935,19.0457470931961,1
7_#_BRCA_00631_TCGA-BH-A1FC-01Z-00-DX1,6.65256203145533,5.34519629457816,1
1_#_BRCA_00632_TCGA-BH-A1FE-01Z-00-DX1,34.6691275000275,12.8516260268097,7
0_#_BRCA_00632_TCGA-BH-A1FE-01Z-00-DX1,23.4428655579768,2.38886721427103,4
2_#_BRCA_00632_TCGA-BH-A1FE-01Z-00-DX1,31.8666920895532,16.7752905032496,7
6_#_BRCA_00632_TCGA-BH-A1FE-01Z-00-DX1,24.0391150983446,-13.466200635052,4
3_#_BRCA_00632_TCGA-BH-A1FE-01Z-00-DX1,6.56580430564675,3.35394868788055,6
5_#_BRCA_00632_TCGA-BH-A1FE-01Z-00-DX1,-14.7530958862163,-13.8007115657639,2
4_#_BRCA_00632_TCGA-BH-A1FE-01Z-00-DX1,27.0117503810162,17.8874194426766,7
7_#_BRCA_00632_TCGA-BH-A1FE-01Z-00-DX1,31.6023613419286,7.46390132131669,7
0_#_BRCA_00633_TCGA-BH-A1FG-01Z-00-DX1,22.3298688669575,-11.0568163600979,4
1_#_BRCA_00633_TCGA-BH-A1FG-01Z-00-DX1,-1.07621531689727,-11.0639546372599,5
2_#_BRCA_00633_TCGA-BH-A1FG-01Z-00-DX1,-9.11272239953836,12.276101053892,5
4_#_BRCA_00633_TCGA-BH-A1FG-01Z-00-DX1,-9.07086882624358,12.4855784177,5
3_#_BRCA_00633_TCGA-BH-A1FG-01Z-00-DX1,-19.2212140434421,21.315743374644,5
0_#_BRCA_00634_TCGA-BH-A1FH-01Z-00-DX1,18.318887525801,-5.36928443512981,4
1_#_BRCA_00634_TCGA-BH-A1FH-01Z-00-DX1,22.8873390264993,1.93566673397916,4
2_#_BRCA_00634_TCGA-BH-A1FH-01Z-00-DX1,27.1445163724152,10.632878078209,7
4_#_BRCA_00634_TCGA-BH-A1FH-01Z-00-DX1,2.07351435138247,4.80158210121119,1
5_#_BRCA_00634_TCGA-BH-A1FH-01Z-00-DX1,30.9766695480099,0.771054005112492,7
3_#_BRCA_00634_TCGA-BH-A1FH-01Z-00-DX1,22.2905603833012,14.9465758737972,7
8_#_BRCA_00634_TCGA-BH-A1FH-01Z-00-DX1,14.8595626068355,-11.6417430208152,4
7_#_BRCA_00634_TCGA-BH-A1FH-01Z-00-DX1,14.0839591702642,-9.39248637394349,4
6_#_BRCA_00634_TCGA-BH-A1FH-01Z-00-DX1,-23.9608526075909,2.02011952899334,5
0_#_BRCA_00635_TCGA-BH-A1FJ-01Z-00-DX1,-11.8749658407565,-17.6431972131428,2
1_#_BRCA_00635_TCGA-BH-A1FJ-01Z-00-DX1,33.5982959481638,17.8690612429065,7
2_#_BRCA_00635_TCGA-BH-A1FJ-01Z-00-DX1,7.48485142033707,5.57790806501325,1
5_#_BRCA_00635_TCGA-BH-A1FJ-01Z-00-DX1,7.12501440759396,2.04598267138068,1
3_#_BRCA_00635_TCGA-BH-A1FJ-01Z-00-DX1,12.9747357008288,15.9008288636551,1
6_#_BRCA_00635_TCGA-BH-A1FJ-01Z-00-DX1,-12.1811916648643,-18.41466574662,2
4_#_BRCA_00635_TCGA-BH-A1FJ-01Z-00-DX1,4.63211243891009,-26.1118058280825,9
0_#_BRCA_00636_TCGA-BH-A1FL-01Z-00-DX1,10.8508656246456,18.513902772566,1
1_#_BRCA_00636_TCGA-BH-A1FL-01Z-00-DX1,11.6891738391496,19.606167612765,1
2_#_BRCA_00636_TCGA-BH-A1FL-01Z-00-DX1,2.87244505900271,14.4160477576187,1
4_#_BRCA_00636_TCGA-BH-A1FL-01Z-00-DX1,18.4759394436898,0.751567045699341,4
3_#_BRCA_00636_TCGA-BH-A1FL-01Z-00-DX1,26.2359550174113,16.5099094444487,7
0_#_BRCA_00637_TCGA-BH-A1FM-01Z-00-DX1,2.91371234674612,5.89527720589211,1
1_#_BRCA_00637_TCGA-BH-A1FM-01Z-00-DX1,26.4608210903865,10.2582856187743,7
4_#_BRCA_00637_TCGA-BH-A1FM-01Z-00-DX1,2.60461685455153,11.0796443831859,1
3_#_BRCA_00637_TCGA-BH-A1FM-01Z-00-DX1,27.3762347079115,-8.43247573264442,4
5_#_BRCA_00637_TCGA-BH-A1FM-01Z-00-DX1,3.79026609189059,6.58168200604272,1
2_#_BRCA_00637_TCGA-BH-A1FM-01Z-00-DX1,4.4980283887554,9.85657484918384,1
6_#_BRCA_00637_TCGA-BH-A1FM-01Z-00-DX1,32.9708412558241,-10.4537821112322,4
0_#_BRCA_00638_TCGA-BH-A1FN-01Z-00-DX1,4.97881394237145,20.4079139465753,1
4_#_BRCA_00638_TCGA-BH-A1FN-01Z-00-DX1,5.29805827416444,16.1978951810917,1
2_#_BRCA_00638_TCGA-BH-A1FN-01Z-00-DX1,25.132838828208,4.83852880818678,7
1_#_BRCA_00638_TCGA-BH-A1FN-01Z-00-DX1,5.10480977165361,20.251334578074,1
3_#_BRCA_00638_TCGA-BH-A1FN-01Z-00-DX1,-15.2123740283188,0.566816124563192,9
5_#_BRCA_00638_TCGA-BH-A1FN-01Z-00-DX1,-3.17691794508628,-9.40176947165931,5
0_#_BRCA_00639_TCGA-BH-A1FR-01Z-00-DX1,-22.4507559932552,-24.1592923246628,2
1_#_BRCA_00639_TCGA-BH-A1FR-01Z-00-DX1,-2.97312045236792,-2.45396615612034,2
8_#_BRCA_00639_TCGA-BH-A1FR-01Z-00-DX1,-22.4516835278867,-24.1800581448241,2
6_#_BRCA_00639_TCGA-BH-A1FR-01Z-00-DX1,2.33871006475026,11.6492961479789,1
3_#_BRCA_00639_TCGA-BH-A1FR-01Z-00-DX1,25.2878242107951,9.91554533120708,7
5_#_BRCA_00639_TCGA-BH-A1FR-01Z-00-DX1,17.7646021709983,-9.80759578387014,4
2_#_BRCA_00639_TCGA-BH-A1FR-01Z-00-DX1,14.5356417599233,-7.09041050744622,4
4_#_BRCA_00639_TCGA-BH-A1FR-01Z-00-DX1,-12.2552449486659,-10.3434847781423,2
0_#_BRCA_00640_TCGA-BH-A1FU-01Z-00-DX1,23.5411118713316,4.53962020042083,7
1_#_BRCA_00640_TCGA-BH-A1FU-01Z-00-DX1,5.38981901048625,30.9453982966223,6
2_#_BRCA_00640_TCGA-BH-A1FU-01Z-00-DX1,32.2505876605917,4.55653069076951,7
3_#_BRCA_00640_TCGA-BH-A1FU-01Z-00-DX1,30.7920046495671,19.7393745352789,7
4_#_BRCA_00640_TCGA-BH-A1FU-01Z-00-DX1,34.6035955970866,13.516420746104,7
5_#_BRCA_00640_TCGA-BH-A1FU-01Z-00-DX1,23.2969114160971,4.71250619796791,7
6_#_BRCA_00640_TCGA-BH-A1FU-01Z-00-DX1,23.9394087958064,4.56175821261948,7
4_#_BRCA_00641_TCGA-BH-A201-01Z-00-DX1,17.6554697042846,-0.648384230687367,4
0_#_BRCA_00641_TCGA-BH-A201-01Z-00-DX1,19.194511363741,-7.20867663186208,4
3_#_BRCA_00641_TCGA-BH-A201-01Z-00-DX1,28.3300320027631,13.3030145622718,7
1_#_BRCA_00641_TCGA-BH-A201-01Z-00-DX1,30.7250773903191,2.38197846000968,7
5_#_BRCA_00641_TCGA-BH-A201-01Z-00-DX1,15.2673979273232,-5.78435227440964,4
2_#_BRCA_00641_TCGA-BH-A201-01Z-00-DX1,-23.8703931902843,18.7989543538475,5
6_#_BRCA_00641_TCGA-BH-A201-01Z-00-DX1,19.2250655904759,-2.66215661752925,4
0_#_BRCA_00642_TCGA-BH-A202-01Z-00-DX1,-22.4612649010735,7.44605125211259,5
1_#_BRCA_00642_TCGA-BH-A202-01Z-00-DX1,22.6472134674621,-5.63605850796964,4
4_#_BRCA_00642_TCGA-BH-A202-01Z-00-DX1,-26.0146766533318,4.9489780429837,5
3_#_BRCA_00642_TCGA-BH-A202-01Z-00-DX1,-26.12088738464,4.76322428068121,2
2_#_BRCA_00642_TCGA-BH-A202-01Z-00-DX1,15.0066666891546,0.918128963643747,6
7_#_BRCA_00642_TCGA-BH-A202-01Z-00-DX1,-5.19127390180151,-28.3872667411587,2
6_#_BRCA_00642_TCGA-BH-A202-01Z-00-DX1,-12.9506822433861,-24.587442163093,2
5_#_BRCA_00642_TCGA-BH-A202-01Z-00-DX1,-17.6117279313047,30.0463454827368,6
1_#_BRCA_00643_TCGA-BH-A203-01Z-00-DX1,1.69822814540686,6.86939249852146,1
0_#_BRCA_00643_TCGA-BH-A203-01Z-00-DX1,1.38918170144473,6.71635758212119,5
2_#_BRCA_00643_TCGA-BH-A203-01Z-00-DX1,18.6417691566639,-10.3367488284545,4
3_#_BRCA_00643_TCGA-BH-A203-01Z-00-DX1,1.30393795800542,10.2469749282815,1
5_#_BRCA_00643_TCGA-BH-A203-01Z-00-DX1,3.82962273970329,12.2620694362935,1
4_#_BRCA_00643_TCGA-BH-A203-01Z-00-DX1,4.42960786815888,6.85578309133424,1
1_#_BRCA_00644_TCGA-BH-A204-01Z-00-DX1,18.4418332632596,16.4685781024815,7
0_#_BRCA_00644_TCGA-BH-A204-01Z-00-DX1,11.5940287596502,19.4667394410691,1
2_#_BRCA_00644_TCGA-BH-A204-01Z-00-DX1,-11.2386001775662,-16.6744346665219,2
3_#_BRCA_00644_TCGA-BH-A204-01Z-00-DX1,11.9676784252421,10.5980697713747,1
4_#_BRCA_00644_TCGA-BH-A204-01Z-00-DX1,12.0787822715745,10.6158351790007,1
6_#_BRCA_00644_TCGA-BH-A204-01Z-00-DX1,9.94664510701793,18.306272544514,1
5_#_BRCA_00644_TCGA-BH-A204-01Z-00-DX1,11.8498192619259,10.5861683408509,1
7_#_BRCA_00644_TCGA-BH-A204-01Z-00-DX1,11.2972990829411,-4.65165610656855,1
4_#_BRCA_00645_TCGA-BH-A208-01Z-00-DX1,36.8854503207044,-7.84910832022854,4
1_#_BRCA_00645_TCGA-BH-A208-01Z-00-DX1,27.6137785362709,2.95335304969151,4
3_#_BRCA_00645_TCGA-BH-A208-01Z-00-DX1,31.8993911528113,-1.65711199335703,4
5_#_BRCA_00645_TCGA-BH-A208-01Z-00-DX1,11.0820478626406,4.22088831227403,1
0_#_BRCA_00645_TCGA-BH-A208-01Z-00-DX1,12.8825894314222,4.21335721696923,4
2_#_BRCA_00645_TCGA-BH-A208-01Z-00-DX1,12.889061160586,4.40844098499038,4
6_#_BRCA_00645_TCGA-BH-A208-01Z-00-DX1,6.31424833266152,14.8089504199965,1
1_#_BRCA_00646_TCGA-BH-A209-01Z-00-DX1,-11.2083415643229,22.5833640113414,7
0_#_BRCA_00646_TCGA-BH-A209-01Z-00-DX1,5.15741206343003,2.30277332885399,7
2_#_BRCA_00646_TCGA-BH-A209-01Z-00-DX1,2.78235151458708,35.3458609670421,7
5_#_BRCA_00646_TCGA-BH-A209-01Z-00-DX1,-14.1395506441643,-14.9999442391457,2
3_#_BRCA_00646_TCGA-BH-A209-01Z-00-DX1,30.595309871246,4.58050866278599,7
6_#_BRCA_00646_TCGA-BH-A209-01Z-00-DX1,-11.1981688083436,22.5901566234507,6
4_#_BRCA_00646_TCGA-BH-A209-01Z-00-DX1,-14.1801044399402,-15.0596327172974,2
1_#_BRCA_00647_TCGA-BH-A28O-01Z-00-DX1,21.0724676418528,2.1858408515028,6
0_#_BRCA_00647_TCGA-BH-A28O-01Z-00-DX1,-4.57618473121004,32.4167376031886,6
2_#_BRCA_00647_TCGA-BH-A28O-01Z-00-DX1,23.6617947475554,-11.6422539421093,4
4_#_BRCA_00647_TCGA-BH-A28O-01Z-00-DX1,30.3123546432233,-16.4190134605174,2
7_#_BRCA_00647_TCGA-BH-A28O-01Z-00-DX1,-10.1936116048346,36.8577222284154,6
6_#_BRCA_00647_TCGA-BH-A28O-01Z-00-DX1,19.7771586398896,-5.09697320658851,4
5_#_BRCA_00647_TCGA-BH-A28O-01Z-00-DX1,13.1914180217183,-17.1906700911018,4
3_#_BRCA_00647_TCGA-BH-A28O-01Z-00-DX1,10.1052274803951,-17.2870785446397,9
0_#_BRCA_00648_TCGA-BH-A28Q-01Z-00-DX1,-21.4878529485003,18.7616189687012,5
2_#_BRCA_00648_TCGA-BH-A28Q-01Z-00-DX1,10.2325882006154,-13.6046529497199,5
1_#_BRCA_00648_TCGA-BH-A28Q-01Z-00-DX1,24.2952080391506,10.5055022163553,7
4_#_BRCA_00648_TCGA-BH-A28Q-01Z-00-DX1,-21.6008535037003,18.8924212356709,5
3_#_BRCA_00648_TCGA-BH-A28Q-01Z-00-DX1,24.2815952320154,10.4688245576428,7
0_#_BRCA_00649_TCGA-BH-A2L8-01Z-00-DX1,-10.7431820585089,9.34227644135424,5
2_#_BRCA_00649_TCGA-BH-A2L8-01Z-00-DX1,-17.9460142818612,16.9348158374914,5
1_#_BRCA_00649_TCGA-BH-A2L8-01Z-00-DX1,-0.572370607931259,15.9421794269923,1
5_#_BRCA_00649_TCGA-BH-A2L8-01Z-00-DX1,-1.6752212506608,1.05447346002974,9
3_#_BRCA_00649_TCGA-BH-A2L8-01Z-00-DX1,1.29413448327993,4.43263276767655,1
4_#_BRCA_00649_TCGA-BH-A2L8-01Z-00-DX1,-8.48184347183136,13.1131955402472,5
0_#_BRCA_00650_TCGA-BH-A42T-01Z-00-DX1,31.0986015865049,-5.1833894157652,4
4_#_BRCA_00650_TCGA-BH-A42T-01Z-00-DX1,28.3027629100553,-6.94109200450773,4
1_#_BRCA_00650_TCGA-BH-A42T-01Z-00-DX1,17.5827227671439,-12.1151044650872,4
2_#_BRCA_00650_TCGA-BH-A42T-01Z-00-DX1,4.57797023099163,27.2743884891144,6
3_#_BRCA_00650_TCGA-BH-A42T-01Z-00-DX1,-14.9661749037276,-10.4031030189852,2
5_#_BRCA_00650_TCGA-BH-A42T-01Z-00-DX1,13.4856716871206,-16.9176966371584,4
7_#_BRCA_00650_TCGA-BH-A42T-01Z-00-DX1,31.2611303998549,-4.95387193540516,4
6_#_BRCA_00650_TCGA-BH-A42T-01Z-00-DX1,33.1188918367078,-13.2757373871127,4
1_#_BRCA_00651_TCGA-BH-A42U-01Z-00-DX1,21.715564927978,0.299578896843017,4
2_#_BRCA_00651_TCGA-BH-A42U-01Z-00-DX1,2.80780254946549,16.2884350596651,1
3_#_BRCA_00651_TCGA-BH-A42U-01Z-00-DX1,18.0966882418813,1.70938879384272,1
0_#_BRCA_00651_TCGA-BH-A42U-01Z-00-DX1,21.6986217678422,0.229434576524819,4
6_#_BRCA_00651_TCGA-BH-A42U-01Z-00-DX1,11.1161987746249,-10.7397033853791,2
4_#_BRCA_00651_TCGA-BH-A42U-01Z-00-DX1,-0.299570100031173,30.6588612320698,6
5_#_BRCA_00651_TCGA-BH-A42U-01Z-00-DX1,28.4146299297463,-14.4139560492072,4
0_#_BRCA_00652_TCGA-BH-A42V-01Z-00-DX1,10.244744583412,-18.8358750105632,9
1_#_BRCA_00652_TCGA-BH-A42V-01Z-00-DX1,9.84851471389267,-16.1452244541434,9
2_#_BRCA_00652_TCGA-BH-A42V-01Z-00-DX1,8.25028592712139,-5.53974131554222,4
5_#_BRCA_00652_TCGA-BH-A42V-01Z-00-DX1,-4.76117912245229,-13.668783000884,5
4_#_BRCA_00652_TCGA-BH-A42V-01Z-00-DX1,15.0321746393545,-17.1711420931003,4
3_#_BRCA_00652_TCGA-BH-A42V-01Z-00-DX1,7.51888584489654,0.588920651126424,1
6_#_BRCA_00652_TCGA-BH-A42V-01Z-00-DX1,9.5653917833168,-17.6464402903341,9
0_#_BRCA_00653_TCGA-BH-A5IZ-01Z-00-DX1,28.4281547993194,-11.7925612201551,4
1_#_BRCA_00653_TCGA-BH-A5IZ-01Z-00-DX1,-19.097872702613,6.29820368549754,5
2_#_BRCA_00653_TCGA-BH-A5IZ-01Z-00-DX1,-4.83781996357769,6.75463717316818,5
3_#_BRCA_00653_TCGA-BH-A5IZ-01Z-00-DX1,17.6603970806342,-2.76536379767213,4
4_#_BRCA_00653_TCGA-BH-A5IZ-01Z-00-DX1,-18.9668704071251,6.29498338461539,5
1_#_BRCA_00654_TCGA-BH-A5J0-01Z-00-DX1,-20.9613929632239,20.7408804826465,5
2_#_BRCA_00654_TCGA-BH-A5J0-01Z-00-DX1,24.7229356795406,-13.4485154147222,4
0_#_BRCA_00654_TCGA-BH-A5J0-01Z-00-DX1,30.5325463871311,-16.1537734849993,4
3_#_BRCA_00654_TCGA-BH-A5J0-01Z-00-DX1,-17.5923957850424,29.977265184207,6
4_#_BRCA_00654_TCGA-BH-A5J0-01Z-00-DX1,10.5404308647856,-17.5524245059484,9
5_#_BRCA_00654_TCGA-BH-A5J0-01Z-00-DX1,30.5320058029349,-16.1728355178683,4
6_#_BRCA_00654_TCGA-BH-A5J0-01Z-00-DX1,12.3448454385446,-17.685216853575,4
0_#_BRCA_00655_TCGA-C8-A12K-01Z-00-DX1,-15.0770181364983,-13.9537432651057,2
7_#_BRCA_00655_TCGA-C8-A12K-01Z-00-DX1,-14.6325217286772,-21.8867528490151,2
5_#_BRCA_00655_TCGA-C8-A12K-01Z-00-DX1,-14.8299863078335,-13.9127648759652,2
1_#_BRCA_00655_TCGA-C8-A12K-01Z-00-DX1,-14.631461480958,-22.068587977128,2
4_#_BRCA_00655_TCGA-C8-A12K-01Z-00-DX1,-15.6926462869099,-13.5467619528582,2
3_#_BRCA_00655_TCGA-C8-A12K-01Z-00-DX1,5.19564000235476,1.69799384946206,7
2_#_BRCA_00655_TCGA-C8-A12K-01Z-00-DX1,-15.5000990504866,-13.7027485459995,2
6_#_BRCA_00655_TCGA-C8-A12K-01Z-00-DX1,-15.0416965660446,-14.0942207748176,2
1_#_BRCA_00656_TCGA-C8-A12L-01Z-00-DX1,-8.32326201328924,-6.33003567072179,2
2_#_BRCA_00656_TCGA-C8-A12L-01Z-00-DX1,0.843010710736625,-21.4449506427693,2
0_#_BRCA_00656_TCGA-C8-A12L-01Z-00-DX1,7.60513827205821,8.75090266908778,1
4_#_BRCA_00656_TCGA-C8-A12L-01Z-00-DX1,-8.33261877713954,-6.31102762332146,2
3_#_BRCA_00656_TCGA-C8-A12L-01Z-00-DX1,-14.1458793367335,-13.048480759381,2
5_#_BRCA_00656_TCGA-C8-A12L-01Z-00-DX1,-8.39958010915175,-6.38026282877405,2
1_#_BRCA_00657_TCGA-C8-A12M-01Z-00-DX1,-15.6298171052262,-1.74610113392473,2
0_#_BRCA_00657_TCGA-C8-A12M-01Z-00-DX1,-15.5943080898837,-1.61714359545592,2
3_#_BRCA_00657_TCGA-C8-A12M-01Z-00-DX1,-15.7308369123849,-1.43694717963566,2
2_#_BRCA_00657_TCGA-C8-A12M-01Z-00-DX1,-15.6783055526244,-1.95361563172637,2
5_#_BRCA_00657_TCGA-C8-A12M-01Z-00-DX1,-15.6811738409156,-2.00295255452202,2
4_#_BRCA_00657_TCGA-C8-A12M-01Z-00-DX1,-15.6418509722902,-1.54620248528307,2
8_#_BRCA_00657_TCGA-C8-A12M-01Z-00-DX1,-14.1613611638321,-11.9541176923309,2
6_#_BRCA_00657_TCGA-C8-A12M-01Z-00-DX1,-14.234702848155,-12.3787542794748,2
7_#_BRCA_00657_TCGA-C8-A12M-01Z-00-DX1,-15.7092179613105,-2.01836176201369,2
0_#_BRCA_00658_TCGA-C8-A12N-01Z-00-DX1,-6.06446091431662,-7.33726376771414,2
1_#_BRCA_00658_TCGA-C8-A12N-01Z-00-DX1,6.76194870608988,9.96688980562656,1
2_#_BRCA_00658_TCGA-C8-A12N-01Z-00-DX1,6.90182964606237,10.0824174178544,1
3_#_BRCA_00658_TCGA-C8-A12N-01Z-00-DX1,6.97100718842434,10.344111878323,1
5_#_BRCA_00658_TCGA-C8-A12N-01Z-00-DX1,9.78853039326963,-10.435506694271,10
4_#_BRCA_00658_TCGA-C8-A12N-01Z-00-DX1,6.73814453451018,9.90962858650112,1
0_#_BRCA_00659_TCGA-C8-A12O-01Z-00-DX1,4.19711136975159,13.5165835552904,1
2_#_BRCA_00659_TCGA-C8-A12O-01Z-00-DX1,1.25682227418733,0.571528170375877,1
1_#_BRCA_00659_TCGA-C8-A12O-01Z-00-DX1,1.17384825502817,0.705199436481306,1
4_#_BRCA_00659_TCGA-C8-A12O-01Z-00-DX1,13.6528497473517,12.327054968638,1
3_#_BRCA_00659_TCGA-C8-A12O-01Z-00-DX1,4.36943297786303,13.6903647212332,1
5_#_BRCA_00659_TCGA-C8-A12O-01Z-00-DX1,4.12101999638471,13.5806747956493,1
0_#_BRCA_00660_TCGA-C8-A12P-01Z-00-DX1,0.805454506664511,-5.58427624441013,1
1_#_BRCA_00660_TCGA-C8-A12P-01Z-00-DX1,-6.64718227856585,-5.68229479251545,2
2_#_BRCA_00660_TCGA-C8-A12P-01Z-00-DX1,6.27775373287801,1.73846192169381,1
4_#_BRCA_00660_TCGA-C8-A12P-01Z-00-DX1,-7.22573195837472,-6.26620510681229,2
3_#_BRCA_00660_TCGA-C8-A12P-01Z-00-DX1,-6.88665709906226,-6.1043121777265,1
6_#_BRCA_00660_TCGA-C8-A12P-01Z-00-DX1,-7.18476657268138,-6.27461874362567,2
5_#_BRCA_00660_TCGA-C8-A12P-01Z-00-DX1,-6.6852806557773,-5.77600568363946,2
1_#_BRCA_00661_TCGA-C8-A12Q-01Z-00-DX1,-7.38186832374568,-6.77983610338612,2
0_#_BRCA_00661_TCGA-C8-A12Q-01Z-00-DX1,-7.70539542566808,-5.36432041623589,1
2_#_BRCA_00661_TCGA-C8-A12Q-01Z-00-DX1,3.02594481815223,-13.179803703668,1
3_#_BRCA_00661_TCGA-C8-A12Q-01Z-00-DX1,8.5747881971285,-10.1602651061007,10
4_#_BRCA_00661_TCGA-C8-A12Q-01Z-00-DX1,5.35170135182564,-4.96067281741515,10
5_#_BRCA_00661_TCGA-C8-A12Q-01Z-00-DX1,-7.97495182084816,-5.14607720334555,6
3_#_BRCA_00662_TCGA-C8-A12T-01Z-00-DX1,-4.16102702860932,15.8471560583193,1
2_#_BRCA_00662_TCGA-C8-A12T-01Z-00-DX1,-4.04354783437059,-4.87363576187593,2
1_#_BRCA_00662_TCGA-C8-A12T-01Z-00-DX1,-3.8168142615708,-4.32404337150042,2
0_#_BRCA_00662_TCGA-C8-A12T-01Z-00-DX1,0.996291196047149,0.595631060746173,1
4_#_BRCA_00662_TCGA-C8-A12T-01Z-00-DX1,33.7156533085778,1.8301296082918,1
5_#_BRCA_00662_TCGA-C8-A12T-01Z-00-DX1,-4.13522377229798,15.7255453650661,1
6_#_BRCA_00662_TCGA-C8-A12T-01Z-00-DX1,14.0566894112578,-21.4187885242355,4
0_#_BRCA_00663_TCGA-C8-A12U-01Z-00-DX1,4.26096854667777,14.7226100162171,1
6_#_BRCA_00663_TCGA-C8-A12U-01Z-00-DX1,1.83071223543815,-30.115627210679,9
7_#_BRCA_00663_TCGA-C8-A12U-01Z-00-DX1,4.39077559978084,14.8563408033827,1
4_#_BRCA_00663_TCGA-C8-A12U-01Z-00-DX1,1.22147328293261,0.731745578446903,1
1_#_BRCA_00663_TCGA-C8-A12U-01Z-00-DX1,7.41895540724954,4.90659604700034,1
5_#_BRCA_00663_TCGA-C8-A12U-01Z-00-DX1,4.59306349643476,14.8661209119593,1
3_#_BRCA_00663_TCGA-C8-A12U-01Z-00-DX1,7.2988536040339,4.99552312008321,1
2_#_BRCA_00663_TCGA-C8-A12U-01Z-00-DX1,9.21630943331063,-6.78255994444266,10
0_#_BRCA_00664_TCGA-C8-A12V-01Z-00-DX1,-12.9317084195299,10.4222331754413,5
2_#_BRCA_00664_TCGA-C8-A12V-01Z-00-DX1,-13.0240865105004,10.4544346300206,5
1_#_BRCA_00664_TCGA-C8-A12V-01Z-00-DX1,4.14905086795156,14.3504461270923,1
3_#_BRCA_00664_TCGA-C8-A12V-01Z-00-DX1,-2.35204149399357,-5.45126810659878,1
4_#_BRCA_00664_TCGA-C8-A12V-01Z-00-DX1,-1.96716116590691,15.8866384030387,1
6_#_BRCA_00664_TCGA-C8-A12V-01Z-00-DX1,4.16322250173359,13.989522384718,1
5_#_BRCA_00664_TCGA-C8-A12V-01Z-00-DX1,-2.09598927206087,-23.2372454929832,9
1_#_BRCA_00665_TCGA-C8-A12W-01Z-00-DX1,-3.1192129473504,-4.49448920013984,2
0_#_BRCA_00665_TCGA-C8-A12W-01Z-00-DX1,-2.65482557940169,-4.55232749284724,1
2_#_BRCA_00665_TCGA-C8-A12W-01Z-00-DX1,-12.7975810116363,-13.3120215386588,2
3_#_BRCA_00665_TCGA-C8-A12W-01Z-00-DX1,33.3471299582845,7.96530567907626,7
5_#_BRCA_00665_TCGA-C8-A12W-01Z-00-DX1,-2.87614240025704,-4.7289476760841,6
4_#_BRCA_00665_TCGA-C8-A12W-01Z-00-DX1,9.90918638641689,-10.347399228768,1
3_#_BRCA_00666_TCGA-C8-A12X-01Z-00-DX1,2.34810776145564,-30.4564285437356,9
2_#_BRCA_00666_TCGA-C8-A12X-01Z-00-DX1,3.18134881318861,-31.0728392661556,9
4_#_BRCA_00666_TCGA-C8-A12X-01Z-00-DX1,1.71330253004565,-30.1291886823098,9
0_#_BRCA_00666_TCGA-C8-A12X-01Z-00-DX1,2.1057256316456,-29.7633821478198,9
1_#_BRCA_00666_TCGA-C8-A12X-01Z-00-DX1,1.99351552293777,-30.9118781420107,9
5_#_BRCA_00666_TCGA-C8-A12X-01Z-00-DX1,1.90991841433383,-29.3187117470091,9
8_#_BRCA_00666_TCGA-C8-A12X-01Z-00-DX1,3.96303924175836,-31.2012717884917,9
6_#_BRCA_00666_TCGA-C8-A12X-01Z-00-DX1,-2.5233630755251,-27.4680581437402,2
7_#_BRCA_00666_TCGA-C8-A12X-01Z-00-DX1,-10.4665693661452,-18.6691602947847,2
0_#_BRCA_00667_TCGA-C8-A12Y-01Z-00-DX1,5.62138669453468,-1.75818125447139,1
3_#_BRCA_00667_TCGA-C8-A12Y-01Z-00-DX1,3.72056163104195,5.41150957450825,1
4_#_BRCA_00667_TCGA-C8-A12Y-01Z-00-DX1,-7.47949992740354,-7.45716666560224,2
2_#_BRCA_00667_TCGA-C8-A12Y-01Z-00-DX1,5.82035162535772,-5.40125865169546,10
5_#_BRCA_00667_TCGA-C8-A12Y-01Z-00-DX1,10.5820257978385,7.1749332716524,1
1_#_BRCA_00667_TCGA-C8-A12Y-01Z-00-DX1,-7.49982037964335,-7.12619932109457,2
7_#_BRCA_00667_TCGA-C8-A12Y-01Z-00-DX1,-7.52678998093054,-6.71189541689066,2
8_#_BRCA_00667_TCGA-C8-A12Y-01Z-00-DX1,3.26545052694099,-13.1040396833559,5
6_#_BRCA_00667_TCGA-C8-A12Y-01Z-00-DX1,-6.06630143375671,-7.47675366973831,2
0_#_BRCA_00668_TCGA-C8-A12Z-01Z-00-DX1,-9.8248121856251,17.6424800876114,1
1_#_BRCA_00668_TCGA-C8-A12Z-01Z-00-DX1,-8.60951833543435,20.8258180113683,1
3_#_BRCA_00668_TCGA-C8-A12Z-01Z-00-DX1,-6.30816106046092,19.5420693295138,1
2_#_BRCA_00668_TCGA-C8-A12Z-01Z-00-DX1,-9.57090434518189,20.302004164103,1
4_#_BRCA_00668_TCGA-C8-A12Z-01Z-00-DX1,10.7812841046342,-7.20255090748395,1
6_#_BRCA_00668_TCGA-C8-A12Z-01Z-00-DX1,-9.76891056397304,17.4632108439831,1
5_#_BRCA_00668_TCGA-C8-A12Z-01Z-00-DX1,18.8088867270244,-17.332159712449,10
7_#_BRCA_00668_TCGA-C8-A12Z-01Z-00-DX1,-3.85659596367656,-4.01535199261862,2
0_#_BRCA_00669_TCGA-C8-A130-01Z-00-DX1,9.43199413017008,16.4025867119617,1
1_#_BRCA_00669_TCGA-C8-A130-01Z-00-DX1,10.2322775210223,16.3772041334085,1
5_#_BRCA_00669_TCGA-C8-A130-01Z-00-DX1,3.32042453903739,24.2491975519932,1
2_#_BRCA_00669_TCGA-C8-A130-01Z-00-DX1,9.69925542165646,16.3129129110215,1
3_#_BRCA_00669_TCGA-C8-A130-01Z-00-DX1,10.0002304159905,16.4333661574808,1
6_#_BRCA_00669_TCGA-C8-A130-01Z-00-DX1,10.1386729253203,16.0499209739309,1
4_#_BRCA_00669_TCGA-C8-A130-01Z-00-DX1,9.69679402234831,15.8697259429218,1
0_#_BRCA_00670_TCGA-C8-A131-01Z-00-DX1,-8.73570844845229,18.9337549389099,1
1_#_BRCA_00670_TCGA-C8-A131-01Z-00-DX1,-6.5997300533012,16.1858344170411,1
2_#_BRCA_00670_TCGA-C8-A131-01Z-00-DX1,-9.07526112229761,18.3087529227716,1
4_#_BRCA_00670_TCGA-C8-A131-01Z-00-DX1,-9.12614773399609,20.4529757147772,1
5_#_BRCA_00670_TCGA-C8-A131-01Z-00-DX1,-12.6154625524087,1.28836521081495,1
3_#_BRCA_00670_TCGA-C8-A131-01Z-00-DX1,-8.74104142073782,21.5292931337791,1
6_#_BRCA_00670_TCGA-C8-A131-01Z-00-DX1,-8.72226551121116,20.9408056060747,1
3_#_BRCA_00671_TCGA-C8-A132-01Z-00-DX1,-7.51689388266544,20.9928403001792,1
2_#_BRCA_00671_TCGA-C8-A132-01Z-00-DX1,-9.26127899289059,35.8110888815231,1
1_#_BRCA_00671_TCGA-C8-A132-01Z-00-DX1,-7.5761105618971,21.1064129760858,1
0_#_BRCA_00671_TCGA-C8-A132-01Z-00-DX1,-9.41325605963301,36.0141561034246,6
5_#_BRCA_00671_TCGA-C8-A132-01Z-00-DX1,-7.13575792368165,20.5237936148367,1
4_#_BRCA_00671_TCGA-C8-A132-01Z-00-DX1,10.3880379556228,-7.00915938039232,1
6_#_BRCA_00671_TCGA-C8-A132-01Z-00-DX1,-6.25108825840379,18.3874806169832,1
0_#_BRCA_00672_TCGA-C8-A133-01Z-00-DX1,11.2378983606645,-21.201277529926,9
1_#_BRCA_00672_TCGA-C8-A133-01Z-00-DX1,8.07824690019172,-20.0471732360249,9
2_#_BRCA_00672_TCGA-C8-A133-01Z-00-DX1,-3.01044561974539,-24.245167264044,9
3_#_BRCA_00672_TCGA-C8-A133-01Z-00-DX1,-19.2108533907093,-27.5565747427522,2
4_#_BRCA_00672_TCGA-C8-A133-01Z-00-DX1,-15.2375220715749,0.814337594250001,9
5_#_BRCA_00672_TCGA-C8-A133-01Z-00-DX1,-6.94118384431736,-40.1873933790317,11
7_#_BRCA_00672_TCGA-C8-A133-01Z-00-DX1,7.9700010104789,-19.8483630353962,9
6_#_BRCA_00672_TCGA-C8-A133-01Z-00-DX1,-1.16817160230029,-27.765536946931,9
5_#_BRCA_00673_TCGA-C8-A134-01Z-00-DX1,-8.90399392172965,18.5919641265905,1
0_#_BRCA_00673_TCGA-C8-A134-01Z-00-DX1,-9.3267934262629,17.8294719726025,1
1_#_BRCA_00673_TCGA-C8-A134-01Z-00-DX1,-9.25941718068882,16.2411962242665,5
7_#_BRCA_00673_TCGA-C8-A134-01Z-00-DX1,-3.97245677911092,-4.09841741042064,1
6_#_BRCA_00673_TCGA-C8-A134-01Z-00-DX1,-1.8805155320283,-26.0802368207828,9
4_#_BRCA_00673_TCGA-C8-A134-01Z-00-DX1,-8.2211561943011,17.6866680816325,1
3_#_BRCA_00673_TCGA-C8-A134-01Z-00-DX1,-9.8078425401689,19.2548867951896,1
2_#_BRCA_00673_TCGA-C8-A134-01Z-00-DX1,-9.40590838072721,19.3535479051254,1
0_#_BRCA_00674_TCGA-C8-A135-01Z-00-DX1,-8.73484021264619,17.858613355229,1
1_#_BRCA_00674_TCGA-C8-A135-01Z-00-DX1,-9.32193550281262,17.5358870329308,1
2_#_BRCA_00674_TCGA-C8-A135-01Z-00-DX1,-5.68356889243251,17.8593837994386,1
4_#_BRCA_00674_TCGA-C8-A135-01Z-00-DX1,-6.40571666511813,19.4888994408949,1
3_#_BRCA_00674_TCGA-C8-A135-01Z-00-DX1,-7.41013562689083,20.8966267380242,1
5_#_BRCA_00674_TCGA-C8-A135-01Z-00-DX1,-8.40910055061353,20.9144959030833,1
6_#_BRCA_00674_TCGA-C8-A135-01Z-00-DX1,23.0646001950188,-1.42942812647676,4
7_#_BRCA_00674_TCGA-C8-A135-01Z-00-DX1,11.3193897550872,-18.2571679876266,9
1_#_BRCA_00675_TCGA-C8-A137-01Z-00-DX1,-5.36521292732112,18.5431213388246,1
2_#_BRCA_00675_TCGA-C8-A137-01Z-00-DX1,-5.64624558476708,18.9542084786478,1
4_#_BRCA_00675_TCGA-C8-A137-01Z-00-DX1,-5.33535625171466,18.2839457143782,1
0_#_BRCA_00675_TCGA-C8-A137-01Z-00-DX1,-5.25384103479283,18.3354325777072,1
3_#_BRCA_00675_TCGA-C8-A137-01Z-00-DX1,-5.31502452173496,18.1736811216107,1
5_#_BRCA_00675_TCGA-C8-A137-01Z-00-DX1,-7.05840191162779,20.2758288895987,1
0_#_BRCA_00676_TCGA-C8-A138-01Z-00-DX1,-8.09163379587232,20.7250075016057,1
1_#_BRCA_00676_TCGA-C8-A138-01Z-00-DX1,-6.55521880949765,19.5993584445073,1
2_#_BRCA_00676_TCGA-C8-A138-01Z-00-DX1,-5.51649790315282,18.0318123680459,1
3_#_BRCA_00676_TCGA-C8-A138-01Z-00-DX1,-8.49858088011331,21.6472402042495,1
6_#_BRCA_00676_TCGA-C8-A138-01Z-00-DX1,-5.39966006443004,19.5212184557281,1
4_#_BRCA_00676_TCGA-C8-A138-01Z-00-DX1,-8.35416830266589,21.4097931276171,1
7_#_BRCA_00676_TCGA-C8-A138-01Z-00-DX1,-5.7983137436654,18.2653703609158,1
5_#_BRCA_00676_TCGA-C8-A138-01Z-00-DX1,-8.71702779974943,15.250046345557,5
0_#_BRCA_00677_TCGA-C8-A1HE-01Z-00-DX1,5.87399544924427,-1.33893314798786,1
1_#_BRCA_00677_TCGA-C8-A1HE-01Z-00-DX1,32.8738768922387,13.657438575576,7
2_#_BRCA_00677_TCGA-C8-A1HE-01Z-00-DX1,5.95529130020209,-1.52105475773584,1
3_#_BRCA_00677_TCGA-C8-A1HE-01Z-00-DX1,12.3976985081663,2.51234964524098,1
4_#_BRCA_00677_TCGA-C8-A1HE-01Z-00-DX1,-15.0854415822024,27.2510371895448,6
6_#_BRCA_00677_TCGA-C8-A1HE-01Z-00-DX1,6.99892445246942,10.2064002231274,1
5_#_BRCA_00677_TCGA-C8-A1HE-01Z-00-DX1,-10.2197559008821,-21.0682484338432,2
0_#_BRCA_00678_TCGA-C8-A1HF-01Z-00-DX1,7.58573439777402,10.7289493110396,1
3_#_BRCA_00678_TCGA-C8-A1HF-01Z-00-DX1,7.51501798937578,9.39748726895167,1
1_#_BRCA_00678_TCGA-C8-A1HF-01Z-00-DX1,33.6264396579763,1.87064595307995,1
2_#_BRCA_00678_TCGA-C8-A1HF-01Z-00-DX1,4.02948595278976,14.4107643000934,1
5_#_BRCA_00678_TCGA-C8-A1HF-01Z-00-DX1,4.38210880376256,14.8150971234001,1
4_#_BRCA_00678_TCGA-C8-A1HF-01Z-00-DX1,3.78729781089168,21.8017751106394,1
6_#_BRCA_00678_TCGA-C8-A1HF-01Z-00-DX1,12.4298668808845,-17.8687182399945,4
0_#_BRCA_00679_TCGA-C8-A1HG-01Z-00-DX1,2.09275997534498,2.52413280674164,1
1_#_BRCA_00679_TCGA-C8-A1HG-01Z-00-DX1,7.946459089734,10.783392576523,1
5_#_BRCA_00679_TCGA-C8-A1HG-01Z-00-DX1,-6.5329231824714,15.6680086089668,6
3_#_BRCA_00679_TCGA-C8-A1HG-01Z-00-DX1,4.90496717044269,4.6076139486864,1
2_#_BRCA_00679_TCGA-C8-A1HG-01Z-00-DX1,-3.81217551261876,-5.77292370152548,2
7_#_BRCA_00679_TCGA-C8-A1HG-01Z-00-DX1,7.68071162141875,10.782075764896,1
4_#_BRCA_00679_TCGA-C8-A1HG-01Z-00-DX1,4.79714371922891,4.80252931803467,1
6_#_BRCA_00679_TCGA-C8-A1HG-01Z-00-DX1,3.8674613816276,21.8094029871652,1
0_#_BRCA_00680_TCGA-C8-A1HI-01Z-00-DX1,6.58082891060079,-10.7525051053132,10
6_#_BRCA_00680_TCGA-C8-A1HI-01Z-00-DX1,-7.449386049197,-7.93730548191991,2
7_#_BRCA_00680_TCGA-C8-A1HI-01Z-00-DX1,18.59328890388,-18.4693836401558,10
2_#_BRCA_00680_TCGA-C8-A1HI-01Z-00-DX1,-7.45944801411942,-7.77066438977605,2
4_#_BRCA_00680_TCGA-C8-A1HI-01Z-00-DX1,-7.90996254235261,-7.33209473678278,2
5_#_BRCA_00680_TCGA-C8-A1HI-01Z-00-DX1,-7.977865577385,-7.33853346882353,2
3_#_BRCA_00680_TCGA-C8-A1HI-01Z-00-DX1,-7.4515841967668,-7.86832953363227,2
1_#_BRCA_00680_TCGA-C8-A1HI-01Z-00-DX1,-7.62643270258765,-6.74143426198784,2
8_#_BRCA_00680_TCGA-C8-A1HI-01Z-00-DX1,5.25639853333995,-1.32775177653759,1
1_#_BRCA_00681_TCGA-C8-A1HJ-01Z-00-DX1,-12.3059590238628,-9.07278051062595,2
0_#_BRCA_00681_TCGA-C8-A1HJ-01Z-00-DX1,-8.5635064690871,9.78604881499153,2
3_#_BRCA_00681_TCGA-C8-A1HJ-01Z-00-DX1,-12.3964095606447,-9.05527169961145,2
5_#_BRCA_00681_TCGA-C8-A1HJ-01Z-00-DX1,-1.80946273729344,1.17399966407,2
2_#_BRCA_00681_TCGA-C8-A1HJ-01Z-00-DX1,24.7284104711725,-11.1975080550485,4
4_#_BRCA_00681_TCGA-C8-A1HJ-01Z-00-DX1,4.67869396644611,4.98381752144689,1
1_#_BRCA_00682_TCGA-C8-A1HK-01Z-00-DX1,-7.42390413271683,-6.99255613549361,2
2_#_BRCA_00682_TCGA-C8-A1HK-01Z-00-DX1,32.7464138050785,13.9839400025112,7
0_#_BRCA_00682_TCGA-C8-A1HK-01Z-00-DX1,-5.9956149553649,-6.24487915741457,2
4_#_BRCA_00682_TCGA-C8-A1HK-01Z-00-DX1,-15.0381135390168,-14.0064751058333,2
5_#_BRCA_00682_TCGA-C8-A1HK-01Z-00-DX1,-7.38349875746407,-7.26205965725876,2
3_#_BRCA_00682_TCGA-C8-A1HK-01Z-00-DX1,-15.1362988979943,-14.0938040958343,2
0_#_BRCA_00683_TCGA-C8-A1HL-01Z-00-DX1,-9.50082519057731,-17.8605106936976,2
2_#_BRCA_00683_TCGA-C8-A1HL-01Z-00-DX1,-9.72607593393447,-17.6318398980902,2
1_#_BRCA_00683_TCGA-C8-A1HL-01Z-00-DX1,-9.6271992263404,-16.7268080384229,2
3_#_BRCA_00683_TCGA-C8-A1HL-01Z-00-DX1,-9.52009502172613,-17.2656332753435,2
6_#_BRCA_00683_TCGA-C8-A1HL-01Z-00-DX1,7.18484080355872,-4.38063203215367,1
4_#_BRCA_00683_TCGA-C8-A1HL-01Z-00-DX1,0.578656130935757,-23.4646833468658,2
7_#_BRCA_00683_TCGA-C8-A1HL-01Z-00-DX1,-9.31101035743746,-18.4212868816091,2
5_#_BRCA_00683_TCGA-C8-A1HL-01Z-00-DX1,-9.42957734240342,-17.7699495606032,2
1_#_BRCA_00684_TCGA-C8-A1HM-01Z-00-DX1,-5.86333222726127,17.7168608724967,1
0_#_BRCA_00684_TCGA-C8-A1HM-01Z-00-DX1,-10.4415860365309,21.3384023999434,2
2_#_BRCA_00684_TCGA-C8-A1HM-01Z-00-DX1,-6.71182457786201,17.0006357759169,1
5_#_BRCA_00684_TCGA-C8-A1HM-01Z-00-DX1,-10.3554176197212,21.3716712026991,1
6_#_BRCA_00684_TCGA-C8-A1HM-01Z-00-DX1,-10.5968260269921,21.6704823982461,6
3_#_BRCA_00684_TCGA-C8-A1HM-01Z-00-DX1,-14.615858527959,-5.37512181592032,2
4_#_BRCA_00684_TCGA-C8-A1HM-01Z-00-DX1,-7.01165268425729,18.2720382469055,1
0_#_BRCA_00685_TCGA-C8-A1HN-01Z-00-DX1,9.18639237284411,22.3606668498699,1
2_#_BRCA_00685_TCGA-C8-A1HN-01Z-00-DX1,-5.55168432995463,18.4092482817735,1
1_#_BRCA_00685_TCGA-C8-A1HN-01Z-00-DX1,-3.81723195120344,25.5357518717678,1
3_#_BRCA_00685_TCGA-C8-A1HN-01Z-00-DX1,-8.62891312845801,22.1797591160018,1
4_#_BRCA_00685_TCGA-C8-A1HN-01Z-00-DX1,8.87221000969254,22.1968189825862,1
5_#_BRCA_00685_TCGA-C8-A1HN-01Z-00-DX1,-2.79792673874047,21.5977140066126,1
6_#_BRCA_00685_TCGA-C8-A1HN-01Z-00-DX1,10.6290043779693,2.61950839329076,1
1_#_BRCA_00686_TCGA-C8-A1HO-01Z-00-DX1,-8.41090991458482,15.3661480173153,5
3_#_BRCA_00686_TCGA-C8-A1HO-01Z-00-DX1,8.97078623779946,20.5310995969853,1
0_#_BRCA_00686_TCGA-C8-A1HO-01Z-00-DX1,8.78893944096994,19.762200162199,1
5_#_BRCA_00686_TCGA-C8-A1HO-01Z-00-DX1,-6.37202905738846,17.3623966357937,1
6_#_BRCA_00686_TCGA-C8-A1HO-01Z-00-DX1,-6.95411050198835,18.3492761043319,1
2_#_BRCA_00686_TCGA-C8-A1HO-01Z-00-DX1,-6.84760748293173,18.2641986997353,1
4_#_BRCA_00686_TCGA-C8-A1HO-01Z-00-DX1,8.6713398365922,19.7058393272707,1
1_#_BRCA_00687_TCGA-C8-A26V-01Z-00-DX1,-10.1315049561261,21.0546707316966,1
5_#_BRCA_00687_TCGA-C8-A26V-01Z-00-DX1,-9.42545369734823,20.5220283129387,1
2_#_BRCA_00687_TCGA-C8-A26V-01Z-00-DX1,-6.35894334659383,17.7247116304788,1
3_#_BRCA_00687_TCGA-C8-A26V-01Z-00-DX1,-5.60841980537079,17.8338662505751,1
0_#_BRCA_00687_TCGA-C8-A26V-01Z-00-DX1,-8.88446635476363,19.0335148825523,1
6_#_BRCA_00687_TCGA-C8-A26V-01Z-00-DX1,-8.79257943394495,19.5911357301504,1
4_#_BRCA_00687_TCGA-C8-A26V-01Z-00-DX1,-10.041216675556,17.560075137717,1
2_#_BRCA_00688_TCGA-C8-A26W-01Z-00-DX1,-4.71270051434125,17.2693643069541,1
1_#_BRCA_00688_TCGA-C8-A26W-01Z-00-DX1,-4.66922165575151,17.2074295420754,1
0_#_BRCA_00688_TCGA-C8-A26W-01Z-00-DX1,-3.30758180970651,24.5858897650369,1
3_#_BRCA_00688_TCGA-C8-A26W-01Z-00-DX1,-4.17683737555364,25.6557097561717,1
5_#_BRCA_00688_TCGA-C8-A26W-01Z-00-DX1,-3.41160469821157,24.5526814067062,1
8_#_BRCA_00688_TCGA-C8-A26W-01Z-00-DX1,6.58310268103918,-2.28114598291051,1
4_#_BRCA_00688_TCGA-C8-A26W-01Z-00-DX1,-4.13371005854708,25.6515174714478,1
7_#_BRCA_00688_TCGA-C8-A26W-01Z-00-DX1,10.4292192739389,-7.10895215227523,1
6_#_BRCA_00688_TCGA-C8-A26W-01Z-00-DX1,-15.5772255889163,-1.26707579335328,2
2_#_BRCA_00689_TCGA-C8-A26X-01Z-00-DX1,-1.20270741697646,11.6341351427406,1
0_#_BRCA_00689_TCGA-C8-A26X-01Z-00-DX1,-1.15532904146889,11.6076091543613,1
3_#_BRCA_00689_TCGA-C8-A26X-01Z-00-DX1,-8.34277384886815,20.7548888174694,1
1_#_BRCA_00689_TCGA-C8-A26X-01Z-00-DX1,-4.85499983920146,18.5690653978915,1
4_#_BRCA_00689_TCGA-C8-A26X-01Z-00-DX1,-8.6106005996748,21.819407821503,1
5_#_BRCA_00689_TCGA-C8-A26X-01Z-00-DX1,-8.65749571116759,19.6923972732673,1
6_#_BRCA_00689_TCGA-C8-A26X-01Z-00-DX1,-6.53051637219413,19.4573278895497,1
0_#_BRCA_00690_TCGA-C8-A26Y-01Z-00-DX1,-6.19466741754344,17.1917469193678,1
2_#_BRCA_00690_TCGA-C8-A26Y-01Z-00-DX1,-8.17939032072085,17.933915201176,1
6_#_BRCA_00690_TCGA-C8-A26Y-01Z-00-DX1,11.1472495943696,-7.32233044029844,1
4_#_BRCA_00690_TCGA-C8-A26Y-01Z-00-DX1,-1.80591469176555,-3.11391179769873,2
5_#_BRCA_00690_TCGA-C8-A26Y-01Z-00-DX1,-8.52008799383171,18.9004794612654,1
1_#_BRCA_00690_TCGA-C8-A26Y-01Z-00-DX1,-8.53070887366994,18.3402153510743,1
3_#_BRCA_00690_TCGA-C8-A26Y-01Z-00-DX1,-7.38289594717328,17.2854480628637,1
2_#_BRCA_00691_TCGA-C8-A26Z-01Z-00-DX1,-13.6320579475331,-12.9553129465967,2
1_#_BRCA_00691_TCGA-C8-A26Z-01Z-00-DX1,-13.5861743331143,-13.1095382417141,2
3_#_BRCA_00691_TCGA-C8-A26Z-01Z-00-DX1,-13.5608724616375,-13.2661866460173,2
4_#_BRCA_00691_TCGA-C8-A26Z-01Z-00-DX1,33.4821570589605,1.97363829022499,1
5_#_BRCA_00691_TCGA-C8-A26Z-01Z-00-DX1,-8.0129693836832,-8.74302543603843,2
0_#_BRCA_00691_TCGA-C8-A26Z-01Z-00-DX1,-7.98297205965582,-8.68116265833938,2
6_#_BRCA_00691_TCGA-C8-A26Z-01Z-00-DX1,-13.571410321878,-13.3174524642008,2
0_#_BRCA_00692_TCGA-C8-A273-01Z-00-DX1,8.72276643887691,7.67851278537831,1
3_#_BRCA_00692_TCGA-C8-A273-01Z-00-DX1,13.0756213322461,5.84989522335,10
2_#_BRCA_00692_TCGA-C8-A273-01Z-00-DX1,3.48818075934948,6.88074844798282,1
4_#_BRCA_00692_TCGA-C8-A273-01Z-00-DX1,-1.21650269897385,-4.44476143157712,2
5_#_BRCA_00692_TCGA-C8-A273-01Z-00-DX1,5.90917810672234,-5.13212889105392,10
1_#_BRCA_00692_TCGA-C8-A273-01Z-00-DX1,9.74728106567732,11.7862927173523,1
6_#_BRCA_00692_TCGA-C8-A273-01Z-00-DX1,3.23518597470147,-13.104111224521,1
1_#_BRCA_00693_TCGA-C8-A274-01Z-00-DX1,11.6793535857418,19.0717217674104,1
0_#_BRCA_00693_TCGA-C8-A274-01Z-00-DX1,9.91626936995829,19.2106432501914,1
3_#_BRCA_00693_TCGA-C8-A274-01Z-00-DX1,10.2449303755926,19.2709584892978,1
2_#_BRCA_00693_TCGA-C8-A274-01Z-00-DX1,14.0003684257727,12.2438891533667,1
4_#_BRCA_00693_TCGA-C8-A274-01Z-00-DX1,11.1158584547061,19.2029317252419,1
5_#_BRCA_00693_TCGA-C8-A274-01Z-00-DX1,13.3730269677431,12.1826983125835,1
6_#_BRCA_00693_TCGA-C8-A274-01Z-00-DX1,11.4956876682353,19.1194454012319,1
7_#_BRCA_00693_TCGA-C8-A274-01Z-00-DX1,-21.2270955442999,-27.584340217486,9
0_#_BRCA_00694_TCGA-C8-A275-01Z-00-DX1,0.386406312296819,-3.50569332986576,1
1_#_BRCA_00694_TCGA-C8-A275-01Z-00-DX1,-16.2211116399291,-29.0367776415004,2
5_#_BRCA_00694_TCGA-C8-A275-01Z-00-DX1,0.681763039255454,-1.6908015671588,1
3_#_BRCA_00694_TCGA-C8-A275-01Z-00-DX1,7.63206278127126,8.92918924944685,1
2_#_BRCA_00694_TCGA-C8-A275-01Z-00-DX1,-12.296604464379,-15.5205329509329,1
4_#_BRCA_00694_TCGA-C8-A275-01Z-00-DX1,9.74275957227449,10.9927967374758,1
6_#_BRCA_00694_TCGA-C8-A275-01Z-00-DX1,-12.2615622451071,-15.7017100622752,1
1_#_BRCA_00695_TCGA-C8-A278-01Z-00-DX1,-11.8971766977621,-5.79937657312037,2
0_#_BRCA_00695_TCGA-C8-A278-01Z-00-DX1,10.2308638269981,3.08006118402538,1
3_#_BRCA_00695_TCGA-C8-A278-01Z-00-DX1,-11.7031003302479,-5.36911923336895,2
5_#_BRCA_00695_TCGA-C8-A278-01Z-00-DX1,3.63785503269149,11.4948032260831,1
2_#_BRCA_00695_TCGA-C8-A278-01Z-00-DX1,10.825239077136,2.84782303941819,1
4_#_BRCA_00695_TCGA-C8-A278-01Z-00-DX1,11.2333317829878,12.3702030378311,1
6_#_BRCA_00695_TCGA-C8-A278-01Z-00-DX1,-8.45657988161741,-27.0663245795329,2
2_#_BRCA_00696_TCGA-C8-A27A-01Z-00-DX1,-7.4394742404402,21.2845129871499,1
0_#_BRCA_00696_TCGA-C8-A27A-01Z-00-DX1,3.258373252551,24.3429364940917,1
3_#_BRCA_00696_TCGA-C8-A27A-01Z-00-DX1,9.03308858139239,16.6972045644532,1
1_#_BRCA_00696_TCGA-C8-A27A-01Z-00-DX1,8.74188421085172,19.2776685734619,1
6_#_BRCA_00696_TCGA-C8-A27A-01Z-00-DX1,-6.92179451936718,17.7394252190123,1
5_#_BRCA_00696_TCGA-C8-A27A-01Z-00-DX1,-7.40685745434162,20.948496553659,1
4_#_BRCA_00696_TCGA-C8-A27A-01Z-00-DX1,8.40852372850508,18.5441082276712,1
1_#_BRCA_00697_TCGA-C8-A27B-01Z-00-DX1,-14.6281336892605,1.79188922179758,9
0_#_BRCA_00697_TCGA-C8-A27B-01Z-00-DX1,-4.4072956906779,-26.863687326386,9
3_#_BRCA_00697_TCGA-C8-A27B-01Z-00-DX1,-14.8905508393426,1.04954798771645,9
2_#_BRCA_00697_TCGA-C8-A27B-01Z-00-DX1,-1.19187542500685,11.5630890561223,1
5_#_BRCA_00697_TCGA-C8-A27B-01Z-00-DX1,-14.648516926441,1.89717118918748,9
6_#_BRCA_00697_TCGA-C8-A27B-01Z-00-DX1,-15.0072668889164,0.816091871328973,9
4_#_BRCA_00697_TCGA-C8-A27B-01Z-00-DX1,-9.28048897989483,16.0802189668907,5
7_#_BRCA_00697_TCGA-C8-A27B-01Z-00-DX1,-14.5745572403235,1.77257212914487,1
0_#_BRCA_00698_TCGA-C8-A3M7-01Z-00-DX1,11.9141322824149,12.440794039013,1
1_#_BRCA_00698_TCGA-C8-A3M7-01Z-00-DX1,11.8549732451083,12.2829517131419,1
6_#_BRCA_00698_TCGA-C8-A3M7-01Z-00-DX1,12.0540653797606,13.0680270120259,1
2_#_BRCA_00698_TCGA-C8-A3M7-01Z-00-DX1,12.7862904832541,3.81195182846078,1
4_#_BRCA_00698_TCGA-C8-A3M7-01Z-00-DX1,11.941193775256,12.3446982729831,1
3_#_BRCA_00698_TCGA-C8-A3M7-01Z-00-DX1,9.44539058304165,-25.7770914132599,4
5_#_BRCA_00698_TCGA-C8-A3M7-01Z-00-DX1,6.6131541860388,-1.67945636299959,1
0_#_BRCA_00699_TCGA-C8-A3M8-01Z-00-DX1,-4.42510243543262,17.2393309047989,1
1_#_BRCA_00699_TCGA-C8-A3M8-01Z-00-DX1,0.751239831524398,0.427273507964303,5
2_#_BRCA_00699_TCGA-C8-A3M8-01Z-00-DX1,-13.7751654442817,-12.2113737088441,2
5_#_BRCA_00699_TCGA-C8-A3M8-01Z-00-DX1,-8.04622510249113,25.7479670359585,2
3_#_BRCA_00699_TCGA-C8-A3M8-01Z-00-DX1,34.7470226059194,8.19852505708789,7
4_#_BRCA_00699_TCGA-C8-A3M8-01Z-00-DX1,10.2748138838601,-6.59280087945567,1
6_#_BRCA_00699_TCGA-C8-A3M8-01Z-00-DX1,10.5744641455179,21.1002578148277,1
8_#_BRCA_00699_TCGA-C8-A3M8-01Z-00-DX1,-8.076661212359,25.7112595693673,2
7_#_BRCA_00699_TCGA-C8-A3M8-01Z-00-DX1,-13.9676149833867,-12.5669239174281,2
0_#_BRCA_00700_TCGA-C8-A8HP-01Z-00-DX1,-8.75195565601218,19.270069380358,1
2_#_BRCA_00700_TCGA-C8-A8HP-01Z-00-DX1,8.5905463738363,18.4662029264583,1
3_#_BRCA_00700_TCGA-C8-A8HP-01Z-00-DX1,-12.3959705016002,-4.67008528261333,1
1_#_BRCA_00700_TCGA-C8-A8HP-01Z-00-DX1,8.93873611674365,16.7746157475258,1
4_#_BRCA_00700_TCGA-C8-A8HP-01Z-00-DX1,-6.23407044361261,18.1874627710844,1
5_#_BRCA_00700_TCGA-C8-A8HP-01Z-00-DX1,-8.4868729901125,18.2484514422407,1
2_#_BRCA_00701_TCGA-C8-A8HQ-01Z-00-DX1,-8.72600586150009,18.8968805612834,1
1_#_BRCA_00701_TCGA-C8-A8HQ-01Z-00-DX1,-8.41342696622016,17.9108007115988,1
0_#_BRCA_00701_TCGA-C8-A8HQ-01Z-00-DX1,-8.83346304137293,18.7882660736629,1
3_#_BRCA_00701_TCGA-C8-A8HQ-01Z-00-DX1,-9.18059661413066,16.9761416831981,1
4_#_BRCA_00701_TCGA-C8-A8HQ-01Z-00-DX1,-8.25509314353075,17.7535621364188,1
5_#_BRCA_00701_TCGA-C8-A8HQ-01Z-00-DX1,8.51800643988529,18.2976529821261,1
7_#_BRCA_00701_TCGA-C8-A8HQ-01Z-00-DX1,-8.74200393629191,15.2109280942544,5
6_#_BRCA_00701_TCGA-C8-A8HQ-01Z-00-DX1,-9.62561645197571,15.5293795011652,5
0_#_BRCA_00702_TCGA-C8-A8HR-01Z-00-DX1,9.96759581817015,14.749206701229,1
2_#_BRCA_00702_TCGA-C8-A8HR-01Z-00-DX1,9.85211110676329,14.7486821655286,1
1_#_BRCA_00702_TCGA-C8-A8HR-01Z-00-DX1,10.0804741855644,14.3410603524662,1
4_#_BRCA_00702_TCGA-C8-A8HR-01Z-00-DX1,9.95847592233931,14.7015116892835,1
6_#_BRCA_00702_TCGA-C8-A8HR-01Z-00-DX1,9.92335241782436,14.8168560754535,1
3_#_BRCA_00702_TCGA-C8-A8HR-01Z-00-DX1,10.0411627957464,14.8293754265111,1
5_#_BRCA_00702_TCGA-C8-A8HR-01Z-00-DX1,9.91043446604539,14.5514553793281,1
1_#_BRCA_00703_TCGA-D8-A13Y-01Z-00-DX1,0.427788760491452,-8.67411828619775,1
2_#_BRCA_00703_TCGA-D8-A13Y-01Z-00-DX1,1.48514532714702,-8.00486453481202,1
3_#_BRCA_00703_TCGA-D8-A13Y-01Z-00-DX1,6.09132130422911,-6.07470603744643,1
0_#_BRCA_00703_TCGA-D8-A13Y-01Z-00-DX1,4.20529065016302,-6.79298146786602,1
5_#_BRCA_00703_TCGA-D8-A13Y-01Z-00-DX1,-14.5961467062925,-25.0640864081282,2
4_#_BRCA_00703_TCGA-D8-A13Y-01Z-00-DX1,-14.595995907308,-25.0028467573552,2
9_#_BRCA_00703_TCGA-D8-A13Y-01Z-00-DX1,4.07804628554789,-7.13708853966669,1
6_#_BRCA_00703_TCGA-D8-A13Y-01Z-00-DX1,22.8201453272135,-23.3317010305497,10
7_#_BRCA_00703_TCGA-D8-A13Y-01Z-00-DX1,-9.83598523118988,-24.4405409649367,2
8_#_BRCA_00703_TCGA-D8-A13Y-01Z-00-DX1,3.24587796816358,-7.9427711393423,1
2_#_BRCA_00704_TCGA-D8-A13Y-01Z-00-DX2,-14.8051465841544,-24.1696630482119,1
0_#_BRCA_00704_TCGA-D8-A13Y-01Z-00-DX2,0.321338743052363,-8.4382022974053,1
1_#_BRCA_00704_TCGA-D8-A13Y-01Z-00-DX2,6.71175911855328,-4.84429517394529,1
5_#_BRCA_00704_TCGA-D8-A13Y-01Z-00-DX2,-14.595053629556,-25.0127787760288,2
4_#_BRCA_00704_TCGA-D8-A13Y-01Z-00-DX2,5.54162318033284,-6.7218070318856,1
3_#_BRCA_00704_TCGA-D8-A13Y-01Z-00-DX2,10.0850666928679,7.57111766608981,1
10_#_BRCA_00704_TCGA-D8-A13Y-01Z-00-DX2,1.2206185464808,-7.71196610174811,1
6_#_BRCA_00704_TCGA-D8-A13Y-01Z-00-DX2,1.33707967612708,-7.30096724519733,1
11_#_BRCA_00704_TCGA-D8-A13Y-01Z-00-DX2,-14.8388831705627,-24.1874123206618,1
9_#_BRCA_00704_TCGA-D8-A13Y-01Z-00-DX2,13.1272927215185,21.5897347722564,1
8_#_BRCA_00704_TCGA-D8-A13Y-01Z-00-DX2,19.7359995656403,-21.0649669569366,10
1_#_BRCA_00705_TCGA-D8-A13Z-01Z-00-DX1,-11.5446170101466,-5.76736992512377,2
2_#_BRCA_00705_TCGA-D8-A13Z-01Z-00-DX1,-5.45901643430975,-3.92571966553494,10
0_#_BRCA_00705_TCGA-D8-A13Z-01Z-00-DX1,24.6563138934204,-0.399484594356216,4
4_#_BRCA_00705_TCGA-D8-A13Z-01Z-00-DX1,21.1432815505023,-25.5515436477668,10
5_#_BRCA_00705_TCGA-D8-A13Z-01Z-00-DX1,1.41043042578134,-15.9573694154673,2
3_#_BRCA_00705_TCGA-D8-A13Z-01Z-00-DX1,-0.0936285493872642,-21.360388022422,2
7_#_BRCA_00705_TCGA-D8-A13Z-01Z-00-DX1,0.220120757467392,-21.0532792014909,2
8_#_BRCA_00705_TCGA-D8-A13Z-01Z-00-DX1,0.272717627740306,-21.3628925045829,2
6_#_BRCA_00705_TCGA-D8-A13Z-01Z-00-DX1,7.09706922009624,-13.586261202236,10
1_#_BRCA_00706_TCGA-D8-A140-01Z-00-DX1,19.6538077405065,-20.015450190434,10
0_#_BRCA_00706_TCGA-D8-A140-01Z-00-DX1,11.5477590317814,24.0278984910262,1
2_#_BRCA_00706_TCGA-D8-A140-01Z-00-DX1,7.11153357993274,19.3813661947517,1
4_#_BRCA_00706_TCGA-D8-A140-01Z-00-DX1,7.18765441174649,19.148461698774,1
3_#_BRCA_00706_TCGA-D8-A140-01Z-00-DX1,15.0955594888738,-24.0458007570973,10
5_#_BRCA_00706_TCGA-D8-A140-01Z-00-DX1,7.03929166961437,20.0317765845568,1
6_#_BRCA_00706_TCGA-D8-A140-01Z-00-DX1,7.12770739980041,19.377451689436,1
7_#_BRCA_00706_TCGA-D8-A140-01Z-00-DX1,7.06183364492604,19.666244858402,1
0_#_BRCA_00707_TCGA-D8-A140-01Z-00-DX2,21.2961945439422,-21.6145095859339,10
1_#_BRCA_00707_TCGA-D8-A140-01Z-00-DX2,12.6908081144129,21.3689915517805,1
2_#_BRCA_00707_TCGA-D8-A140-01Z-00-DX2,-2.3183262283992,25.4291486788371,1
3_#_BRCA_00707_TCGA-D8-A140-01Z-00-DX2,13.056979697816,21.3118729822251,1
4_#_BRCA_00707_TCGA-D8-A140-01Z-00-DX2,12.6120904875234,22.2307161420827,1
5_#_BRCA_00707_TCGA-D8-A140-01Z-00-DX2,11.5361976092432,24.021562019263,1
6_#_BRCA_00707_TCGA-D8-A140-01Z-00-DX2,20.5246875444193,-25.7544094805926,10
7_#_BRCA_00707_TCGA-D8-A140-01Z-00-DX2,12.8036134758207,21.372478483295,1
3_#_BRCA_00708_TCGA-D8-A141-01Z-00-DX1,-9.50443718413243,-3.79247846405549,6
2_#_BRCA_00708_TCGA-D8-A141-01Z-00-DX1,6.79027638520987,-7.23488451335447,10
0_#_BRCA_00708_TCGA-D8-A141-01Z-00-DX1,-10.9355383560979,-20.3057341915055,2
1_#_BRCA_00708_TCGA-D8-A141-01Z-00-DX1,-16.0043885800156,32.3780658295875,6
4_#_BRCA_00708_TCGA-D8-A141-01Z-00-DX1,20.2222215916398,-17.7521149185861,4
5_#_BRCA_00708_TCGA-D8-A141-01Z-00-DX1,-11.0111134055984,-20.2982542262227,2
6_#_BRCA_00708_TCGA-D8-A141-01Z-00-DX1,-26.0319759074747,-8.91032604435973,1
0_#_BRCA_00709_TCGA-D8-A141-01Z-00-DX2,22.56719211602,8.22105545717329,7
1_#_BRCA_00709_TCGA-D8-A141-01Z-00-DX2,-13.1113213202207,30.7266567933254,6
2_#_BRCA_00709_TCGA-D8-A141-01Z-00-DX2,-19.1951766285818,-22.4120776224743,6
5_#_BRCA_00709_TCGA-D8-A141-01Z-00-DX2,-6.79024971152589,10.2262493653914,6
3_#_BRCA_00709_TCGA-D8-A141-01Z-00-DX2,22.5460077326512,8.13415252354324,4
4_#_BRCA_00709_TCGA-D8-A141-01Z-00-DX2,-20.7530181261473,-4.68569038183635,6
6_#_BRCA_00709_TCGA-D8-A141-01Z-00-DX2,-19.1726768980333,-22.3602567334367,2
7_#_BRCA_00709_TCGA-D8-A141-01Z-00-DX2,-2.98783411810018,-0.174881544218596,5
0_#_BRCA_00710_TCGA-D8-A142-01Z-00-DX1,-11.3408558748343,-6.1928501193781,2
1_#_BRCA_00710_TCGA-D8-A142-01Z-00-DX1,6.33438675714577,-2.86259930092888,1
3_#_BRCA_00710_TCGA-D8-A142-01Z-00-DX1,20.2413239014712,-20.5031960138729,10
2_#_BRCA_00710_TCGA-D8-A142-01Z-00-DX1,0.453409330874518,-21.3773265083326,2
4_#_BRCA_00710_TCGA-D8-A142-01Z-00-DX1,7.2076546604858,-10.3416725784001,10
0_#_BRCA_00711_TCGA-D8-A143-01Z-00-DX1,23.6370595390779,-1.20844409919565,4
2_#_BRCA_00711_TCGA-D8-A143-01Z-00-DX1,-12.2638809905115,-11.3753886781239,2
1_#_BRCA_00711_TCGA-D8-A143-01Z-00-DX1,-12.2230522630906,-11.4838653105235,2
4_#_BRCA_00711_TCGA-D8-A143-01Z-00-DX1,-4.31845610476009,36.6618277582572,6
3_#_BRCA_00711_TCGA-D8-A143-01Z-00-DX1,-8.5333575446094,-15.527545831547,2
5_#_BRCA_00711_TCGA-D8-A143-01Z-00-DX1,-16.1209644573801,-9.26980998668648,9
6_#_BRCA_00711_TCGA-D8-A143-01Z-00-DX1,2.88486160788267,-13.1278576005428,1
0_#_BRCA_00712_TCGA-D8-A145-01Z-00-DX1,-2.78878956494926,35.9378577640605,6
3_#_BRCA_00712_TCGA-D8-A145-01Z-00-DX1,-2.74951661115647,36.1032436250071,6
1_#_BRCA_00712_TCGA-D8-A145-01Z-00-DX1,35.0179797368185,-7.89763320111038,4
2_#_BRCA_00712_TCGA-D8-A145-01Z-00-DX1,-7.55028659496622,35.3454912880851,6
4_#_BRCA_00712_TCGA-D8-A145-01Z-00-DX1,21.8028683675687,-23.0732992373824,10
5_#_BRCA_00712_TCGA-D8-A145-01Z-00-DX1,13.023803588141,7.68570284007909,1
1_#_BRCA_00713_TCGA-D8-A145-01Z-00-DX2,12.8610210752257,22.2485239948524,1
0_#_BRCA_00713_TCGA-D8-A145-01Z-00-DX2,12.9859357406388,7.87881467225891,1
2_#_BRCA_00713_TCGA-D8-A145-01Z-00-DX2,13.0446383562307,22.1332392008091,1
4_#_BRCA_00713_TCGA-D8-A145-01Z-00-DX2,22.5431301084137,-23.5485550538336,10
3_#_BRCA_00713_TCGA-D8-A145-01Z-00-DX2,12.6562872320426,22.9808181581881,1
6_#_BRCA_00713_TCGA-D8-A145-01Z-00-DX2,36.9796683877337,-2.63115378331505,1
5_#_BRCA_00713_TCGA-D8-A145-01Z-00-DX2,12.7846225992689,22.3112816485227,1
0_#_BRCA_00714_TCGA-D8-A146-01Z-00-DX1,-0.700826890028382,-6.76415682305919,1
2_#_BRCA_00714_TCGA-D8-A146-01Z-00-DX1,24.5295398464616,-0.667418114712312,4
3_#_BRCA_00714_TCGA-D8-A146-01Z-00-DX1,9.09205807624416,4.37910060100066,1
4_#_BRCA_00714_TCGA-D8-A146-01Z-00-DX1,11.8214038191592,9.13272589815454,1
5_#_BRCA_00714_TCGA-D8-A146-01Z-00-DX1,23.0159742013684,-23.0342715204767,10
6_#_BRCA_00714_TCGA-D8-A146-01Z-00-DX1,15.2850446949282,-24.0628158352116,10
1_#_BRCA_00714_TCGA-D8-A146-01Z-00-DX1,18.9532151260752,-18.4128109445674,10
1_#_BRCA_00715_TCGA-D8-A147-01Z-00-DX1,-14.4976109420306,-26.0122054594221,2
0_#_BRCA_00715_TCGA-D8-A147-01Z-00-DX1,0.142794586403219,-7.05294923117064,2
2_#_BRCA_00715_TCGA-D8-A147-01Z-00-DX1,22.3351681498773,-22.152032930523,10
4_#_BRCA_00715_TCGA-D8-A147-01Z-00-DX1,1.15618296595913,-4.76823388678265,10
3_#_BRCA_00715_TCGA-D8-A147-01Z-00-DX1,1.48457950504838,-6.92716426087108,1
6_#_BRCA_00715_TCGA-D8-A147-01Z-00-DX1,0.429477803976866,-5.046002049013,1
5_#_BRCA_00715_TCGA-D8-A147-01Z-00-DX1,6.29617559208353,-29.1884182303874,10
1_#_BRCA_00716_TCGA-D8-A1J8-01Z-00-DX1,0.981370714185876,-7.08537206421691,1
0_#_BRCA_00716_TCGA-D8-A1J8-01Z-00-DX1,-14.4606085998231,-26.1151937211893,2
2_#_BRCA_00716_TCGA-D8-A1J8-01Z-00-DX1,23.4179391512346,-22.5471118099587,10
4_#_BRCA_00716_TCGA-D8-A1J8-01Z-00-DX1,4.11839599066036,-7.01009704860233,1
3_#_BRCA_00716_TCGA-D8-A1J8-01Z-00-DX1,-0.646140329287381,-6.84392654892875,5
5_#_BRCA_00716_TCGA-D8-A1J8-01Z-00-DX1,7.27753692905554,-10.1562130859479,10
6_#_BRCA_00717_TCGA-D8-A1J8-01Z-00-DX2,10.2953277694601,10.7756704930097,1
1_#_BRCA_00717_TCGA-D8-A1J8-01Z-00-DX2,10.3021859123347,10.7626198885073,1
2_#_BRCA_00717_TCGA-D8-A1J8-01Z-00-DX2,10.3322378453275,10.8771823288031,1
5_#_BRCA_00717_TCGA-D8-A1J8-01Z-00-DX2,10.8777501576461,8.51308914612465,1
0_#_BRCA_00717_TCGA-D8-A1J8-01Z-00-DX2,10.4624253375385,9.70042192765363,1
4_#_BRCA_00717_TCGA-D8-A1J8-01Z-00-DX2,10.3117387799086,10.8359138595007,1
3_#_BRCA_00717_TCGA-D8-A1J8-01Z-00-DX2,6.24803076692785,0.408581710513414,1
7_#_BRCA_00717_TCGA-D8-A1J8-01Z-00-DX2,22.3848414733147,-21.1205670040805,10
0_#_BRCA_00718_TCGA-D8-A1J9-01Z-00-DX1,-26.1414491806307,-9.10666131614337,1
2_#_BRCA_00718_TCGA-D8-A1J9-01Z-00-DX1,24.6808394655634,-2.97079287234353,4
1_#_BRCA_00718_TCGA-D8-A1J9-01Z-00-DX1,20.3016477105857,-20.4639339993289,10
3_#_BRCA_00718_TCGA-D8-A1J9-01Z-00-DX1,6.37821602607648,-13.0244822341895,10
4_#_BRCA_00718_TCGA-D8-A1J9-01Z-00-DX1,12.0482940534488,-24.7994088342031,10
5_#_BRCA_00718_TCGA-D8-A1J9-01Z-00-DX1,-13.6288665021892,31.319126942707,6
6_#_BRCA_00718_TCGA-D8-A1J9-01Z-00-DX1,24.7086552192624,-3.02652431134438,4
0_#_BRCA_00719_TCGA-D8-A1J9-01Z-00-DX2,-26.7497428705454,-10.0238396685349,1
2_#_BRCA_00719_TCGA-D8-A1J9-01Z-00-DX2,5.31152096609228,-5.51653396435173,10
1_#_BRCA_00719_TCGA-D8-A1J9-01Z-00-DX2,21.597039757915,-25.4589861328872,10
3_#_BRCA_00719_TCGA-D8-A1J9-01Z-00-DX2,8.01596529027714,-7.45028437487831,10
4_#_BRCA_00719_TCGA-D8-A1J9-01Z-00-DX2,20.2523691201988,-24.2513903932051,10
0_#_BRCA_00720_TCGA-D8-A1JA-01Z-00-DX1,6.8381082226787,-13.8845243013877,10
3_#_BRCA_00720_TCGA-D8-A1JA-01Z-00-DX1,-17.6160248875558,-25.9731185655545,2
4_#_BRCA_00720_TCGA-D8-A1JA-01Z-00-DX1,-17.4494058625011,-26.4021276331355,2
1_#_BRCA_00720_TCGA-D8-A1JA-01Z-00-DX1,16.3668002545183,-23.1344783755269,10
2_#_BRCA_00720_TCGA-D8-A1JA-01Z-00-DX1,-24.4062235469846,-7.35017139420472,2
5_#_BRCA_00720_TCGA-D8-A1JA-01Z-00-DX1,17.3801816520409,-26.8963524385115,10
6_#_BRCA_00720_TCGA-D8-A1JA-01Z-00-DX1,5.54679475858172,-11.9710171427971,10
0_#_BRCA_00721_TCGA-D8-A1JB-01Z-00-DX1,7.78638912929044,-11.2430522831467,10
1_#_BRCA_00721_TCGA-D8-A1JB-01Z-00-DX1,21.7111013113783,-25.4119561372233,10
2_#_BRCA_00721_TCGA-D8-A1JB-01Z-00-DX1,7.54100970580513,-11.0947426073499,10
4_#_BRCA_00721_TCGA-D8-A1JB-01Z-00-DX1,7.6676392545573,-11.1495123160609,10
3_#_BRCA_00721_TCGA-D8-A1JB-01Z-00-DX1,-4.31658144653426,36.8410636541145,6
5_#_BRCA_00721_TCGA-D8-A1JB-01Z-00-DX1,16.9689821328163,-21.8060927348782,10
6_#_BRCA_00721_TCGA-D8-A1JB-01Z-00-DX1,-4.40254304315831,36.9377035493977,6
2_#_BRCA_00723_TCGA-D8-A1JC-01Z-00-DX2,4.90344202586731,-5.83875155189898,10
0_#_BRCA_00723_TCGA-D8-A1JC-01Z-00-DX2,21.1640246111836,-25.5377869900861,10
1_#_BRCA_00723_TCGA-D8-A1JC-01Z-00-DX2,-30.2536940188633,2.95416816337652,2
3_#_BRCA_00723_TCGA-D8-A1JC-01Z-00-DX2,8.01091005262665,-7.4804411662754,10
5_#_BRCA_00723_TCGA-D8-A1JC-01Z-00-DX2,27.2317796745667,-23.3313682442788,10
4_#_BRCA_00723_TCGA-D8-A1JC-01Z-00-DX2,21.6809367857356,-21.5385362755987,10
6_#_BRCA_00723_TCGA-D8-A1JC-01Z-00-DX2,-3.05666856941516,2.38307511895859,6
0_#_BRCA_00724_TCGA-D8-A1JD-01Z-00-DX1,2.43055628820693,-6.0974712926696,1
3_#_BRCA_00724_TCGA-D8-A1JD-01Z-00-DX1,2.06401031858038,-6.59783282317607,1
2_#_BRCA_00724_TCGA-D8-A1JD-01Z-00-DX1,2.54166957889413,-6.07117704359076,1
1_#_BRCA_00724_TCGA-D8-A1JD-01Z-00-DX1,2.6305214353365,-6.24892660031422,1
4_#_BRCA_00724_TCGA-D8-A1JD-01Z-00-DX1,4.19271905022192,30.8259840692301,6
6_#_BRCA_00724_TCGA-D8-A1JD-01Z-00-DX1,16.0799726395712,13.1797901897294,1
5_#_BRCA_00724_TCGA-D8-A1JD-01Z-00-DX1,-7.3958783188914,35.4528142951144,6
8_#_BRCA_00724_TCGA-D8-A1JD-01Z-00-DX1,-13.4255587836139,-17.28567901428,2
7_#_BRCA_00724_TCGA-D8-A1JD-01Z-00-DX1,19.1649177628809,-18.3829614418844,10
0_#_BRCA_00725_TCGA-D8-A1JD-01Z-00-DX2,12.2759008675059,9.54982285786933,1
1_#_BRCA_00725_TCGA-D8-A1JD-01Z-00-DX2,12.2215187028148,9.55245009927652,1
2_#_BRCA_00725_TCGA-D8-A1JD-01Z-00-DX2,12.2473714471994,9.6062889580457,1
4_#_BRCA_00725_TCGA-D8-A1JD-01Z-00-DX2,5.49829693844499,-6.63270834411601,1
3_#_BRCA_00725_TCGA-D8-A1JD-01Z-00-DX2,10.9530986088841,23.911189391656,1
5_#_BRCA_00725_TCGA-D8-A1JD-01Z-00-DX2,0.81723378610087,-6.31725298791799,1
6_#_BRCA_00725_TCGA-D8-A1JD-01Z-00-DX2,12.291239661201,9.54183838315174,1
0_#_BRCA_00726_TCGA-D8-A1JE-01Z-00-DX1,3.84116574063854,-6.50530496351481,1
3_#_BRCA_00726_TCGA-D8-A1JE-01Z-00-DX1,4.03250560511538,-6.00977090503224,1
2_#_BRCA_00726_TCGA-D8-A1JE-01Z-00-DX1,-13.2208830233344,-17.1453287671295,2
4_#_BRCA_00726_TCGA-D8-A1JE-01Z-00-DX1,-10.371181263404,-27.6881673546721,2
1_#_BRCA_00726_TCGA-D8-A1JE-01Z-00-DX1,0.810284484589204,-7.21843733829746,1
5_#_BRCA_00726_TCGA-D8-A1JE-01Z-00-DX1,0.892114328503611,-7.15996594552108,1
6_#_BRCA_00726_TCGA-D8-A1JE-01Z-00-DX1,-3.41568131195371,1.98118187174541,6
0_#_BRCA_00727_TCGA-D8-A1JE-01Z-00-DX2,8.94672705485047,-26.3513312294754,9
1_#_BRCA_00727_TCGA-D8-A1JE-01Z-00-DX2,2.10880710367392,-8.26747781008219,1
3_#_BRCA_00727_TCGA-D8-A1JE-01Z-00-DX2,-11.7574915490888,-16.7201079569738,2
2_#_BRCA_00727_TCGA-D8-A1JE-01Z-00-DX2,20.379446585234,-22.8160435629722,10
5_#_BRCA_00727_TCGA-D8-A1JE-01Z-00-DX2,29.1923407719918,21.3444942224025,7
4_#_BRCA_00727_TCGA-D8-A1JE-01Z-00-DX2,10.3154758739305,7.23773447131789,1
6_#_BRCA_00727_TCGA-D8-A1JE-01Z-00-DX2,9.1921730478942,4.33520956569142,1
7_#_BRCA_00727_TCGA-D8-A1JE-01Z-00-DX2,-19.1504204801029,-25.1342342959548,1
2_#_BRCA_00728_TCGA-D8-A1JF-01Z-00-DX1,-7.84791276555098,0.383002573543478,6
0_#_BRCA_00728_TCGA-D8-A1JF-01Z-00-DX1,1.23878206411268,-4.13003165258837,10
1_#_BRCA_00728_TCGA-D8-A1JF-01Z-00-DX1,7.2620796393365,-10.8641933925176,10
6_#_BRCA_00728_TCGA-D8-A1JF-01Z-00-DX1,19.8343328561144,-21.5294651058814,10
4_#_BRCA_00728_TCGA-D8-A1JF-01Z-00-DX1,4.58394810405482,-7.26473979079526,1
3_#_BRCA_00728_TCGA-D8-A1JF-01Z-00-DX1,17.1678737308896,-22.432770838309,10
5_#_BRCA_00728_TCGA-D8-A1JF-01Z-00-DX1,-3.8634608118723,2.03931779415318,6
7_#_BRCA_00728_TCGA-D8-A1JF-01Z-00-DX1,1.29290593345221,-4.16561327962684,10
1_#_BRCA_00729_TCGA-D8-A1JG-01Z-00-DX1,8.60238508267027,4.51853433473538,10
0_#_BRCA_00729_TCGA-D8-A1JG-01Z-00-DX1,-17.9407528628397,-25.3872946624899,2
3_#_BRCA_00729_TCGA-D8-A1JG-01Z-00-DX1,20.8286265302588,-25.6645622185431,10
5_#_BRCA_00729_TCGA-D8-A1JG-01Z-00-DX1,-17.3993048573565,-26.4589474526154,2
4_#_BRCA_00729_TCGA-D8-A1JG-01Z-00-DX1,-9.56838994190311,-21.0204475035269,2
2_#_BRCA_00729_TCGA-D8-A1JG-01Z-00-DX1,16.8296539357201,-22.0826701240044,10
6_#_BRCA_00729_TCGA-D8-A1JG-01Z-00-DX1,19.765883915915,-22.008815451485,10
0_#_BRCA_00730_TCGA-D8-A1JH-01Z-00-DX1,20.8233543866247,-25.8198131852568,10
1_#_BRCA_00730_TCGA-D8-A1JH-01Z-00-DX1,3.77638787113435,-9.05437134064284,2
2_#_BRCA_00730_TCGA-D8-A1JH-01Z-00-DX1,18.6052098358655,-18.3200389107453,10
3_#_BRCA_00730_TCGA-D8-A1JH-01Z-00-DX1,19.0684091616412,-25.3110838270781,10
4_#_BRCA_00730_TCGA-D8-A1JH-01Z-00-DX1,27.9272727081255,-23.3132215849985,10
5_#_BRCA_00730_TCGA-D8-A1JH-01Z-00-DX1,5.51671498121778,-10.2343458017009,10
1_#_BRCA_00731_TCGA-D8-A1JI-01Z-00-DX1,3.80005583757568,-6.07522206108455,1
0_#_BRCA_00731_TCGA-D8-A1JI-01Z-00-DX1,4.27030855501851,15.9425810274042,1
2_#_BRCA_00731_TCGA-D8-A1JI-01Z-00-DX1,3.87824764852397,-6.06775212589592,1
3_#_BRCA_00731_TCGA-D8-A1JI-01Z-00-DX1,21.7100855331875,-13.0102731545647,4
4_#_BRCA_00731_TCGA-D8-A1JI-01Z-00-DX1,6.12062053108173,-28.1540311483316,9
5_#_BRCA_00731_TCGA-D8-A1JI-01Z-00-DX1,31.4972876875635,-4.7814509224069,4
0_#_BRCA_00732_TCGA-D8-A1JI-01Z-00-DX2,11.6768203823465,21.2004464132625,1
3_#_BRCA_00732_TCGA-D8-A1JI-01Z-00-DX2,13.0961463324485,21.4082879245517,1
5_#_BRCA_00732_TCGA-D8-A1JI-01Z-00-DX2,11.9277884082599,21.5493308024888,1
2_#_BRCA_00732_TCGA-D8-A1JI-01Z-00-DX2,20.7015685980352,-23.5865228950126,10
4_#_BRCA_00732_TCGA-D8-A1JI-01Z-00-DX2,6.75940630799331,-7.02564271223159,10
1_#_BRCA_00732_TCGA-D8-A1JI-01Z-00-DX2,10.6275794331289,23.5443739808567,1
6_#_BRCA_00732_TCGA-D8-A1JI-01Z-00-DX2,7.02098349044228,20.0991786515702,1
7_#_BRCA_00732_TCGA-D8-A1JI-01Z-00-DX2,7.03713095240231,19.9444166946918,1
1_#_BRCA_00733_TCGA-D8-A1JJ-01Z-00-DX1,3.53638312493369,-8.14497943046837,1
0_#_BRCA_00733_TCGA-D8-A1JJ-01Z-00-DX1,5.39980453496966,-8.83527949891466,10
2_#_BRCA_00733_TCGA-D8-A1JJ-01Z-00-DX1,23.8112738953863,-22.9222345678825,10
3_#_BRCA_00733_TCGA-D8-A1JJ-01Z-00-DX1,3.9642144101862,-9.94414153435573,2
5_#_BRCA_00733_TCGA-D8-A1JJ-01Z-00-DX1,4.23544246707727,-10.0358818820711,10
6_#_BRCA_00733_TCGA-D8-A1JJ-01Z-00-DX1,20.7449156439873,-20.7682771105239,10
4_#_BRCA_00733_TCGA-D8-A1JJ-01Z-00-DX1,24.7932961421134,-18.0287648334352,4
0_#_BRCA_00734_TCGA-D8-A1JJ-01Z-00-DX2,3.79041981363917,-9.21230117559816,2
5_#_BRCA_00734_TCGA-D8-A1JJ-01Z-00-DX2,4.08655125707631,-9.91147902352734,2
3_#_BRCA_00734_TCGA-D8-A1JJ-01Z-00-DX2,3.57755306124064,-9.14525874009016,2
1_#_BRCA_00734_TCGA-D8-A1JJ-01Z-00-DX2,4.07629733528803,-9.48756479149303,2
2_#_BRCA_00734_TCGA-D8-A1JJ-01Z-00-DX2,3.93172878255864,-9.60268854963447,2
4_#_BRCA_00734_TCGA-D8-A1JJ-01Z-00-DX2,6.7722662635232,-8.19269566770976,10
0_#_BRCA_00735_TCGA-D8-A1JK-01Z-00-DX1,-23.0361119632224,-6.62277320925894,6
7_#_BRCA_00735_TCGA-D8-A1JK-01Z-00-DX1,-23.1341543282957,-6.59644646843457,6
2_#_BRCA_00735_TCGA-D8-A1JK-01Z-00-DX1,7.24341354253351,-3.00400621539288,1
1_#_BRCA_00735_TCGA-D8-A1JK-01Z-00-DX1,0.936630264415049,-15.5817373682724,2
3_#_BRCA_00735_TCGA-D8-A1JK-01Z-00-DX1,19.9292274719449,-21.7856056001196,10
4_#_BRCA_00735_TCGA-D8-A1JK-01Z-00-DX1,0.252600601963259,-20.6996339968575,2
5_#_BRCA_00735_TCGA-D8-A1JK-01Z-00-DX1,0.990250550577099,-15.6217560350833,2
6_#_BRCA_00735_TCGA-D8-A1JK-01Z-00-DX1,-13.0494352328768,-12.923892664907,2
0_#_BRCA_00736_TCGA-D8-A1JL-01Z-00-DX1,-18.1762005893875,-25.0428513392186,2
2_#_BRCA_00736_TCGA-D8-A1JL-01Z-00-DX1,-0.117392099685127,-6.30918715840977,1
1_#_BRCA_00736_TCGA-D8-A1JL-01Z-00-DX1,-0.311857117154787,-5.82294889250551,1
6_#_BRCA_00736_TCGA-D8-A1JL-01Z-00-DX1,-18.0289495467906,-25.0527133499076,2
5_#_BRCA_00736_TCGA-D8-A1JL-01Z-00-DX1,5.79387347433168,-6.70759075503406,1
4_#_BRCA_00736_TCGA-D8-A1JL-01Z-00-DX1,6.93288667422312,-8.2745741962058,10
3_#_BRCA_00736_TCGA-D8-A1JL-01Z-00-DX1,18.7886298108003,-22.0515474986168,10
0_#_BRCA_00737_TCGA-D8-A1JM-01Z-00-DX1,-24.0725599668157,0.970656410749967,5
3_#_BRCA_00737_TCGA-D8-A1JM-01Z-00-DX1,-24.1599588170293,0.556149763769104,5
2_#_BRCA_00737_TCGA-D8-A1JM-01Z-00-DX1,-24.1303027583892,0.655244341578471,5
4_#_BRCA_00737_TCGA-D8-A1JM-01Z-00-DX1,-24.0139527991411,1.16619942569445,5
1_#_BRCA_00737_TCGA-D8-A1JM-01Z-00-DX1,-13.4516505862538,-4.75157307661609,2
5_#_BRCA_00737_TCGA-D8-A1JM-01Z-00-DX1,-7.95892711308069,-1.67778811650754,6
0_#_BRCA_00738_TCGA-D8-A1JN-01Z-00-DX1,33.8568060505632,-8.18833814886715,4
1_#_BRCA_00738_TCGA-D8-A1JN-01Z-00-DX1,-3.50435914623014,31.5824262328178,6
3_#_BRCA_00738_TCGA-D8-A1JN-01Z-00-DX1,7.83932214397467,-11.1507136776296,10
4_#_BRCA_00738_TCGA-D8-A1JN-01Z-00-DX1,27.2720538836429,1.43248271653081,4
6_#_BRCA_00738_TCGA-D8-A1JN-01Z-00-DX1,-3.32346550271941,31.6885976250293,6
7_#_BRCA_00738_TCGA-D8-A1JN-01Z-00-DX1,33.8044653233676,-8.20828023400436,4
2_#_BRCA_00738_TCGA-D8-A1JN-01Z-00-DX1,-2.77473537071951,30.0203359461007,1
5_#_BRCA_00738_TCGA-D8-A1JN-01Z-00-DX1,30.6573938213705,-24.3278796742552,4
1_#_BRCA_00739_TCGA-D8-A1JP-01Z-00-DX1,6.37868642348909,-13.0769942140883,10
0_#_BRCA_00739_TCGA-D8-A1JP-01Z-00-DX1,6.36420214372755,-11.5191552400946,10
4_#_BRCA_00739_TCGA-D8-A1JP-01Z-00-DX1,6.02599929600426,-14.1901771517147,10
3_#_BRCA_00739_TCGA-D8-A1JP-01Z-00-DX1,20.8107131334719,-23.0457143386211,10
2_#_BRCA_00739_TCGA-D8-A1JP-01Z-00-DX1,-16.9615452898194,-12.5552407866451,2
5_#_BRCA_00739_TCGA-D8-A1JP-01Z-00-DX1,5.74501914712744,-14.3389397812215,10
6_#_BRCA_00739_TCGA-D8-A1JP-01Z-00-DX1,6.10392203199357,-12.7962826784602,10
0_#_BRCA_00740_TCGA-D8-A1JS-01Z-00-DX1,20.6278924230264,-26.0011479309758,10
1_#_BRCA_00740_TCGA-D8-A1JS-01Z-00-DX1,20.5696709597855,-24.5483002058086,10
5_#_BRCA_00740_TCGA-D8-A1JS-01Z-00-DX1,20.6031090328763,-26.0676695221287,10
2_#_BRCA_00740_TCGA-D8-A1JS-01Z-00-DX1,20.5060927533534,-24.791820802874,10
3_#_BRCA_00740_TCGA-D8-A1JS-01Z-00-DX1,-15.231879619013,-6.24697643822824,2
4_#_BRCA_00740_TCGA-D8-A1JS-01Z-00-DX1,12.2169816228814,-24.5968014759538,10
6_#_BRCA_00740_TCGA-D8-A1JS-01Z-00-DX1,-15.3657296357019,-6.24812704606149,2
7_#_BRCA_00740_TCGA-D8-A1JS-01Z-00-DX1,-10.781633924395,-22.1626483072676,2
3_#_BRCA_00741_TCGA-D8-A1JT-01Z-00-DX1,-18.349942796564,-24.0055930811264,2
0_#_BRCA_00741_TCGA-D8-A1JT-01Z-00-DX1,-17.8098639964605,-23.5839423315456,2
2_#_BRCA_00741_TCGA-D8-A1JT-01Z-00-DX1,-18.0368080001975,-23.655156423469,2
4_#_BRCA_00741_TCGA-D8-A1JT-01Z-00-DX1,-17.6543768991519,-23.6564219283202,2
1_#_BRCA_00741_TCGA-D8-A1JT-01Z-00-DX1,-17.663301766872,-23.492401135789,2
5_#_BRCA_00741_TCGA-D8-A1JT-01Z-00-DX1,-17.8101799495434,-23.47492106681,2
6_#_BRCA_00741_TCGA-D8-A1JT-01Z-00-DX1,7.01085914109836,-14.3958376039704,10
0_#_BRCA_00742_TCGA-D8-A1JT-01Z-00-DX2,-18.5059682844641,-24.7076331096343,2
5_#_BRCA_00742_TCGA-D8-A1JT-01Z-00-DX2,-18.5767744614697,-24.6267272953764,2
7_#_BRCA_00742_TCGA-D8-A1JT-01Z-00-DX2,0.0628128474220643,-3.675960650859,1
1_#_BRCA_00742_TCGA-D8-A1JT-01Z-00-DX2,-17.7773431437692,-23.5256699645619,2
2_#_BRCA_00742_TCGA-D8-A1JT-01Z-00-DX2,-18.2073779501374,-24.1626238246378,2
4_#_BRCA_00742_TCGA-D8-A1JT-01Z-00-DX2,5.46330342051192,-5.59339895069825,10
3_#_BRCA_00742_TCGA-D8-A1JT-01Z-00-DX2,-17.937068906851,-23.5810407823854,2
6_#_BRCA_00742_TCGA-D8-A1JT-01Z-00-DX2,-18.3579302481146,-24.3312381948011,1
8_#_BRCA_00742_TCGA-D8-A1JT-01Z-00-DX2,-29.5467865871324,1.94641037963003,2
0_#_BRCA_00743_TCGA-D8-A1JU-01Z-00-DX1,-11.7695583703799,-0.0619445221720035,2
2_#_BRCA_00743_TCGA-D8-A1JU-01Z-00-DX1,5.7606085011503,-9.32091703534531,10
1_#_BRCA_00743_TCGA-D8-A1JU-01Z-00-DX1,28.2422054329071,-16.3806360672212,2
4_#_BRCA_00743_TCGA-D8-A1JU-01Z-00-DX1,15.039332409961,-15.5409262534924,2
3_#_BRCA_00743_TCGA-D8-A1JU-01Z-00-DX1,6.58875384785316,-27.3939794994175,9
0_#_BRCA_00744_TCGA-D8-A1X5-01Z-00-DX1,11.4390169019928,8.08547728483402,1
2_#_BRCA_00744_TCGA-D8-A1X5-01Z-00-DX1,11.72567063491,7.99241426704938,1
5_#_BRCA_00744_TCGA-D8-A1X5-01Z-00-DX1,9.66127124156398,8.39914901649069,1
1_#_BRCA_00744_TCGA-D8-A1X5-01Z-00-DX1,9.81899795315046,9.90278778335583,1
4_#_BRCA_00744_TCGA-D8-A1X5-01Z-00-DX1,2.58940403148576,-4.73684951201917,1
3_#_BRCA_00744_TCGA-D8-A1X5-01Z-00-DX1,9.44814635494859,8.46273280533096,1
6_#_BRCA_00744_TCGA-D8-A1X5-01Z-00-DX1,19.4333879804442,-22.7604979136866,10
1_#_BRCA_00745_TCGA-D8-A1X5-01Z-00-DX2,9.2110137770843,10.4445033336252,1
2_#_BRCA_00745_TCGA-D8-A1X5-01Z-00-DX2,11.8801368529762,12.9209764406835,1
3_#_BRCA_00745_TCGA-D8-A1X5-01Z-00-DX2,18.418888949887,-22.6398813291692,10
0_#_BRCA_00745_TCGA-D8-A1X5-01Z-00-DX2,9.95996534925464,8.02194931195434,1
4_#_BRCA_00745_TCGA-D8-A1X5-01Z-00-DX2,-7.38508513208546,-4.49893960495875,6
6_#_BRCA_00745_TCGA-D8-A1X5-01Z-00-DX2,-7.39324343823494,-4.53697128752455,1
5_#_BRCA_00745_TCGA-D8-A1X5-01Z-00-DX2,9.78840779620216,7.84362179720206,1
0_#_BRCA_00746_TCGA-D8-A1X6-01Z-00-DX1,3.77423327445526,-8.82944469080317,2
1_#_BRCA_00746_TCGA-D8-A1X6-01Z-00-DX1,-11.3245390866812,-19.8026146540473,2
6_#_BRCA_00746_TCGA-D8-A1X6-01Z-00-DX1,3.92770124038248,-7.94644898744338,1
5_#_BRCA_00746_TCGA-D8-A1X6-01Z-00-DX1,7.06031289616024,-5.10508793598421,1
3_#_BRCA_00746_TCGA-D8-A1X6-01Z-00-DX1,5.06115949826508,-10.0199383659958,10
4_#_BRCA_00746_TCGA-D8-A1X6-01Z-00-DX1,28.5571586237316,-16.3523246935669,4
2_#_BRCA_00746_TCGA-D8-A1X6-01Z-00-DX1,-12.5752217412581,-16.8974643415615,2
0_#_BRCA_00747_TCGA-D8-A1X6-01Z-00-DX2,-21.7267747135835,-23.535669491965,2
2_#_BRCA_00747_TCGA-D8-A1X6-01Z-00-DX2,-1.24395945673914,-4.33550844924712,1
1_#_BRCA_00747_TCGA-D8-A1X6-01Z-00-DX2,6.80829640812218,-4.31504144074847,1
4_#_BRCA_00747_TCGA-D8-A1X6-01Z-00-DX2,8.70082407433128,9.73245764092892,1
3_#_BRCA_00747_TCGA-D8-A1X6-01Z-00-DX2,10.8877122645698,-25.599836065408,10
5_#_BRCA_00747_TCGA-D8-A1X6-01Z-00-DX2,-2.16483089267951,-4.16144472122116,1
6_#_BRCA_00747_TCGA-D8-A1X6-01Z-00-DX2,-4.28248749309253,0.7699072449384,6
7_#_BRCA_00747_TCGA-D8-A1X6-01Z-00-DX2,11.2095979468476,23.9622528164672,1
0_#_BRCA_00748_TCGA-D8-A1X7-01Z-00-DX1,3.33725289074527,-29.7547258173466,9
1_#_BRCA_00748_TCGA-D8-A1X7-01Z-00-DX1,1.56808787994027,-31.5928567434195,9
4_#_BRCA_00748_TCGA-D8-A1X7-01Z-00-DX1,4.33216352487059,-30.5412502608968,9
3_#_BRCA_00748_TCGA-D8-A1X7-01Z-00-DX1,1.19779335962063,-30.6837349538139,9
2_#_BRCA_00748_TCGA-D8-A1X7-01Z-00-DX1,14.6695859631601,-14.5242408590296,4
5_#_BRCA_00748_TCGA-D8-A1X7-01Z-00-DX1,19.5739524241626,-24.2001156727158,10
0_#_BRCA_00749_TCGA-D8-A1X7-01Z-00-DX2,13.2319937980218,5.76012896002618,10
1_#_BRCA_00749_TCGA-D8-A1X7-01Z-00-DX2,0.926326876043772,-27.7171167746787,9
2_#_BRCA_00749_TCGA-D8-A1X7-01Z-00-DX2,21.9537628674358,-23.0725404674941,10
5_#_BRCA_00749_TCGA-D8-A1X7-01Z-00-DX2,13.366293593365,5.82531195529169,10
4_#_BRCA_00749_TCGA-D8-A1X7-01Z-00-DX2,15.850550290861,-10.8073641583398,4
3_#_BRCA_00749_TCGA-D8-A1X7-01Z-00-DX2,23.4564150852106,-23.9850747307845,10
0_#_BRCA_00750_TCGA-D8-A1X8-01Z-00-DX1,24.1641367592147,-0.636008141176129,4
3_#_BRCA_00750_TCGA-D8-A1X8-01Z-00-DX1,22.9038189131005,-22.7638285248255,10
2_#_BRCA_00750_TCGA-D8-A1X8-01Z-00-DX1,7.43346070011889,-11.1795326028742,10
1_#_BRCA_00750_TCGA-D8-A1X8-01Z-00-DX1,6.99641148848484,-10.6632066229162,10
4_#_BRCA_00750_TCGA-D8-A1X8-01Z-00-DX1,7.99778134234973,-28.250588836339,9
5_#_BRCA_00750_TCGA-D8-A1X8-01Z-00-DX1,1.45989447648418,-9.85871636850365,2
6_#_BRCA_00750_TCGA-D8-A1X8-01Z-00-DX1,13.4951323694635,5.83739710399554,10
0_#_BRCA_00751_TCGA-D8-A1X9-01Z-00-DX1,2.52183504530402,-8.76153625432243,2
1_#_BRCA_00751_TCGA-D8-A1X9-01Z-00-DX1,-16.5220573263317,-28.6076307108628,2
2_#_BRCA_00751_TCGA-D8-A1X9-01Z-00-DX1,3.04873153527458,-12.5418385265421,1
6_#_BRCA_00751_TCGA-D8-A1X9-01Z-00-DX1,2.83485630478817,-8.5938611432269,2
4_#_BRCA_00751_TCGA-D8-A1X9-01Z-00-DX1,19.4253430591775,-19.5551375476843,10
3_#_BRCA_00751_TCGA-D8-A1X9-01Z-00-DX1,4.71641185002733,-11.242792125278,10
5_#_BRCA_00751_TCGA-D8-A1X9-01Z-00-DX1,4.79619704252702,-11.0710027014581,10
7_#_BRCA_00751_TCGA-D8-A1X9-01Z-00-DX1,-21.2441753517108,-27.8018866716309,9
3_#_BRCA_00752_TCGA-D8-A1XA-01Z-00-DX1,5.29822773242207,-14.280187014095,10
0_#_BRCA_00752_TCGA-D8-A1XA-01Z-00-DX1,5.16697259543735,-14.2915885334249,10
4_#_BRCA_00752_TCGA-D8-A1XA-01Z-00-DX1,21.6833147447268,-22.036440626176,10
1_#_BRCA_00752_TCGA-D8-A1XA-01Z-00-DX1,6.7780497810618,-9.90585068913761,10
2_#_BRCA_00752_TCGA-D8-A1XA-01Z-00-DX1,16.647442561337,-23.0237747200767,10
5_#_BRCA_00752_TCGA-D8-A1XA-01Z-00-DX1,5.9779101702243,-13.9478452838011,10
6_#_BRCA_00752_TCGA-D8-A1XA-01Z-00-DX1,24.2397306675773,-24.7645940520701,10
0_#_BRCA_00753_TCGA-D8-A1XB-01Z-00-DX1,3.87364477916908,-6.1537954386083,1
3_#_BRCA_00753_TCGA-D8-A1XB-01Z-00-DX1,9.04344547446649,4.65738829239962,1
1_#_BRCA_00753_TCGA-D8-A1XB-01Z-00-DX1,8.72550258347116,-27.4465283110742,9
2_#_BRCA_00753_TCGA-D8-A1XB-01Z-00-DX1,21.1526991508562,-17.9177873416872,10
4_#_BRCA_00753_TCGA-D8-A1XB-01Z-00-DX1,14.5300220322348,-11.7447406148348,4
0_#_BRCA_00754_TCGA-D8-A1XB-01Z-00-DX2,3.83530377805087,-6.04238827557845,1
1_#_BRCA_00754_TCGA-D8-A1XB-01Z-00-DX2,9.92522213332729,-25.8124583689737,10
2_#_BRCA_00754_TCGA-D8-A1XB-01Z-00-DX2,21.6602412925326,-19.2664002893054,4
3_#_BRCA_00754_TCGA-D8-A1XB-01Z-00-DX2,3.86158566578652,-6.05073401696298,1
5_#_BRCA_00754_TCGA-D8-A1XB-01Z-00-DX2,3.43939382201201,-4.89810104932274,1
4_#_BRCA_00754_TCGA-D8-A1XB-01Z-00-DX2,23.07606007213,-15.6314903842633,4
0_#_BRCA_00755_TCGA-D8-A1XC-01Z-00-DX1,-19.3097106171392,-27.1587360762949,2
1_#_BRCA_00755_TCGA-D8-A1XC-01Z-00-DX1,1.4478158893151,-31.1246446292665,9
2_#_BRCA_00755_TCGA-D8-A1XC-01Z-00-DX1,-19.3240556793063,-27.0813686509477,2
3_#_BRCA_00755_TCGA-D8-A1XC-01Z-00-DX1,29.5651174474832,-16.7687918464336,4
4_#_BRCA_00755_TCGA-D8-A1XC-01Z-00-DX1,-19.4676510699283,-26.9892504603882,2
5_#_BRCA_00755_TCGA-D8-A1XC-01Z-00-DX1,-19.6625236983405,-26.821936960443,2
0_#_BRCA_00756_TCGA-D8-A1XC-01Z-00-DX2,-19.2162440568001,-26.7305869059622,2
1_#_BRCA_00756_TCGA-D8-A1XC-01Z-00-DX2,5.59110554976162,-18.869040349629,2
4_#_BRCA_00756_TCGA-D8-A1XC-01Z-00-DX2,-19.2359983933672,-26.7338779660028,2
5_#_BRCA_00756_TCGA-D8-A1XC-01Z-00-DX2,-9.13588940635152,-19.5075438125407,2
2_#_BRCA_00756_TCGA-D8-A1XC-01Z-00-DX2,1.51676045119036,-31.5179794803486,9
3_#_BRCA_00756_TCGA-D8-A1XC-01Z-00-DX2,-19.086263389223,-27.236711681356,2
6_#_BRCA_00756_TCGA-D8-A1XC-01Z-00-DX2,-17.7523078532531,1.5476047824632,9
0_#_BRCA_00757_TCGA-D8-A1XD-01Z-00-DX1,4.70619160467455,-6.75490691904451,1
1_#_BRCA_00757_TCGA-D8-A1XD-01Z-00-DX1,-16.788761242921,-27.7622003003186,2
2_#_BRCA_00757_TCGA-D8-A1XD-01Z-00-DX1,20.3084463886129,-23.8365902649508,10
3_#_BRCA_00757_TCGA-D8-A1XD-01Z-00-DX1,3.71778376716334,-9.83399648932147,2
5_#_BRCA_00757_TCGA-D8-A1XD-01Z-00-DX1,-16.927117454346,-27.602263466255,2
4_#_BRCA_00757_TCGA-D8-A1XD-01Z-00-DX1,7.91745843435281,-7.53386984395141,10
2_#_BRCA_00758_TCGA-D8-A1XF-01Z-00-DX1,6.99323893728044,20.4165612494502,1
3_#_BRCA_00758_TCGA-D8-A1XF-01Z-00-DX1,4.17755318167451,16.1286273990171,1
0_#_BRCA_00758_TCGA-D8-A1XF-01Z-00-DX1,11.2866291966874,9.28082181115856,1
1_#_BRCA_00758_TCGA-D8-A1XF-01Z-00-DX1,16.6510790632811,-21.9761321298514,10
4_#_BRCA_00758_TCGA-D8-A1XF-01Z-00-DX1,9.95005459255582,23.7031711902815,1
5_#_BRCA_00758_TCGA-D8-A1XF-01Z-00-DX1,15.4551584795135,-14.1356477504264,4
0_#_BRCA_00759_TCGA-D8-A1XF-01Z-00-DX2,4.23623397796262,16.097941535302,1
1_#_BRCA_00759_TCGA-D8-A1XF-01Z-00-DX2,8.80349411456334,3.61582081336019,1
2_#_BRCA_00759_TCGA-D8-A1XF-01Z-00-DX2,7.00006650617155,20.3984509234158,1
6_#_BRCA_00759_TCGA-D8-A1XF-01Z-00-DX2,7.46381589509069,0.845580490305368,1
3_#_BRCA_00759_TCGA-D8-A1XF-01Z-00-DX2,22.4351389896451,-22.0599894383146,10
7_#_BRCA_00759_TCGA-D8-A1XF-01Z-00-DX2,-6.19579010012385,22.2442799704066,6
4_#_BRCA_00759_TCGA-D8-A1XF-01Z-00-DX2,6.94531946120914,20.7229345955642,1
5_#_BRCA_00759_TCGA-D8-A1XF-01Z-00-DX2,6.94876144296287,-7.23483766601826,10
1_#_BRCA_00760_TCGA-D8-A1XG-01Z-00-DX1,0.75562204518007,-8.44778220862419,1
0_#_BRCA_00760_TCGA-D8-A1XG-01Z-00-DX1,6.40055663116614,-11.3764015304112,10
2_#_BRCA_00760_TCGA-D8-A1XG-01Z-00-DX1,6.78694266274094,-14.5417563156673,10
4_#_BRCA_00760_TCGA-D8-A1XG-01Z-00-DX1,22.6128897776019,-22.1808319110241,10
3_#_BRCA_00760_TCGA-D8-A1XG-01Z-00-DX1,-11.327882100451,-18.9001185386198,2
5_#_BRCA_00760_TCGA-D8-A1XG-01Z-00-DX1,-13.5571759425546,-25.0832885460766,2
0_#_BRCA_00761_TCGA-D8-A1XJ-01Z-00-DX1,-10.5414452739035,-6.90494460048145,2
5_#_BRCA_00761_TCGA-D8-A1XJ-01Z-00-DX1,4.76077826411141,-26.6916088349694,9
3_#_BRCA_00761_TCGA-D8-A1XJ-01Z-00-DX1,0.482805248402443,-15.0041910089807,1
2_#_BRCA_00761_TCGA-D8-A1XJ-01Z-00-DX1,14.1724141979087,-14.6977839048679,4
4_#_BRCA_00761_TCGA-D8-A1XJ-01Z-00-DX1,-22.2962470990157,-6.81862124650808,2
1_#_BRCA_00761_TCGA-D8-A1XJ-01Z-00-DX1,-4.0982097808607,-21.7202944841053,2
6_#_BRCA_00761_TCGA-D8-A1XJ-01Z-00-DX1,-4.22835649112666,-19.480189202873,2
7_#_BRCA_00761_TCGA-D8-A1XJ-01Z-00-DX1,20.1297185136742,-20.522019112354,10
1_#_BRCA_00762_TCGA-D8-A1XK-01Z-00-DX1,-8.90854302846186,-23.0350702317247,2
2_#_BRCA_00762_TCGA-D8-A1XK-01Z-00-DX1,-15.2826873922413,-21.5418662370969,2
0_#_BRCA_00762_TCGA-D8-A1XK-01Z-00-DX1,-24.1633497700214,-15.1517375935187,2
3_#_BRCA_00762_TCGA-D8-A1XK-01Z-00-DX1,1.49163197206071,-13.4514694245297,2
4_#_BRCA_00762_TCGA-D8-A1XK-01Z-00-DX1,0.810305294540145,-21.2673616677186,2
5_#_BRCA_00762_TCGA-D8-A1XK-01Z-00-DX1,-24.2270273700964,-15.1715614377631,2
7_#_BRCA_00762_TCGA-D8-A1XK-01Z-00-DX1,-15.5615116111664,-21.7243645531526,2
6_#_BRCA_00762_TCGA-D8-A1XK-01Z-00-DX1,0.1936114695038,-22.2154206228759,2
0_#_BRCA_00763_TCGA-D8-A1XL-01Z-00-DX1,-17.1631315962906,-22.6641187598193,2
1_#_BRCA_00763_TCGA-D8-A1XL-01Z-00-DX1,22.3135670461775,-20.7606136560842,10
2_#_BRCA_00763_TCGA-D8-A1XL-01Z-00-DX1,-12.5977679133395,-15.414206022973,1
5_#_BRCA_00763_TCGA-D8-A1XL-01Z-00-DX1,-16.9165526606664,-22.6382704545136,2
3_#_BRCA_00763_TCGA-D8-A1XL-01Z-00-DX1,1.33507023385507,-23.0825071655248,2
4_#_BRCA_00763_TCGA-D8-A1XL-01Z-00-DX1,22.0839341450045,-24.4211879766562,10
6_#_BRCA_00763_TCGA-D8-A1XL-01Z-00-DX1,-15.5419450277171,-21.6103447563719,2
0_#_BRCA_00764_TCGA-D8-A1XL-01Z-00-DX2,0.663710187616146,-5.81873681266976,1
2_#_BRCA_00764_TCGA-D8-A1XL-01Z-00-DX2,-17.555723502555,-22.8295367614465,2
1_#_BRCA_00764_TCGA-D8-A1XL-01Z-00-DX2,-17.237813986646,-22.952576758953,2
3_#_BRCA_00764_TCGA-D8-A1XL-01Z-00-DX2,21.6812691998315,-20.8656017348963,10
5_#_BRCA_00764_TCGA-D8-A1XL-01Z-00-DX2,-10.3382332474066,-21.9080730866631,2
4_#_BRCA_00764_TCGA-D8-A1XL-01Z-00-DX2,-17.6000009553946,-22.8218087982467,2
0_#_BRCA_00765_TCGA-D8-A1XM-01Z-00-DX1,-13.0758628550367,31.9867666151037,6
1_#_BRCA_00765_TCGA-D8-A1XM-01Z-00-DX1,-10.9308308473731,35.3546802852859,6
2_#_BRCA_00765_TCGA-D8-A1XM-01Z-00-DX1,-8.89219679754932,-2.54763065531,6
4_#_BRCA_00765_TCGA-D8-A1XM-01Z-00-DX1,13.8417972628497,-16.8855492736721,4
3_#_BRCA_00765_TCGA-D8-A1XM-01Z-00-DX1,-8.362988403306,35.4902737670989,6
1_#_BRCA_00766_TCGA-D8-A1XO-01Z-00-DX1,19.5318777923628,-21.6900011395822,10
2_#_BRCA_00766_TCGA-D8-A1XO-01Z-00-DX1,8.01160460302068,-9.50216418861798,10
3_#_BRCA_00766_TCGA-D8-A1XO-01Z-00-DX1,-3.7692247418861,35.3087632141321,6
0_#_BRCA_00766_TCGA-D8-A1XO-01Z-00-DX1,7.82376849761807,-11.1266066717392,10
4_#_BRCA_00766_TCGA-D8-A1XO-01Z-00-DX1,23.9261402501257,-0.771327930634814,4
5_#_BRCA_00766_TCGA-D8-A1XO-01Z-00-DX1,7.06890618750877,-9.63456144210304,10
1_#_BRCA_00767_TCGA-D8-A1XQ-01Z-00-DX1,-11.2197390422904,-12.0665723219297,2
0_#_BRCA_00767_TCGA-D8-A1XQ-01Z-00-DX1,2.1138586907458,2.36403203396478,1
2_#_BRCA_00767_TCGA-D8-A1XQ-01Z-00-DX1,7.68045017586947,8.30014685273623,1
3_#_BRCA_00767_TCGA-D8-A1XQ-01Z-00-DX1,-10.9363916212145,-12.337628744209,2
5_#_BRCA_00767_TCGA-D8-A1XQ-01Z-00-DX1,-10.7442557674104,-12.4890251817159,2
6_#_BRCA_00767_TCGA-D8-A1XQ-01Z-00-DX1,2.44980935576623,-11.94043411671,1
4_#_BRCA_00767_TCGA-D8-A1XQ-01Z-00-DX1,21.569433679226,-8.96543652627386,4
7_#_BRCA_00767_TCGA-D8-A1XQ-01Z-00-DX1,-5.19953672163744,4.83872822009984,6
8_#_BRCA_00767_TCGA-D8-A1XQ-01Z-00-DX1,3.11555492572231,1.48985215421196,1
0_#_BRCA_00768_TCGA-D8-A1XR-01Z-00-DX1,0.076800108179299,-4.99225024677716,1
2_#_BRCA_00768_TCGA-D8-A1XR-01Z-00-DX1,3.48199351211036,-14.3884051442645,1
1_#_BRCA_00768_TCGA-D8-A1XR-01Z-00-DX1,3.45774833283589,-14.5354423580137,1
3_#_BRCA_00768_TCGA-D8-A1XR-01Z-00-DX1,0.123385161322681,-5.02965667016786,1
4_#_BRCA_00768_TCGA-D8-A1XR-01Z-00-DX1,25.1377535729595,-15.9305870607902,4
5_#_BRCA_00768_TCGA-D8-A1XR-01Z-00-DX1,1.19501597089105,2.43629649415133,5
0_#_BRCA_00769_TCGA-D8-A1XR-01Z-00-DX2,18.0106737366193,14.1692142408165,7
1_#_BRCA_00769_TCGA-D8-A1XR-01Z-00-DX2,9.14740504122054,9.85130913202413,1
3_#_BRCA_00769_TCGA-D8-A1XR-01Z-00-DX2,13.1427151238674,21.2380050662497,1
4_#_BRCA_00769_TCGA-D8-A1XR-01Z-00-DX2,12.0071333108335,21.3244921558905,1
2_#_BRCA_00769_TCGA-D8-A1XR-01Z-00-DX2,13.5359259369059,21.1061341685947,1
6_#_BRCA_00769_TCGA-D8-A1XR-01Z-00-DX2,11.4004530624695,21.0522436187713,1
5_#_BRCA_00769_TCGA-D8-A1XR-01Z-00-DX2,22.002798500652,-23.3184116785434,10
0_#_BRCA_00770_TCGA-D8-A1XS-01Z-00-DX1,3.28489811743568,-7.97158270702116,1
1_#_BRCA_00770_TCGA-D8-A1XS-01Z-00-DX1,6.32469715889735,-10.8504520213077,10
3_#_BRCA_00770_TCGA-D8-A1XS-01Z-00-DX1,2.97458960459224,-7.68266661290442,1
2_#_BRCA_00770_TCGA-D8-A1XS-01Z-00-DX1,19.9769571543569,-20.3723054682947,10
4_#_BRCA_00770_TCGA-D8-A1XS-01Z-00-DX1,21.4370554748455,-21.6754115528114,10
5_#_BRCA_00770_TCGA-D8-A1XS-01Z-00-DX1,19.6223941768231,-18.8505691981171,10
6_#_BRCA_00770_TCGA-D8-A1XS-01Z-00-DX1,-8.98492301565632,-19.3209844297444,2
7_#_BRCA_00770_TCGA-D8-A1XS-01Z-00-DX1,-21.6897623038932,-28.0750168418499,9
0_#_BRCA_00771_TCGA-D8-A1XS-01Z-00-DX2,2.66283185806679,-5.98511959508606,1
1_#_BRCA_00771_TCGA-D8-A1XS-01Z-00-DX2,2.21417838530223,-7.39842618045101,1
2_#_BRCA_00771_TCGA-D8-A1XS-01Z-00-DX2,7.095268245686,-6.56931609451871,10
3_#_BRCA_00771_TCGA-D8-A1XS-01Z-00-DX2,5.6578509583956,1.08233608073718,1
6_#_BRCA_00771_TCGA-D8-A1XS-01Z-00-DX2,-10.4630456230155,-13.4883193849673,1
4_#_BRCA_00771_TCGA-D8-A1XS-01Z-00-DX2,19.2166241665388,-20.5025029643283,10
5_#_BRCA_00771_TCGA-D8-A1XS-01Z-00-DX2,9.84207502371747,7.51338167662508,1
2_#_BRCA_00772_TCGA-D8-A1XT-01Z-00-DX1,-6.84171538308246,22.5976765442719,6
0_#_BRCA_00772_TCGA-D8-A1XT-01Z-00-DX1,-6.71195023207087,22.5742382030411,6
1_#_BRCA_00772_TCGA-D8-A1XT-01Z-00-DX1,-6.1810189757405,22.0780043443179,1
4_#_BRCA_00772_TCGA-D8-A1XT-01Z-00-DX1,19.6730631774735,-20.0332060212668,10
3_#_BRCA_00772_TCGA-D8-A1XT-01Z-00-DX1,-7.89671271851113,29.987653996863,6
5_#_BRCA_00772_TCGA-D8-A1XT-01Z-00-DX1,-6.20377720086374,22.0081910118238,1
0_#_BRCA_00773_TCGA-D8-A1XU-01Z-00-DX1,-6.37923612332632,-4.05685705234378,2
4_#_BRCA_00773_TCGA-D8-A1XU-01Z-00-DX1,4.95178644308637,-13.2630074376867,1
3_#_BRCA_00773_TCGA-D8-A1XU-01Z-00-DX1,-12.5976123486901,31.812237571156,6
1_#_BRCA_00773_TCGA-D8-A1XU-01Z-00-DX1,17.9166092945334,-17.8681854587694,10
2_#_BRCA_00773_TCGA-D8-A1XU-01Z-00-DX1,17.611010383845,-17.8155361959644,10
1_#_BRCA_00774_TCGA-D8-A1XV-01Z-00-DX1,-9.48423859871972,-3.94116815373846,6
4_#_BRCA_00774_TCGA-D8-A1XV-01Z-00-DX1,-19.0755105957316,-27.4148612330661,2
0_#_BRCA_00774_TCGA-D8-A1XV-01Z-00-DX1,0.4956099494418,-31.1910740098738,9
5_#_BRCA_00774_TCGA-D8-A1XV-01Z-00-DX1,-7.16081746497631,31.0833720619785,6
3_#_BRCA_00774_TCGA-D8-A1XV-01Z-00-DX1,2.53888859893869,-13.0320735726555,1
7_#_BRCA_00774_TCGA-D8-A1XV-01Z-00-DX1,4.71491118302932,-30.3903856390946,9
2_#_BRCA_00774_TCGA-D8-A1XV-01Z-00-DX1,4.79191165853285,29.1669836026449,6
6_#_BRCA_00774_TCGA-D8-A1XV-01Z-00-DX1,17.7203883389264,-11.0320609520036,4
1_#_BRCA_00775_TCGA-D8-A1XV-01Z-00-DX2,-0.287671277544113,-32.8293795278238,9
0_#_BRCA_00775_TCGA-D8-A1XV-01Z-00-DX2,1.06524739061804,-32.2010425257772,9
3_#_BRCA_00775_TCGA-D8-A1XV-01Z-00-DX2,6.9945219324584,-3.54101649347902,1
4_#_BRCA_00775_TCGA-D8-A1XV-01Z-00-DX2,-17.8945356231206,-27.2381927212496,2
2_#_BRCA_00775_TCGA-D8-A1XV-01Z-00-DX2,28.7958172174106,-15.3953726161534,4
5_#_BRCA_00775_TCGA-D8-A1XV-01Z-00-DX2,-9.15168032150411,-19.3975423829892,2
0_#_BRCA_00776_TCGA-D8-A1XW-01Z-00-DX1,-8.37260046507051,-3.62517274311535,6
2_#_BRCA_00776_TCGA-D8-A1XW-01Z-00-DX1,-14.3464308211129,-5.06393271029933,2
5_#_BRCA_00776_TCGA-D8-A1XW-01Z-00-DX1,-2.62410200981202,-7.49042054392806,2
1_#_BRCA_00776_TCGA-D8-A1XW-01Z-00-DX1,-22.5444475506568,-6.79015546932358,2
3_#_BRCA_00776_TCGA-D8-A1XW-01Z-00-DX1,-9.07887294431889,-3.28283042288075,6
4_#_BRCA_00776_TCGA-D8-A1XW-01Z-00-DX1,19.4122305302269,-19.2002641074348,10
6_#_BRCA_00776_TCGA-D8-A1XW-01Z-00-DX1,-4.34674770694895,36.1823527945646,6
1_#_BRCA_00777_TCGA-D8-A1XW-01Z-00-DX2,-2.13606119545196,-4.30039125270227,1
0_#_BRCA_00777_TCGA-D8-A1XW-01Z-00-DX2,5.14544834969805,-4.71097930037864,10
2_#_BRCA_00777_TCGA-D8-A1XW-01Z-00-DX2,4.04059223145526,-13.0742852708099,1
4_#_BRCA_00777_TCGA-D8-A1XW-01Z-00-DX2,-2.17858614268395,-4.57314339180172,6
5_#_BRCA_00777_TCGA-D8-A1XW-01Z-00-DX2,-2.38873149574142,-4.19370145001434,6
3_#_BRCA_00777_TCGA-D8-A1XW-01Z-00-DX2,8.08334390031614,8.45446774363987,1
6_#_BRCA_00777_TCGA-D8-A1XW-01Z-00-DX2,22.1932259803101,-21.4502068240722,10
2_#_BRCA_00778_TCGA-D8-A1XY-01Z-00-DX1,-12.0679701483733,30.8832231994161,6
0_#_BRCA_00778_TCGA-D8-A1XY-01Z-00-DX1,2.28264095715419,-15.480688330174,2
3_#_BRCA_00778_TCGA-D8-A1XY-01Z-00-DX1,-12.2118036465556,31.1256453193246,6
6_#_BRCA_00778_TCGA-D8-A1XY-01Z-00-DX1,1.55025076741585,-16.0665104841162,2
5_#_BRCA_00778_TCGA-D8-A1XY-01Z-00-DX1,-10.4638613252614,35.2043828379116,6
1_#_BRCA_00778_TCGA-D8-A1XY-01Z-00-DX1,-12.3812423022258,31.5276572495845,6
4_#_BRCA_00778_TCGA-D8-A1XY-01Z-00-DX1,12.9320804922151,12.1351890799745,1
7_#_BRCA_00778_TCGA-D8-A1XY-01Z-00-DX1,-11.5635609361303,31.798891060047,6
0_#_BRCA_00779_TCGA-D8-A1XY-01Z-00-DX2,4.9858048084821,-10.1344380346215,10
2_#_BRCA_00779_TCGA-D8-A1XY-01Z-00-DX2,3.84140995188799,-6.16520222270698,1
1_#_BRCA_00779_TCGA-D8-A1XY-01Z-00-DX2,9.67724721325706,6.59423086491552,1
3_#_BRCA_00779_TCGA-D8-A1XY-01Z-00-DX2,5.00078599259331,-4.67038461666916,1
6_#_BRCA_00779_TCGA-D8-A1XY-01Z-00-DX2,9.74369777855347,6.65214672512599,1
4_#_BRCA_00779_TCGA-D8-A1XY-01Z-00-DX2,5.88471645467814,-0.478589430214261,1
5_#_BRCA_00779_TCGA-D8-A1XY-01Z-00-DX2,10.363034574286,7.12010576743331,1
7_#_BRCA_00779_TCGA-D8-A1XY-01Z-00-DX2,21.813479093218,-9.09116875977184,4
0_#_BRCA_00780_TCGA-D8-A1XZ-01Z-00-DX1,2.04565351128641,-7.87383715352181,1
2_#_BRCA_00780_TCGA-D8-A1XZ-01Z-00-DX1,12.3196695231727,9.95762242476854,1
1_#_BRCA_00780_TCGA-D8-A1XZ-01Z-00-DX1,6.18917137822999,2.99443438828316,1
3_#_BRCA_00780_TCGA-D8-A1XZ-01Z-00-DX1,2.26714952551228,-7.38324268664279,1
4_#_BRCA_00780_TCGA-D8-A1XZ-01Z-00-DX1,14.1628554571489,-16.8865737297318,4
5_#_BRCA_00780_TCGA-D8-A1XZ-01Z-00-DX1,6.16682481710934,-5.01196903198651,5
1_#_BRCA_00781_TCGA-D8-A1XZ-01Z-00-DX2,19.6666004551191,-21.6783204865606,10
0_#_BRCA_00781_TCGA-D8-A1XZ-01Z-00-DX2,8.24420755788248,10.3213050167842,1
5_#_BRCA_00781_TCGA-D8-A1XZ-01Z-00-DX2,8.05321116222703,10.0056375834554,1
3_#_BRCA_00781_TCGA-D8-A1XZ-01Z-00-DX2,7.36751186291437,-9.45369713804134,10
2_#_BRCA_00781_TCGA-D8-A1XZ-01Z-00-DX2,8.11439465604483,10.2353279450996,1
6_#_BRCA_00781_TCGA-D8-A1XZ-01Z-00-DX2,21.8655880744319,-25.5199982716749,10
4_#_BRCA_00781_TCGA-D8-A1XZ-01Z-00-DX2,6.81313398770327,-27.3281927493935,9
0_#_BRCA_00782_TCGA-D8-A1Y0-01Z-00-DX1,9.08943709750593,10.6982066747006,1
2_#_BRCA_00782_TCGA-D8-A1Y0-01Z-00-DX1,15.7278382852716,-13.3675053675201,4
1_#_BRCA_00782_TCGA-D8-A1Y0-01Z-00-DX1,2.83253130946816,-13.0653562501591,1
3_#_BRCA_00782_TCGA-D8-A1Y0-01Z-00-DX1,20.8604953817573,-19.8991373352337,10
4_#_BRCA_00782_TCGA-D8-A1Y0-01Z-00-DX1,26.7447875182289,-14.0247596099983,4
6_#_BRCA_00782_TCGA-D8-A1Y0-01Z-00-DX1,-7.93470389594976,23.7117424131322,6
5_#_BRCA_00782_TCGA-D8-A1Y0-01Z-00-DX1,23.8681806689924,-18.1845163853602,4
1_#_BRCA_00783_TCGA-D8-A1Y0-01Z-00-DX2,12.1034272236599,6.64861633197823,1
0_#_BRCA_00783_TCGA-D8-A1Y0-01Z-00-DX2,13.0645219925284,5.89617718117817,10
2_#_BRCA_00783_TCGA-D8-A1Y0-01Z-00-DX2,6.75147041741781,-6.99699772307797,10
4_#_BRCA_00783_TCGA-D8-A1Y0-01Z-00-DX2,30.79464845421,-20.0392278096355,4
5_#_BRCA_00783_TCGA-D8-A1Y0-01Z-00-DX2,22.7873047544839,-24.2859072392083,10
3_#_BRCA_00783_TCGA-D8-A1Y0-01Z-00-DX2,24.2533043625572,-23.8403925314855,10
6_#_BRCA_00783_TCGA-D8-A1Y0-01Z-00-DX2,-9.59259096550564,-27.3246836862071,2
1_#_BRCA_00784_TCGA-D8-A1Y1-01Z-00-DX1,9.60502363490086,6.44976011180549,1
3_#_BRCA_00784_TCGA-D8-A1Y1-01Z-00-DX1,3.16039793320385,-13.204772579019,1
0_#_BRCA_00784_TCGA-D8-A1Y1-01Z-00-DX1,9.67696561224112,5.9021287969641,1
2_#_BRCA_00784_TCGA-D8-A1Y1-01Z-00-DX1,0.901231211929925,-4.90775136563948,1
5_#_BRCA_00784_TCGA-D8-A1Y1-01Z-00-DX1,7.10643253194198,1.95791402371805,1
4_#_BRCA_00784_TCGA-D8-A1Y1-01Z-00-DX1,7.23869303652021,-24.8557972685242,1
0_#_BRCA_00785_TCGA-D8-A1Y1-01Z-00-DX2,12.2900346291358,11.0955792078697,1
5_#_BRCA_00785_TCGA-D8-A1Y1-01Z-00-DX2,4.87361552546351,10.908597897777,1
2_#_BRCA_00785_TCGA-D8-A1Y1-01Z-00-DX2,12.3011313786072,10.9728688487394,1
1_#_BRCA_00785_TCGA-D8-A1Y1-01Z-00-DX2,6.85705673081548,-28.2538710820067,9
3_#_BRCA_00785_TCGA-D8-A1Y1-01Z-00-DX2,11.214019623784,-4.9613834043437,7
7_#_BRCA_00785_TCGA-D8-A1Y1-01Z-00-DX2,12.3646726763084,11.0921093137027,1
4_#_BRCA_00785_TCGA-D8-A1Y1-01Z-00-DX2,11.3211753205084,20.9354508741709,1
6_#_BRCA_00785_TCGA-D8-A1Y1-01Z-00-DX2,9.83555394065781,24.2793207185352,1
1_#_BRCA_00786_TCGA-D8-A1Y2-01Z-00-DX1,2.93974572382727,-13.2332016680823,1
0_#_BRCA_00786_TCGA-D8-A1Y2-01Z-00-DX1,2.03686409509728,-5.68952739898295,1
4_#_BRCA_00786_TCGA-D8-A1Y2-01Z-00-DX1,4.93258683368599,29.2006369937746,6
2_#_BRCA_00786_TCGA-D8-A1Y2-01Z-00-DX1,1.90542493461938,-5.84601985524744,1
3_#_BRCA_00786_TCGA-D8-A1Y2-01Z-00-DX1,6.44833459812286,-29.1846082210065,9
5_#_BRCA_00786_TCGA-D8-A1Y2-01Z-00-DX1,3.40815176977636,-13.9470641965889,1
0_#_BRCA_00787_TCGA-D8-A1Y2-01Z-00-DX2,4.75409811623065,-14.2866382545137,10
1_#_BRCA_00787_TCGA-D8-A1Y2-01Z-00-DX2,5.70133889799621,-6.86428659337668,1
2_#_BRCA_00787_TCGA-D8-A1Y2-01Z-00-DX2,10.9280766863546,8.54975900033267,1
4_#_BRCA_00787_TCGA-D8-A1Y2-01Z-00-DX2,11.0543736508879,7.1375774915999,1
3_#_BRCA_00787_TCGA-D8-A1Y2-01Z-00-DX2,11.3969894004194,8.61304200246665,1
5_#_BRCA_00787_TCGA-D8-A1Y2-01Z-00-DX2,13.5876688647145,8.20840468105867,1
0_#_BRCA_00788_TCGA-D8-A1Y3-01Z-00-DX1,-26.8919993261726,-10.2306218712006,1
3_#_BRCA_00788_TCGA-D8-A1Y3-01Z-00-DX1,8.28400841268718,-12.1908151803547,10
2_#_BRCA_00788_TCGA-D8-A1Y3-01Z-00-DX1,-26.9010419017344,-10.123883755001,1
1_#_BRCA_00788_TCGA-D8-A1Y3-01Z-00-DX1,-26.5925495634525,-9.74615621418771,1
4_#_BRCA_00788_TCGA-D8-A1Y3-01Z-00-DX1,-17.2321709053686,-23.925439860745,2
5_#_BRCA_00788_TCGA-D8-A1Y3-01Z-00-DX1,15.1047671733783,-24.1743164328244,10
6_#_BRCA_00788_TCGA-D8-A1Y3-01Z-00-DX1,-26.8115697292311,-10.3895077151274,2
2_#_BRCA_00789_TCGA-D8-A1Y3-01Z-00-DX2,2.19430274553455,-4.70342881534699,1
0_#_BRCA_00789_TCGA-D8-A1Y3-01Z-00-DX2,9.14534274905835,7.46264668719306,1
1_#_BRCA_00789_TCGA-D8-A1Y3-01Z-00-DX2,8.98758633565159,7.15015145189568,1
3_#_BRCA_00789_TCGA-D8-A1Y3-01Z-00-DX2,9.63466849172416,9.18760205293731,1
5_#_BRCA_00789_TCGA-D8-A1Y3-01Z-00-DX2,8.54433171106941,9.64882295824598,1
4_#_BRCA_00789_TCGA-D8-A1Y3-01Z-00-DX2,5.93403452737059,-0.289436700788477,1
0_#_BRCA_00790_TCGA-D8-A27E-01Z-00-DX1,28.9181551747244,-16.1243194822927,10
1_#_BRCA_00790_TCGA-D8-A27E-01Z-00-DX1,-17.6680926525722,-26.885387777908,2
3_#_BRCA_00790_TCGA-D8-A27E-01Z-00-DX1,30.9173333909039,-18.5027874059266,4
2_#_BRCA_00790_TCGA-D8-A27E-01Z-00-DX1,31.2877110529491,-21.3351676736016,4
4_#_BRCA_00790_TCGA-D8-A27E-01Z-00-DX1,1.53150291649492,-30.630367000623,9
5_#_BRCA_00790_TCGA-D8-A27E-01Z-00-DX1,-17.8265917957309,-27.0949924059221,2
6_#_BRCA_00790_TCGA-D8-A27E-01Z-00-DX1,-12.8089799641646,-29.3826757761239,2
7_#_BRCA_00790_TCGA-D8-A27E-01Z-00-DX1,27.4491839965466,-23.3429281225727,10
0_#_BRCA_00791_TCGA-D8-A27F-01Z-00-DX1,-10.9418209128052,-18.84839650656,2
4_#_BRCA_00791_TCGA-D8-A27F-01Z-00-DX1,-11.4748183121567,-19.2071299123763,2
1_#_BRCA_00791_TCGA-D8-A27F-01Z-00-DX1,-11.6113796733575,-19.1721618658779,2
2_#_BRCA_00791_TCGA-D8-A27F-01Z-00-DX1,19.3686732313954,-19.8041185714275,10
5_#_BRCA_00791_TCGA-D8-A27F-01Z-00-DX1,4.483606935745,-12.9292276658444,1
3_#_BRCA_00791_TCGA-D8-A27F-01Z-00-DX1,5.09906349320718,-10.6540425412842,10
1_#_BRCA_00792_TCGA-D8-A27G-01Z-00-DX1,17.9943650106656,-14.4279177670002,4
3_#_BRCA_00792_TCGA-D8-A27G-01Z-00-DX1,16.0233042456703,-15.1251774086327,4
0_#_BRCA_00792_TCGA-D8-A27G-01Z-00-DX1,0.723437547364045,31.9913330618938,6
4_#_BRCA_00792_TCGA-D8-A27G-01Z-00-DX1,-3.90187797749186,35.4533692277376,6
2_#_BRCA_00792_TCGA-D8-A27G-01Z-00-DX1,-9.8470147005121,36.048185051135,6
6_#_BRCA_00792_TCGA-D8-A27G-01Z-00-DX1,-8.26511943710282,35.480153865083,6
5_#_BRCA_00792_TCGA-D8-A27G-01Z-00-DX1,-9.92796923984882,36.3478474886831,6
0_#_BRCA_00793_TCGA-D8-A27H-01Z-00-DX1,6.0962426902086,-28.2601400505467,10
1_#_BRCA_00793_TCGA-D8-A27H-01Z-00-DX1,7.14048171881328,-14.2004152666181,10
3_#_BRCA_00793_TCGA-D8-A27H-01Z-00-DX1,12.0096927225621,-24.6250220430203,10
2_#_BRCA_00793_TCGA-D8-A27H-01Z-00-DX1,-16.9954277093725,-12.5013017193493,2
5_#_BRCA_00793_TCGA-D8-A27H-01Z-00-DX1,-20.9691119122354,-8.54851813597023,2
4_#_BRCA_00793_TCGA-D8-A27H-01Z-00-DX1,6.82640770141183,-12.7608115871353,10
6_#_BRCA_00793_TCGA-D8-A27H-01Z-00-DX1,7.46295014802551,-10.349528349789,10
7_#_BRCA_00793_TCGA-D8-A27H-01Z-00-DX1,28.9060636598254,-15.7074017716359,10
3_#_BRCA_00794_TCGA-D8-A27I-01Z-00-DX1,19.906468233242,6.73709394828037,7
1_#_BRCA_00794_TCGA-D8-A27I-01Z-00-DX1,19.9685349190089,6.806398718347,7
0_#_BRCA_00794_TCGA-D8-A27I-01Z-00-DX1,-3.26417112672412,33.1297069705713,6
7_#_BRCA_00794_TCGA-D8-A27I-01Z-00-DX1,-3.6845279718139,3.42436086320769,6
2_#_BRCA_00794_TCGA-D8-A27I-01Z-00-DX1,21.2674576595247,6.92754467831573,7
4_#_BRCA_00794_TCGA-D8-A27I-01Z-00-DX1,-3.7088162424332,3.18639634251921,6
5_#_BRCA_00794_TCGA-D8-A27I-01Z-00-DX1,20.9692871593826,6.95212333998478,7
6_#_BRCA_00794_TCGA-D8-A27I-01Z-00-DX1,-10.7366356384064,0.236870241322336,7
1_#_BRCA_00795_TCGA-D8-A27K-01Z-00-DX1,-26.1056988686703,-8.82652126841876,1
0_#_BRCA_00795_TCGA-D8-A27K-01Z-00-DX1,-26.0547651852172,-8.92362419723523,1
2_#_BRCA_00795_TCGA-D8-A27K-01Z-00-DX1,-13.8859738132606,-22.6643761947483,2
4_#_BRCA_00795_TCGA-D8-A27K-01Z-00-DX1,20.6702705567531,-22.7328468696161,10
6_#_BRCA_00795_TCGA-D8-A27K-01Z-00-DX1,7.33346210761158,-10.9239039680388,10
3_#_BRCA_00795_TCGA-D8-A27K-01Z-00-DX1,-26.0907637574403,-8.92740011402822,1
5_#_BRCA_00795_TCGA-D8-A27K-01Z-00-DX1,-26.1391124121286,-8.69826696325724,1
0_#_BRCA_00796_TCGA-D8-A27L-01Z-00-DX1,19.1168257054181,-19.7518767529847,10
2_#_BRCA_00796_TCGA-D8-A27L-01Z-00-DX1,29.8771652465966,-20.180668936293,4
1_#_BRCA_00796_TCGA-D8-A27L-01Z-00-DX1,23.1346446136863,-22.4140969624725,4
4_#_BRCA_00796_TCGA-D8-A27L-01Z-00-DX1,10.8399377467865,-25.6205186453771,10
3_#_BRCA_00796_TCGA-D8-A27L-01Z-00-DX1,5.71553158855631,-10.5680476588205,10
5_#_BRCA_00796_TCGA-D8-A27L-01Z-00-DX1,7.38721073435277,-9.89587101231851,10
6_#_BRCA_00796_TCGA-D8-A27L-01Z-00-DX1,-12.5863187333732,-19.515164072324,2
4_#_BRCA_00797_TCGA-D8-A27M-01Z-00-DX1,-9.49122478965472,-12.5289626031996,5
3_#_BRCA_00797_TCGA-D8-A27M-01Z-00-DX1,33.0594631396968,18.1810231339191,7
0_#_BRCA_00797_TCGA-D8-A27M-01Z-00-DX1,-9.40227710255502,-12.4700199823649,5
5_#_BRCA_00797_TCGA-D8-A27M-01Z-00-DX1,3.53374993878856,-2.43932086618116,5
2_#_BRCA_00797_TCGA-D8-A27M-01Z-00-DX1,7.16697525744693,-8.67270965997508,10
1_#_BRCA_00797_TCGA-D8-A27M-01Z-00-DX1,-6.56945475162645,8.02591794435339,5
6_#_BRCA_00797_TCGA-D8-A27M-01Z-00-DX1,14.6895652501097,13.4354186890267,6
3_#_BRCA_00798_TCGA-D8-A27N-01Z-00-DX1,1.98238162195611,6.4234866521958,1
0_#_BRCA_00798_TCGA-D8-A27N-01Z-00-DX1,4.46701647303977,3.94622385578281,1
4_#_BRCA_00798_TCGA-D8-A27N-01Z-00-DX1,6.09247450389087,5.89750970017766,1
2_#_BRCA_00798_TCGA-D8-A27N-01Z-00-DX1,5.59842318766855,5.68337303822044,1
5_#_BRCA_00798_TCGA-D8-A27N-01Z-00-DX1,2.89673272593369,15.88416925345,1
1_#_BRCA_00798_TCGA-D8-A27N-01Z-00-DX1,2.87739073715096,15.9053008179865,1
2_#_BRCA_00799_TCGA-D8-A27N-01Z-00-DX2,7.35321476894752,-9.49987199929187,10
0_#_BRCA_00799_TCGA-D8-A27N-01Z-00-DX2,6.67557348159193,-12.6592533453544,10
3_#_BRCA_00799_TCGA-D8-A27N-01Z-00-DX2,-11.4381498206051,-6.02227587053428,2
1_#_BRCA_00799_TCGA-D8-A27N-01Z-00-DX2,14.1221781780766,13.4746967914441,1
4_#_BRCA_00799_TCGA-D8-A27N-01Z-00-DX2,10.3980865773775,7.22329957450538,1
0_#_BRCA_00800_TCGA-D8-A27P-01Z-00-DX1,-6.00122249735782,-13.1739044341238,2
1_#_BRCA_00800_TCGA-D8-A27P-01Z-00-DX1,20.0782566640864,-20.2440839249239,10
3_#_BRCA_00800_TCGA-D8-A27P-01Z-00-DX1,3.8745629981803,-2.46750976091347,1
5_#_BRCA_00800_TCGA-D8-A27P-01Z-00-DX1,-29.430648788568,1.81856833202597,2
2_#_BRCA_00800_TCGA-D8-A27P-01Z-00-DX1,23.6740361543572,0.460790709024494,7
4_#_BRCA_00800_TCGA-D8-A27P-01Z-00-DX1,22.3612644753319,-20.7669930573188,10
6_#_BRCA_00800_TCGA-D8-A27P-01Z-00-DX1,-8.40477133007579,-25.7535488970961,2
7_#_BRCA_00800_TCGA-D8-A27P-01Z-00-DX1,-0.922156660244288,-27.608792678319,9
1_#_BRCA_00801_TCGA-D8-A27R-01Z-00-DX1,0.860653648679586,-4.88016306420392,1
0_#_BRCA_00801_TCGA-D8-A27R-01Z-00-DX1,5.41056481197961,-10.0849790301191,10
2_#_BRCA_00801_TCGA-D8-A27R-01Z-00-DX1,17.1271774401264,-19.9493456138242,10
3_#_BRCA_00801_TCGA-D8-A27R-01Z-00-DX1,-9.62062972315159,-3.44659817499092,6
4_#_BRCA_00801_TCGA-D8-A27R-01Z-00-DX1,5.47765306874124,-10.2514929354639,10
5_#_BRCA_00801_TCGA-D8-A27R-01Z-00-DX1,-8.63402888392483,-20.8577238174764,2
0_#_BRCA_00802_TCGA-D8-A27R-01Z-00-DX2,5.51324474671361,-10.1396601982327,10
2_#_BRCA_00802_TCGA-D8-A27R-01Z-00-DX2,2.97890823344417,-4.79639570932848,1
5_#_BRCA_00802_TCGA-D8-A27R-01Z-00-DX2,9.29344888432013,9.71131183928471,1
4_#_BRCA_00802_TCGA-D8-A27R-01Z-00-DX2,-7.43161844025366,-4.42600160082136,6
6_#_BRCA_00802_TCGA-D8-A27R-01Z-00-DX2,21.4858324828019,-21.0031400454057,10
1_#_BRCA_00802_TCGA-D8-A27R-01Z-00-DX2,8.94644739251146,9.88310519505726,1
3_#_BRCA_00802_TCGA-D8-A27R-01Z-00-DX2,9.71423798413442,24.0128600585562,1
0_#_BRCA_00803_TCGA-D8-A27T-01Z-00-DX1,5.39588563564205,5.84741714866776,1
1_#_BRCA_00803_TCGA-D8-A27T-01Z-00-DX1,24.271987759897,7.52642822012006,7
6_#_BRCA_00803_TCGA-D8-A27T-01Z-00-DX1,5.18496327171148,6.00854064808988,1
3_#_BRCA_00803_TCGA-D8-A27T-01Z-00-DX1,6.17750967516709,5.92978683955281,1
2_#_BRCA_00803_TCGA-D8-A27T-01Z-00-DX1,5.08249080117179,1.93360303014166,7
4_#_BRCA_00803_TCGA-D8-A27T-01Z-00-DX1,12.3299750688438,-31.7643743136501,9
5_#_BRCA_00803_TCGA-D8-A27T-01Z-00-DX1,1.22588853142248,-1.16291272641821,5
0_#_BRCA_00804_TCGA-D8-A27T-01Z-00-DX2,0.105602783409496,-9.22725414365774,1
1_#_BRCA_00804_TCGA-D8-A27T-01Z-00-DX2,14.0958397248228,5.02224284967054,10
2_#_BRCA_00804_TCGA-D8-A27T-01Z-00-DX2,29.2511973892068,-16.9736745109609,4
4_#_BRCA_00804_TCGA-D8-A27T-01Z-00-DX2,31.3543112060691,-20.0212583161238,10
3_#_BRCA_00804_TCGA-D8-A27T-01Z-00-DX2,14.1938377355602,7.3109496391541,1
5_#_BRCA_00804_TCGA-D8-A27T-01Z-00-DX2,0.109850706111122,-9.56677277439377,2
0_#_BRCA_00805_TCGA-D8-A27V-01Z-00-DX1,-3.60108742656186,3.05401493074748,10
1_#_BRCA_00805_TCGA-D8-A27V-01Z-00-DX1,34.1750725303417,-8.58951619962666,4
3_#_BRCA_00805_TCGA-D8-A27V-01Z-00-DX1,-10.2938035971456,-3.28158344284344,6
2_#_BRCA_00805_TCGA-D8-A27V-01Z-00-DX1,30.1133634802863,-16.6320431267405,4
4_#_BRCA_00805_TCGA-D8-A27V-01Z-00-DX1,8.08498074743218,-9.41914913414277,10
5_#_BRCA_00805_TCGA-D8-A27V-01Z-00-DX1,11.7851816170408,13.269055997026,1
7_#_BRCA_00805_TCGA-D8-A27V-01Z-00-DX1,11.1544885520439,-25.5113171846039,10
6_#_BRCA_00805_TCGA-D8-A27V-01Z-00-DX1,18.0352008629934,-19.5021266798803,2
0_#_BRCA_00806_TCGA-D8-A27V-01Z-00-DX2,-0.747770058530079,-3.53459336106609,1
2_#_BRCA_00806_TCGA-D8-A27V-01Z-00-DX2,7.5277056323694,-3.27997786985211,1
6_#_BRCA_00806_TCGA-D8-A27V-01Z-00-DX2,11.3191410995773,6.84801174895661,1
1_#_BRCA_00806_TCGA-D8-A27V-01Z-00-DX2,10.3972338589946,3.30847698014224,1
5_#_BRCA_00806_TCGA-D8-A27V-01Z-00-DX2,11.6200144040764,6.70751330874228,1
4_#_BRCA_00806_TCGA-D8-A27V-01Z-00-DX2,-0.782930512781952,-3.5306428843883,1
3_#_BRCA_00806_TCGA-D8-A27V-01Z-00-DX2,10.2076793564894,24.2714592496143,1
7_#_BRCA_00806_TCGA-D8-A27V-01Z-00-DX2,8.84071069261558,9.90257361725481,1
0_#_BRCA_00807_TCGA-D8-A27W-01Z-00-DX1,2.91087043603365,-29.3118950616234,9
1_#_BRCA_00807_TCGA-D8-A27W-01Z-00-DX1,15.613859960274,-10.6168367499112,4
2_#_BRCA_00807_TCGA-D8-A27W-01Z-00-DX1,5.12779821642828,-30.1696387648844,9
3_#_BRCA_00807_TCGA-D8-A27W-01Z-00-DX1,7.28364073382329,-24.9545526732426,1
5_#_BRCA_00807_TCGA-D8-A27W-01Z-00-DX1,18.8280896967139,-11.676604945768,4
4_#_BRCA_00807_TCGA-D8-A27W-01Z-00-DX1,6.74971011851737,-4.11502948071776,1
0_#_BRCA_00808_TCGA-D8-A27W-01Z-00-DX2,4.16219796751342,16.0347617029965,1
1_#_BRCA_00808_TCGA-D8-A27W-01Z-00-DX2,-0.397080915626135,1.4962945203881,9
2_#_BRCA_00808_TCGA-D8-A27W-01Z-00-DX2,2.51608478405031,-29.2152251485939,9
3_#_BRCA_00808_TCGA-D8-A27W-01Z-00-DX2,2.78743571679127,-29.484519173303,9
4_#_BRCA_00808_TCGA-D8-A27W-01Z-00-DX2,2.83477222214402,-28.9610984302062,9
2_#_BRCA_00809_TCGA-D8-A3Z5-01Z-00-DX1,31.2783383370073,-24.2125008365787,4
0_#_BRCA_00809_TCGA-D8-A3Z5-01Z-00-DX1,37.1131907036579,-9.54423224212456,4
1_#_BRCA_00809_TCGA-D8-A3Z5-01Z-00-DX1,34.2233336541722,-7.62802571655989,4
5_#_BRCA_00809_TCGA-D8-A3Z5-01Z-00-DX1,26.5481514288101,-5.88483330119256,4
6_#_BRCA_00809_TCGA-D8-A3Z5-01Z-00-DX1,30.8981328984526,-24.2614108097537,4
3_#_BRCA_00809_TCGA-D8-A3Z5-01Z-00-DX1,36.9070360441195,-9.48582028459576,4
4_#_BRCA_00809_TCGA-D8-A3Z5-01Z-00-DX1,37.0813147283174,-9.83023386292534,4
0_#_BRCA_00810_TCGA-D8-A3Z5-01Z-00-DX2,31.10268244289,-24.5020334660826,4
3_#_BRCA_00810_TCGA-D8-A3Z5-01Z-00-DX2,-2.95014764150052,31.1506666663737,6
1_#_BRCA_00810_TCGA-D8-A3Z5-01Z-00-DX2,5.73353614144591,1.02331907584699,7
2_#_BRCA_00810_TCGA-D8-A3Z5-01Z-00-DX2,37.0058611196196,-9.5675675935582,4
5_#_BRCA_00810_TCGA-D8-A3Z5-01Z-00-DX2,30.9641999580966,-24.4959301106668,4
4_#_BRCA_00810_TCGA-D8-A3Z5-01Z-00-DX2,22.3351900275519,-22.9306374498575,10
1_#_BRCA_00811_TCGA-D8-A3Z5-01Z-00-DX3,30.4417827587439,-24.3559910606516,4
2_#_BRCA_00811_TCGA-D8-A3Z5-01Z-00-DX3,30.4250120411937,-24.4670337214792,4
0_#_BRCA_00811_TCGA-D8-A3Z5-01Z-00-DX3,37.1099459347361,-2.97757538880401,1
3_#_BRCA_00811_TCGA-D8-A3Z5-01Z-00-DX3,37.0001347327097,-2.68787119087154,1
4_#_BRCA_00811_TCGA-D8-A3Z5-01Z-00-DX3,30.4105179374204,-24.4685414843477,4
5_#_BRCA_00811_TCGA-D8-A3Z5-01Z-00-DX3,32.5970402931515,-8.63192001434929,4
6_#_BRCA_00811_TCGA-D8-A3Z5-01Z-00-DX3,21.6202423334114,-19.1922487750938,4
7_#_BRCA_00811_TCGA-D8-A3Z5-01Z-00-DX3,11.6126017782702,-21.3814450111126,9
0_#_BRCA_00812_TCGA-D8-A3Z6-01Z-00-DX1,3.92296603386331,-4.55441296321872,1
1_#_BRCA_00812_TCGA-D8-A3Z6-01Z-00-DX1,4.14308248368806,-0.923741950369141,1
4_#_BRCA_00812_TCGA-D8-A3Z6-01Z-00-DX1,3.94537340206242,-4.90910993938212,1
2_#_BRCA_00812_TCGA-D8-A3Z6-01Z-00-DX1,8.14180276681627,-9.43923822491271,10
6_#_BRCA_00812_TCGA-D8-A3Z6-01Z-00-DX1,20.7844514438723,-19.2521344395786,4
5_#_BRCA_00812_TCGA-D8-A3Z6-01Z-00-DX1,-5.30613342377433,2.99248139660392,4
3_#_BRCA_00812_TCGA-D8-A3Z6-01Z-00-DX1,30.4176853032874,-22.0183041309996,4
0_#_BRCA_00813_TCGA-D8-A3Z6-01Z-00-DX2,5.75541704101483,-9.59712198086288,10
4_#_BRCA_00813_TCGA-D8-A3Z6-01Z-00-DX2,35.0563599653394,-7.94921201661458,4
3_#_BRCA_00813_TCGA-D8-A3Z6-01Z-00-DX2,6.30245251983338,-9.37150284466961,10
1_#_BRCA_00813_TCGA-D8-A3Z6-01Z-00-DX2,-4.06582386655077,1.67884962579373,10
2_#_BRCA_00813_TCGA-D8-A3Z6-01Z-00-DX2,-12.8630549262119,-29.2750428049415,2
0_#_BRCA_00814_TCGA-D8-A3Z6-01Z-00-DX3,11.346356609606,29.9497426686891,7
1_#_BRCA_00814_TCGA-D8-A3Z6-01Z-00-DX3,11.4610080584272,30.2407908667359,7
4_#_BRCA_00814_TCGA-D8-A3Z6-01Z-00-DX3,14.8074490197162,-12.9788414688698,4
3_#_BRCA_00814_TCGA-D8-A3Z6-01Z-00-DX3,11.9771443542159,-24.9233165973917,10
2_#_BRCA_00814_TCGA-D8-A3Z6-01Z-00-DX3,15.0515741666447,-24.4182483711376,10
5_#_BRCA_00814_TCGA-D8-A3Z6-01Z-00-DX3,21.1289244524999,-25.4208571892154,10
6_#_BRCA_00814_TCGA-D8-A3Z6-01Z-00-DX3,16.7324499950393,-21.77308247526,10
1_#_BRCA_00815_TCGA-D8-A4Z1-01Z-00-DX1,-6.45247247761187,-3.40880976461809,6
3_#_BRCA_00815_TCGA-D8-A4Z1-01Z-00-DX1,20.480586585952,-22.8642129307697,10
0_#_BRCA_00815_TCGA-D8-A4Z1-01Z-00-DX1,23.9172199414939,-23.8163391474957,10
2_#_BRCA_00815_TCGA-D8-A4Z1-01Z-00-DX1,-13.3948733235659,36.4744176559805,6
4_#_BRCA_00815_TCGA-D8-A4Z1-01Z-00-DX1,-13.0833689118969,36.4067651595359,6
7_#_BRCA_00815_TCGA-D8-A4Z1-01Z-00-DX1,20.1361671942164,-20.9781038808879,10
6_#_BRCA_00815_TCGA-D8-A4Z1-01Z-00-DX1,-6.28575906498427,-3.49332672258565,10
5_#_BRCA_00815_TCGA-D8-A4Z1-01Z-00-DX1,-39.7047398833776,3.25699546397726,8
1_#_BRCA_00816_TCGA-D8-A73U-01Z-00-DX1,7.0114660885207,-6.31689154829346,10
0_#_BRCA_00816_TCGA-D8-A73U-01Z-00-DX1,16.8379537607269,14.8470796827804,1
2_#_BRCA_00816_TCGA-D8-A73U-01Z-00-DX1,28.3285013058205,-15.8234966591753,4
3_#_BRCA_00816_TCGA-D8-A73U-01Z-00-DX1,6.82318718164943,-9.33289364175732,10
4_#_BRCA_00816_TCGA-D8-A73U-01Z-00-DX1,11.1301223649432,-25.5429389163263,10
5_#_BRCA_00816_TCGA-D8-A73U-01Z-00-DX1,16.7360436948065,14.769849591354,1
6_#_BRCA_00816_TCGA-D8-A73U-01Z-00-DX1,9.19133313488941,2.89593414835916,1
0_#_BRCA_00818_TCGA-D8-A73W-01Z-00-DX1,1.7816479709777,-30.8491913924213,9
5_#_BRCA_00818_TCGA-D8-A73W-01Z-00-DX1,2.3026053062947,-31.0151697917058,9
4_#_BRCA_00818_TCGA-D8-A73W-01Z-00-DX1,2.26505413900826,-30.8535344549391,9
3_#_BRCA_00818_TCGA-D8-A73W-01Z-00-DX1,1.58113684495581,-30.8181178891716,9
2_#_BRCA_00818_TCGA-D8-A73W-01Z-00-DX1,1.51227878611383,-28.0538290903542,9
6_#_BRCA_00818_TCGA-D8-A73W-01Z-00-DX1,21.8004203212317,-8.09037992973583,4
1_#_BRCA_00818_TCGA-D8-A73W-01Z-00-DX1,21.5519865121008,-8.10298001025765,4
8_#_BRCA_00818_TCGA-D8-A73W-01Z-00-DX1,1.17344363034329,6.60757925209691,1
7_#_BRCA_00818_TCGA-D8-A73W-01Z-00-DX1,1.13717812989861,-22.894191934864,2
0_#_BRCA_00819_TCGA-D8-A73W-01Z-00-DX2,3.85134739368328,-25.4553879612071,9
2_#_BRCA_00819_TCGA-D8-A73W-01Z-00-DX2,17.5445321597029,-12.4679719456054,4
1_#_BRCA_00819_TCGA-D8-A73W-01Z-00-DX2,8.0045689773813,-15.4155715703177,10
3_#_BRCA_00819_TCGA-D8-A73W-01Z-00-DX2,8.16352848268938,-15.330699153102,1
5_#_BRCA_00819_TCGA-D8-A73W-01Z-00-DX2,20.2080509043324,-20.6561458994091,10
4_#_BRCA_00819_TCGA-D8-A73W-01Z-00-DX2,-21.1446039966668,-7.57150999618209,2
0_#_BRCA_00820_TCGA-D8-A73X-01Z-00-DX1,12.1905052114455,8.54735163413101,1
1_#_BRCA_00820_TCGA-D8-A73X-01Z-00-DX1,13.2452064451418,7.11329245712964,1
2_#_BRCA_00820_TCGA-D8-A73X-01Z-00-DX1,13.6369322324342,7.14781121498642,1
3_#_BRCA_00820_TCGA-D8-A73X-01Z-00-DX1,27.5184760763164,-24.6145308730732,10
5_#_BRCA_00820_TCGA-D8-A73X-01Z-00-DX1,11.0655573185135,-25.5556434173662,10
4_#_BRCA_00820_TCGA-D8-A73X-01Z-00-DX1,1.12163093194954,-25.423903172498,9
3_#_BRCA_00821_TCGA-D8-A73X-01Z-00-DX2,27.322923929063,-23.3645186331477,10
1_#_BRCA_00821_TCGA-D8-A73X-01Z-00-DX2,21.9662905679088,-24.9738870659968,10
0_#_BRCA_00821_TCGA-D8-A73X-01Z-00-DX2,18.9768068995514,-23.4853057503116,10
2_#_BRCA_00821_TCGA-D8-A73X-01Z-00-DX2,20.7495790084241,-25.8889176975582,10
4_#_BRCA_00821_TCGA-D8-A73X-01Z-00-DX2,19.3167809752697,-23.1977527908258,10
6_#_BRCA_00821_TCGA-D8-A73X-01Z-00-DX2,18.8345473888196,-23.424388897089,10
5_#_BRCA_00821_TCGA-D8-A73X-01Z-00-DX2,-0.901989695040344,-27.5097073796389,9
0_#_BRCA_00822_TCGA-E2-A105-01Z-00-DX1,2.3824747725277,-8.86769944850033,2
1_#_BRCA_00822_TCGA-E2-A105-01Z-00-DX1,12.8775670344557,-18.2267642087435,4
5_#_BRCA_00822_TCGA-E2-A105-01Z-00-DX1,28.0570335367143,-21.5948671895374,4
2_#_BRCA_00822_TCGA-E2-A105-01Z-00-DX1,20.6532230592344,-20.8376958711668,10
3_#_BRCA_00822_TCGA-E2-A105-01Z-00-DX1,4.32260675230193,19.0106496778917,1
4_#_BRCA_00822_TCGA-E2-A105-01Z-00-DX1,-9.4881320265358,-28.6387599244305,2
6_#_BRCA_00822_TCGA-E2-A105-01Z-00-DX1,-4.47619221946639,-12.4392457289607,2
7_#_BRCA_00822_TCGA-E2-A105-01Z-00-DX1,17.4723421701273,-22.5218394774548,10
0_#_BRCA_00823_TCGA-E2-A106-01Z-00-DX1,23.8024210359197,-5.7590097924403,4
2_#_BRCA_00823_TCGA-E2-A106-01Z-00-DX1,6.82299473647931,-15.6329384659097,10
1_#_BRCA_00823_TCGA-E2-A106-01Z-00-DX1,6.92295401433907,-15.5547358131357,10
3_#_BRCA_00823_TCGA-E2-A106-01Z-00-DX1,6.96651569101226,-15.6663707137951,10
6_#_BRCA_00823_TCGA-E2-A106-01Z-00-DX1,3.85416686518172,-18.4972768610569,2
4_#_BRCA_00823_TCGA-E2-A106-01Z-00-DX1,6.83157144618021,-15.6381799047736,10
5_#_BRCA_00823_TCGA-E2-A106-01Z-00-DX1,28.1334959803326,-19.765832016193,4
1_#_BRCA_00824_TCGA-E2-A107-01Z-00-DX1,30.6226342150981,-23.3097100509481,2
2_#_BRCA_00824_TCGA-E2-A107-01Z-00-DX1,34.9394777711459,-6.98445556541864,4
0_#_BRCA_00824_TCGA-E2-A107-01Z-00-DX1,30.3001324940629,-23.593448754275,4
3_#_BRCA_00824_TCGA-E2-A107-01Z-00-DX1,0.739874708230381,23.118609655587,1
4_#_BRCA_00824_TCGA-E2-A107-01Z-00-DX1,30.8579305733452,-20.8056467248217,4
5_#_BRCA_00824_TCGA-E2-A107-01Z-00-DX1,27.563953889285,-24.696421911921,10
7_#_BRCA_00824_TCGA-E2-A107-01Z-00-DX1,30.2098997901686,-23.6309595587222,4
6_#_BRCA_00824_TCGA-E2-A107-01Z-00-DX1,26.7084093112131,-0.235842898904064,4
1_#_BRCA_00825_TCGA-E2-A108-01Z-00-DX1,29.9279726200228,-17.8153683635223,4
0_#_BRCA_00825_TCGA-E2-A108-01Z-00-DX1,29.1314760919541,11.0967091435362,7
4_#_BRCA_00825_TCGA-E2-A108-01Z-00-DX1,25.5227323702784,-4.63529969173748,4
2_#_BRCA_00825_TCGA-E2-A108-01Z-00-DX1,21.1628646891277,1.87091860754212,6
3_#_BRCA_00825_TCGA-E2-A108-01Z-00-DX1,-7.05034808421197,-0.734571934717739,6
5_#_BRCA_00825_TCGA-E2-A108-01Z-00-DX1,20.6810118409073,-21.5647816261377,10
6_#_BRCA_00825_TCGA-E2-A108-01Z-00-DX1,31.7518935054162,12.566327444822,7
0_#_BRCA_00826_TCGA-E2-A109-01Z-00-DX1,4.04612456781293,-21.7688445706235,2
1_#_BRCA_00826_TCGA-E2-A109-01Z-00-DX1,4.45385963592173,-22.127364608094,2
3_#_BRCA_00826_TCGA-E2-A109-01Z-00-DX1,4.14299413654247,-21.802336944813,2
4_#_BRCA_00826_TCGA-E2-A109-01Z-00-DX1,4.11116763844226,-21.8846908925491,2
6_#_BRCA_00826_TCGA-E2-A109-01Z-00-DX1,4.04384011710327,-21.8023231419932,2
5_#_BRCA_00826_TCGA-E2-A109-01Z-00-DX1,-16.9834831725883,-6.44597934260392,2
2_#_BRCA_00826_TCGA-E2-A109-01Z-00-DX1,30.261599282495,-20.1020877075325,4
7_#_BRCA_00826_TCGA-E2-A109-01Z-00-DX1,31.5204745028342,-7.65771013029033,4
1_#_BRCA_00827_TCGA-E2-A10A-01Z-00-DX1,-10.7377049751497,-28.2307702468282,2
0_#_BRCA_00827_TCGA-E2-A10A-01Z-00-DX1,26.4827802160804,2.66171279938703,4
4_#_BRCA_00827_TCGA-E2-A10A-01Z-00-DX1,-11.8208396333296,-28.8094690529267,2
3_#_BRCA_00827_TCGA-E2-A10A-01Z-00-DX1,-21.664465536355,-4.56190340419515,6
5_#_BRCA_00827_TCGA-E2-A10A-01Z-00-DX1,-11.733883718327,-28.3412622717527,2
2_#_BRCA_00827_TCGA-E2-A10A-01Z-00-DX1,-10.8200431624887,-28.3339883266758,2
6_#_BRCA_00827_TCGA-E2-A10A-01Z-00-DX1,-10.501624131923,-28.3438930908962,2
7_#_BRCA_00827_TCGA-E2-A10A-01Z-00-DX1,-12.1340092408429,-30.0526265670813,2
8_#_BRCA_00827_TCGA-E2-A10A-01Z-00-DX1,-10.5435589933433,-28.3440223577289,2
0_#_BRCA_00828_TCGA-E2-A10B-01Z-00-DX1,-17.5738382503092,-4.25755390968752,2
1_#_BRCA_00828_TCGA-E2-A10B-01Z-00-DX1,-7.77025946060386,4.87002666155059,1
3_#_BRCA_00828_TCGA-E2-A10B-01Z-00-DX1,-17.6196610214172,-4.6074017514012,2
2_#_BRCA_00828_TCGA-E2-A10B-01Z-00-DX1,23.8402551785822,-17.6091439846604,4
6_#_BRCA_00828_TCGA-E2-A10B-01Z-00-DX1,-17.5628046326134,-4.26840061331456,2
4_#_BRCA_00828_TCGA-E2-A10B-01Z-00-DX1,28.2431322198982,-22.8101947106617,4
5_#_BRCA_00828_TCGA-E2-A10B-01Z-00-DX1,4.39542205473418,-7.17370353782842,1
2_#_BRCA_00829_TCGA-E2-A10C-01Z-00-DX1,-8.86333692149963,4.74901277372003,1
3_#_BRCA_00829_TCGA-E2-A10C-01Z-00-DX1,-12.5471799941161,-2.12751879286333,6
1_#_BRCA_00829_TCGA-E2-A10C-01Z-00-DX1,28.4455444028332,-20.273986564026,4
0_#_BRCA_00829_TCGA-E2-A10C-01Z-00-DX1,-30.5933153810618,3.00051338140056,2
4_#_BRCA_00829_TCGA-E2-A10C-01Z-00-DX1,-12.2464529599925,7.70602842703999,1
5_#_BRCA_00829_TCGA-E2-A10C-01Z-00-DX1,27.7755939148725,-21.3039904886975,4
6_#_BRCA_00829_TCGA-E2-A10C-01Z-00-DX1,-37.686643969828,-17.8255895693509,8
7_#_BRCA_00829_TCGA-E2-A10C-01Z-00-DX1,24.2031444933807,-24.54060419124,10
1_#_BRCA_00830_TCGA-E2-A10E-01Z-00-DX1,30.7245205380116,-20.3083600272594,4
2_#_BRCA_00830_TCGA-E2-A10E-01Z-00-DX1,-21.8819021792239,-3.9401913143122,6
0_#_BRCA_00830_TCGA-E2-A10E-01Z-00-DX1,-6.02544610676809,1.06807323502055,6
3_#_BRCA_00830_TCGA-E2-A10E-01Z-00-DX1,-21.9939758220253,-4.14607735311957,6
4_#_BRCA_00830_TCGA-E2-A10E-01Z-00-DX1,-13.1854777625434,32.933742791758,6
5_#_BRCA_00830_TCGA-E2-A10E-01Z-00-DX1,7.00462423582164,-15.6921448006658,2
1_#_BRCA_00831_TCGA-E2-A10F-01Z-00-DX1,28.390970867005,9.64351903218643,7
0_#_BRCA_00831_TCGA-E2-A10F-01Z-00-DX1,27.7450654957357,-19.5494028560423,4
3_#_BRCA_00831_TCGA-E2-A10F-01Z-00-DX1,28.7062885013152,8.93813676404149,7
2_#_BRCA_00831_TCGA-E2-A10F-01Z-00-DX1,23.3685535622087,-23.6810228534416,10
4_#_BRCA_00831_TCGA-E2-A10F-01Z-00-DX1,-18.678569252836,-6.09138254231169,6
1_#_BRCA_00832_TCGA-E2-A14N-01Z-00-DX1,-24.0506044704898,10.062118918996,5
0_#_BRCA_00832_TCGA-E2-A14N-01Z-00-DX1,-19.6455161689623,14.3309806491578,5
2_#_BRCA_00832_TCGA-E2-A14N-01Z-00-DX1,4.02052030843884,28.1726240425878,1
4_#_BRCA_00832_TCGA-E2-A14N-01Z-00-DX1,18.0312069824366,0.221580988942493,4
3_#_BRCA_00832_TCGA-E2-A14N-01Z-00-DX1,-18.8418169292022,7.11520524363127,5
6_#_BRCA_00832_TCGA-E2-A14N-01Z-00-DX1,-19.7563749686168,14.0511675423957,5
5_#_BRCA_00832_TCGA-E2-A14N-01Z-00-DX1,-16.1167341438683,21.7071639192421,5
0_#_BRCA_00833_TCGA-E2-A14O-01Z-00-DX1,-0.0626643235817185,18.8584673734181,1
1_#_BRCA_00833_TCGA-E2-A14O-01Z-00-DX1,31.0305325135075,-20.7441820574437,4
6_#_BRCA_00833_TCGA-E2-A14O-01Z-00-DX1,15.3832117114911,-0.201343650460306,1
2_#_BRCA_00833_TCGA-E2-A14O-01Z-00-DX1,28.4395301043603,-15.2392349525124,4
4_#_BRCA_00833_TCGA-E2-A14O-01Z-00-DX1,29.4429618054006,-13.7871217723143,4
3_#_BRCA_00833_TCGA-E2-A14O-01Z-00-DX1,30.7541779450103,-23.8408511163344,4
5_#_BRCA_00833_TCGA-E2-A14O-01Z-00-DX1,-5.35887639802851,-0.194342403745101,6
7_#_BRCA_00833_TCGA-E2-A14O-01Z-00-DX1,14.2885515563277,-18.501182864492,4
1_#_BRCA_00834_TCGA-E2-A14P-01Z-00-DX1,-19.7639611699128,-7.40532272459893,6
2_#_BRCA_00834_TCGA-E2-A14P-01Z-00-DX1,30.7181250234435,-20.085527962218,4
0_#_BRCA_00834_TCGA-E2-A14P-01Z-00-DX1,-20.6347702464261,-4.69817455004627,6
4_#_BRCA_00834_TCGA-E2-A14P-01Z-00-DX1,-3.92345196397857,34.3628489141314,6
3_#_BRCA_00834_TCGA-E2-A14P-01Z-00-DX1,32.4702138456187,-8.91403594660883,4
7_#_BRCA_00834_TCGA-E2-A14P-01Z-00-DX1,-22.1080522599428,-7.14529501648479,2
5_#_BRCA_00834_TCGA-E2-A14P-01Z-00-DX1,-19.8403482399069,-7.5451601989995,2
6_#_BRCA_00834_TCGA-E2-A14P-01Z-00-DX1,-13.8959735259655,-22.7328741745494,2
0_#_BRCA_00835_TCGA-E2-A14Q-01Z-00-DX1,25.113516668329,-5.08400081756363,4
1_#_BRCA_00835_TCGA-E2-A14Q-01Z-00-DX1,-11.8370436962875,-27.9105458805252,2
3_#_BRCA_00835_TCGA-E2-A14Q-01Z-00-DX1,-9.63136308707504,5.43177660872484,1
2_#_BRCA_00835_TCGA-E2-A14Q-01Z-00-DX1,30.9502858779835,-19.4221694645931,4
4_#_BRCA_00835_TCGA-E2-A14Q-01Z-00-DX1,29.4783577536377,13.9182532170321,7
5_#_BRCA_00835_TCGA-E2-A14Q-01Z-00-DX1,16.1502532090237,-12.2256110695795,4
7_#_BRCA_00835_TCGA-E2-A14Q-01Z-00-DX1,-11.5631281714689,-22.9604938258679,2
6_#_BRCA_00835_TCGA-E2-A14Q-01Z-00-DX1,22.4938391202348,-19.2179448592032,10
0_#_BRCA_00836_TCGA-E2-A14R-01Z-00-DX1,-14.8178791858653,-7.27317768152262,2
5_#_BRCA_00836_TCGA-E2-A14R-01Z-00-DX1,-12.2766362524625,-6.96929658285603,2
1_#_BRCA_00836_TCGA-E2-A14R-01Z-00-DX1,-0.201650575192151,-14.569815655059,2
3_#_BRCA_00836_TCGA-E2-A14R-01Z-00-DX1,-14.1495699040698,-3.57938193525375,2
2_#_BRCA_00836_TCGA-E2-A14R-01Z-00-DX1,14.8101339464995,-19.2598228289613,4
4_#_BRCA_00836_TCGA-E2-A14R-01Z-00-DX1,30.9694372081887,-15.0961527394431,4
0_#_BRCA_00837_TCGA-E2-A14T-01Z-00-DX1,-11.9997354762517,-1.90833941675454,6
1_#_BRCA_00837_TCGA-E2-A14T-01Z-00-DX1,-11.311915420993,-2.02165595092869,6
3_#_BRCA_00837_TCGA-E2-A14T-01Z-00-DX1,-11.4515173169822,-2.19011293834592,6
2_#_BRCA_00837_TCGA-E2-A14T-01Z-00-DX1,27.2910743085423,-15.8435309567349,4
5_#_BRCA_00837_TCGA-E2-A14T-01Z-00-DX1,-3.80595910864862,-13.2359104220859,2
7_#_BRCA_00837_TCGA-E2-A14T-01Z-00-DX1,-12.5367324987944,31.8637027823993,6
4_#_BRCA_00837_TCGA-E2-A14T-01Z-00-DX1,-4.33728495586743,-11.9522836783712,2
6_#_BRCA_00837_TCGA-E2-A14T-01Z-00-DX1,-9.3417276538602,34.2327219039133,6
0_#_BRCA_00838_TCGA-E2-A14U-01Z-00-DX1,35.37020352094,-6.31941086921161,4
1_#_BRCA_00838_TCGA-E2-A14U-01Z-00-DX1,17.339807201902,4.69393749792214,4
2_#_BRCA_00838_TCGA-E2-A14U-01Z-00-DX1,28.9527857050855,-16.1712320008059,10
3_#_BRCA_00838_TCGA-E2-A14U-01Z-00-DX1,20.1259986525073,-18.8150144224253,4
5_#_BRCA_00838_TCGA-E2-A14U-01Z-00-DX1,29.8399284702339,-11.9985689034737,4
4_#_BRCA_00838_TCGA-E2-A14U-01Z-00-DX1,12.8997143753141,-11.6648908659477,4
7_#_BRCA_00838_TCGA-E2-A14U-01Z-00-DX1,29.5071546746721,-16.3136314541598,4
6_#_BRCA_00838_TCGA-E2-A14U-01Z-00-DX1,37.0507409049249,16.4315981623649,7
8_#_BRCA_00838_TCGA-E2-A14U-01Z-00-DX1,16.808479669923,-21.9889868649599,10
0_#_BRCA_00839_TCGA-E2-A14V-01Z-00-DX1,32.3190738971119,-9.76319817672742,4
2_#_BRCA_00839_TCGA-E2-A14V-01Z-00-DX1,-9.45619989563681,4.93997592162306,1
1_#_BRCA_00839_TCGA-E2-A14V-01Z-00-DX1,24.0839067562349,-6.28130935413169,4
6_#_BRCA_00839_TCGA-E2-A14V-01Z-00-DX1,-9.91072082339756,4.75478758437712,1
7_#_BRCA_00839_TCGA-E2-A14V-01Z-00-DX1,28.8730774636781,-20.5123359632308,4
3_#_BRCA_00839_TCGA-E2-A14V-01Z-00-DX1,0.623577175963851,20.6880358315881,1
5_#_BRCA_00839_TCGA-E2-A14V-01Z-00-DX1,26.7170140222808,0.631755794539977,4
4_#_BRCA_00839_TCGA-E2-A14V-01Z-00-DX1,-14.8991479704876,3.50225637383285,9
8_#_BRCA_00839_TCGA-E2-A14V-01Z-00-DX1,17.0147159038069,-6.18624620954167,4
2_#_BRCA_00840_TCGA-E2-A14W-01Z-00-DX1,-9.6868684453335,0.967412512504722,6
0_#_BRCA_00840_TCGA-E2-A14W-01Z-00-DX1,30.540759908385,-14.388721567473,4
3_#_BRCA_00840_TCGA-E2-A14W-01Z-00-DX1,28.9506538034914,-14.3920904356309,4
1_#_BRCA_00840_TCGA-E2-A14W-01Z-00-DX1,-14.6406344312621,33.285213591195,6
4_#_BRCA_00840_TCGA-E2-A14W-01Z-00-DX1,-29.3132917658259,1.53296318981814,2
5_#_BRCA_00840_TCGA-E2-A14W-01Z-00-DX1,-26.3538072672159,8.605690539867,5
1_#_BRCA_00842_TCGA-E2-A14Y-01Z-00-DX1,-22.7236436404609,0.0338559820289237,5
0_#_BRCA_00842_TCGA-E2-A14Y-01Z-00-DX1,-22.6240512489664,0.028022223826244,5
2_#_BRCA_00842_TCGA-E2-A14Y-01Z-00-DX1,29.7516869462596,-12.2222275757313,4
4_#_BRCA_00842_TCGA-E2-A14Y-01Z-00-DX1,25.5956637629242,-3.90048249233336,4
3_#_BRCA_00842_TCGA-E2-A14Y-01Z-00-DX1,-8.15077478014052,-0.442634507696449,6
5_#_BRCA_00842_TCGA-E2-A14Y-01Z-00-DX1,-11.0673788512361,-5.01171893435814,6
0_#_BRCA_00843_TCGA-E2-A14Z-01Z-00-DX1,31.9042616912887,-15.6403529150463,4
1_#_BRCA_00843_TCGA-E2-A14Z-01Z-00-DX1,-10.9712557953474,32.1781198090453,6
3_#_BRCA_00843_TCGA-E2-A14Z-01Z-00-DX1,-3.60350641526384,29.6231414590614,1
4_#_BRCA_00843_TCGA-E2-A14Z-01Z-00-DX1,-5.06586519688009,21.374722360601,6
2_#_BRCA_00843_TCGA-E2-A14Z-01Z-00-DX1,-15.2273370735724,32.6390995672008,6
5_#_BRCA_00843_TCGA-E2-A14Z-01Z-00-DX1,34.6730123480176,-6.55792955326239,4
6_#_BRCA_00843_TCGA-E2-A14Z-01Z-00-DX1,-18.6519653454552,-5.96523591978824,2
1_#_BRCA_00844_TCGA-E2-A150-01Z-00-DX1,-14.0833839963718,30.4572517267288,6
0_#_BRCA_00844_TCGA-E2-A150-01Z-00-DX1,-10.3762632820019,-7.12238152399455,2
2_#_BRCA_00844_TCGA-E2-A150-01Z-00-DX1,28.9944864696918,9.05101075161702,7
5_#_BRCA_00844_TCGA-E2-A150-01Z-00-DX1,-14.1602881776206,30.2384017020911,6
3_#_BRCA_00844_TCGA-E2-A150-01Z-00-DX1,-7.67214315948563,30.9370251191047,6
4_#_BRCA_00844_TCGA-E2-A150-01Z-00-DX1,29.3144724264766,-10.1975236130027,4
3_#_BRCA_00845_TCGA-E2-A152-01Z-00-DX1,3.86855796400693,-2.21194693798165,10
0_#_BRCA_00845_TCGA-E2-A152-01Z-00-DX1,31.6522467569737,-7.51890528164591,4
6_#_BRCA_00845_TCGA-E2-A152-01Z-00-DX1,26.7105561515702,0.590125922936563,4
1_#_BRCA_00845_TCGA-E2-A152-01Z-00-DX1,1.80543324746194,24.3704293452271,1
4_#_BRCA_00845_TCGA-E2-A152-01Z-00-DX1,-5.35190709173947,30.4882648564368,6
2_#_BRCA_00845_TCGA-E2-A152-01Z-00-DX1,-7.91406127994853,0.113720218089931,6
5_#_BRCA_00845_TCGA-E2-A152-01Z-00-DX1,26.9301118539946,-21.8080816479229,4
0_#_BRCA_00846_TCGA-E2-A153-01Z-00-DX1,29.4127374068426,-21.1371234075251,4
1_#_BRCA_00846_TCGA-E2-A153-01Z-00-DX1,32.7063372989045,-10.0019319718312,4
3_#_BRCA_00846_TCGA-E2-A153-01Z-00-DX1,29.5969501275927,11.8429512273148,7
2_#_BRCA_00846_TCGA-E2-A153-01Z-00-DX1,25.1414526707003,-5.33282269038419,4
4_#_BRCA_00846_TCGA-E2-A153-01Z-00-DX1,29.3485799808292,10.6429369014134,7
5_#_BRCA_00846_TCGA-E2-A153-01Z-00-DX1,30.3808539962301,-21.0061420279381,4
6_#_BRCA_00846_TCGA-E2-A153-01Z-00-DX1,-8.25133067499266,-29.1547603955749,2
0_#_BRCA_00847_TCGA-E2-A154-01Z-00-DX1,25.4007778980518,-4.83082608144568,4
1_#_BRCA_00847_TCGA-E2-A154-01Z-00-DX1,29.8072708366975,-20.3411027297959,4
2_#_BRCA_00847_TCGA-E2-A154-01Z-00-DX1,-12.1713979399135,-0.654978606315976,6
3_#_BRCA_00847_TCGA-E2-A154-01Z-00-DX1,11.9302000884619,-30.981060451372,9
6_#_BRCA_00847_TCGA-E2-A154-01Z-00-DX1,29.6477742548824,10.1980839517509,7
4_#_BRCA_00847_TCGA-E2-A154-01Z-00-DX1,29.1366857335382,14.0993726891072,7
5_#_BRCA_00847_TCGA-E2-A154-01Z-00-DX1,12.4751155063494,-19.3843799352759,4
0_#_BRCA_00848_TCGA-E2-A155-01Z-00-DX1,-5.01057169969847,2.43479959324851,6
5_#_BRCA_00848_TCGA-E2-A155-01Z-00-DX1,-5.41912186095278,2.64303028416849,6
1_#_BRCA_00848_TCGA-E2-A155-01Z-00-DX1,-3.83053566743559,34.4372000715914,6
2_#_BRCA_00848_TCGA-E2-A155-01Z-00-DX1,6.29786001658292,3.99665560982417,6
4_#_BRCA_00848_TCGA-E2-A155-01Z-00-DX1,32.6775134292192,7.55305339306196,7
6_#_BRCA_00848_TCGA-E2-A155-01Z-00-DX1,5.61482482772237,26.4298983610205,1
3_#_BRCA_00848_TCGA-E2-A155-01Z-00-DX1,-8.54198453422464,-3.88646956632501,6
0_#_BRCA_00849_TCGA-E2-A156-01Z-00-DX1,-12.1124414551943,-27.5216578676908,2
2_#_BRCA_00849_TCGA-E2-A156-01Z-00-DX1,30.5822989470225,-15.6674333851123,4
1_#_BRCA_00849_TCGA-E2-A156-01Z-00-DX1,-3.28899507176581,-19.8360407421276,2
4_#_BRCA_00849_TCGA-E2-A156-01Z-00-DX1,-13.8669283576063,-27.5648473120483,2
3_#_BRCA_00849_TCGA-E2-A156-01Z-00-DX1,-2.94187532150437,-19.4919394217877,2
5_#_BRCA_00849_TCGA-E2-A156-01Z-00-DX1,-12.5470071800976,-27.2674771901315,2
0_#_BRCA_00850_TCGA-E2-A158-01Z-00-DX1,30.6124484582907,-14.4899167839828,4
2_#_BRCA_00850_TCGA-E2-A158-01Z-00-DX1,31.7827603972112,-19.1972785645542,4
3_#_BRCA_00850_TCGA-E2-A158-01Z-00-DX1,-12.543928215984,-0.0694735747713278,6
1_#_BRCA_00850_TCGA-E2-A158-01Z-00-DX1,-12.5135158697433,-0.0812817495651792,6
4_#_BRCA_00850_TCGA-E2-A158-01Z-00-DX1,21.3929166872728,-13.9139684873648,4
5_#_BRCA_00850_TCGA-E2-A158-01Z-00-DX1,-12.5066091270065,-0.102401411583393,6
6_#_BRCA_00850_TCGA-E2-A158-01Z-00-DX1,14.0733639707028,-21.458038226952,4
0_#_BRCA_00851_TCGA-E2-A159-01Z-00-DX1,-12.2145258572271,-6.84931825415528,2
2_#_BRCA_00851_TCGA-E2-A159-01Z-00-DX1,-0.3478223539715,31.7113001332471,6
5_#_BRCA_00851_TCGA-E2-A159-01Z-00-DX1,-12.7546803880374,-7.74483434705164,2
3_#_BRCA_00851_TCGA-E2-A159-01Z-00-DX1,8.67994059717493,12.2309973704899,1
1_#_BRCA_00851_TCGA-E2-A159-01Z-00-DX1,-13.7168606242446,-24.7256439533497,2
4_#_BRCA_00851_TCGA-E2-A159-01Z-00-DX1,-12.0798286124428,-6.11726981476889,2
7_#_BRCA_00851_TCGA-E2-A159-01Z-00-DX1,-13.5395956913278,-4.1071934224361,2
6_#_BRCA_00851_TCGA-E2-A159-01Z-00-DX1,17.7438885812891,-22.1974922701519,10
8_#_BRCA_00851_TCGA-E2-A159-01Z-00-DX1,20.2188729565462,2.31876834577214,6
1_#_BRCA_00852_TCGA-E2-A15A-01Z-00-DX1,24.9192049910506,-17.9065322954225,4
0_#_BRCA_00852_TCGA-E2-A15A-01Z-00-DX1,5.16220225179366,-20.5899756076587,2
3_#_BRCA_00852_TCGA-E2-A15A-01Z-00-DX1,29.5603942371211,-21.2842482555013,4
2_#_BRCA_00852_TCGA-E2-A15A-01Z-00-DX1,28.8697595277338,13.2026874938165,7
5_#_BRCA_00852_TCGA-E2-A15A-01Z-00-DX1,-19.1650241327598,-5.83338287676014,2
4_#_BRCA_00852_TCGA-E2-A15A-01Z-00-DX1,-0.0360827400550722,-26.8110043712873,9
0_#_BRCA_00853_TCGA-E2-A15C-01Z-00-DX1,11.8044268052645,-31.367680477717,9
1_#_BRCA_00853_TCGA-E2-A15C-01Z-00-DX1,-7.75582182965512,4.54718818917024,1
3_#_BRCA_00853_TCGA-E2-A15C-01Z-00-DX1,10.3136103992493,-12.0134126881955,4
2_#_BRCA_00853_TCGA-E2-A15C-01Z-00-DX1,33.1780569009547,-8.23575472889672,4
4_#_BRCA_00853_TCGA-E2-A15C-01Z-00-DX1,3.48506112903815,-20.3522683531055,4
6_#_BRCA_00853_TCGA-E2-A15C-01Z-00-DX1,16.6447608129818,-6.25137217336451,4
5_#_BRCA_00853_TCGA-E2-A15C-01Z-00-DX1,24.0557682585283,-5.75810048249489,4
0_#_BRCA_00854_TCGA-E2-A15D-01Z-00-DX1,3.57764287710497,-20.5884147424337,9
3_#_BRCA_00854_TCGA-E2-A15D-01Z-00-DX1,-6.79333959876198,1.70973447784944,6
1_#_BRCA_00854_TCGA-E2-A15D-01Z-00-DX1,-7.83762027399596,-27.9381672031601,2
2_#_BRCA_00854_TCGA-E2-A15D-01Z-00-DX1,-2.50060409782262,-21.0431768734057,2
4_#_BRCA_00854_TCGA-E2-A15D-01Z-00-DX1,-2.48150218200485,-20.9210997740324,2
5_#_BRCA_00854_TCGA-E2-A15D-01Z-00-DX1,26.8900119659075,-20.5271516970489,4
0_#_BRCA_00855_TCGA-E2-A15F-01Z-00-DX1,-22.1518398708088,-7.14939004370103,2
3_#_BRCA_00855_TCGA-E2-A15F-01Z-00-DX1,22.7511990564122,-4.07258274360188,4
2_#_BRCA_00855_TCGA-E2-A15F-01Z-00-DX1,-11.2491656019376,28.6989472291316,6
1_#_BRCA_00855_TCGA-E2-A15F-01Z-00-DX1,-4.30739662193235,0.495580654586724,6
4_#_BRCA_00855_TCGA-E2-A15F-01Z-00-DX1,-5.1570849960542,-28.3847012304999,2
0_#_BRCA_00856_TCGA-E2-A15G-01Z-00-DX1,30.7013969872455,17.2798526275113,7
1_#_BRCA_00856_TCGA-E2-A15G-01Z-00-DX1,2.58657683143393,22.579498374775,1
7_#_BRCA_00856_TCGA-E2-A15G-01Z-00-DX1,30.6378071486035,14.1238750752046,7
2_#_BRCA_00856_TCGA-E2-A15G-01Z-00-DX1,-16.8969352994827,-5.24109800163712,2
3_#_BRCA_00856_TCGA-E2-A15G-01Z-00-DX1,30.6551029488141,17.406797940801,7
4_#_BRCA_00856_TCGA-E2-A15G-01Z-00-DX1,29.9658462896987,19.7794841289358,7
5_#_BRCA_00856_TCGA-E2-A15G-01Z-00-DX1,1.7349574675,25.1100773089427,1
6_#_BRCA_00856_TCGA-E2-A15G-01Z-00-DX1,28.5820193907064,-20.4042123066092,4
0_#_BRCA_00857_TCGA-E2-A15H-01Z-00-DX1,1.70228288515804,19.9593378002896,1
1_#_BRCA_00857_TCGA-E2-A15H-01Z-00-DX1,29.3677301301505,14.6554033501275,7
2_#_BRCA_00857_TCGA-E2-A15H-01Z-00-DX1,29.0702738834183,10.9934666994679,7
3_#_BRCA_00857_TCGA-E2-A15H-01Z-00-DX1,29.5160598489593,17.82979304557,7
4_#_BRCA_00857_TCGA-E2-A15H-01Z-00-DX1,26.5854758543947,-0.515337776658525,4
5_#_BRCA_00857_TCGA-E2-A15H-01Z-00-DX1,23.5388932873212,13.7254481638649,7
6_#_BRCA_00857_TCGA-E2-A15H-01Z-00-DX1,29.6748804573086,15.0978595334441,7
0_#_BRCA_00859_TCGA-E2-A15J-01Z-00-DX1,-19.2632570406717,-5.08487748934311,2
1_#_BRCA_00859_TCGA-E2-A15J-01Z-00-DX1,24.057942633534,-15.6539335733801,4
2_#_BRCA_00859_TCGA-E2-A15J-01Z-00-DX1,25.0107822308605,-3.43468866575149,4
5_#_BRCA_00859_TCGA-E2-A15J-01Z-00-DX1,-11.5736090383109,-26.7578759314768,2
3_#_BRCA_00859_TCGA-E2-A15J-01Z-00-DX1,20.235905078681,1.66037101434401,4
4_#_BRCA_00859_TCGA-E2-A15J-01Z-00-DX1,-7.524521616817,-27.6159384184856,2
1_#_BRCA_00860_TCGA-E2-A15K-01Z-00-DX1,-6.00861942652586,4.75298947501513,6
0_#_BRCA_00860_TCGA-E2-A15K-01Z-00-DX1,32.480501499102,-9.6182664266766,4
3_#_BRCA_00860_TCGA-E2-A15K-01Z-00-DX1,-4.42730845147193,33.473237527006,6
4_#_BRCA_00860_TCGA-E2-A15K-01Z-00-DX1,1.59930296355711,19.1206130658031,1
2_#_BRCA_00860_TCGA-E2-A15K-01Z-00-DX1,25.2982764607203,-4.52461500537915,4
6_#_BRCA_00860_TCGA-E2-A15K-01Z-00-DX1,25.8188600908986,-7.6060022269955,4
5_#_BRCA_00860_TCGA-E2-A15K-01Z-00-DX1,9.45602579929244,-21.8240152684577,9
0_#_BRCA_00861_TCGA-E2-A15L-01Z-00-DX1,13.2490938491295,-0.132851055657892,1
2_#_BRCA_00861_TCGA-E2-A15L-01Z-00-DX1,2.23583449850839,24.9414690413106,1
1_#_BRCA_00861_TCGA-E2-A15L-01Z-00-DX1,28.3224993252401,-19.6577513305767,4
3_#_BRCA_00861_TCGA-E2-A15L-01Z-00-DX1,26.2642392722972,-0.339776498339144,4
4_#_BRCA_00861_TCGA-E2-A15L-01Z-00-DX1,23.1249589834501,-16.4132449463072,4
5_#_BRCA_00861_TCGA-E2-A15L-01Z-00-DX1,13.2604233024795,-0.123732269512051,1
1_#_BRCA_00862_TCGA-E2-A15M-01Z-00-DX1,27.808851610445,14.6880756922103,7
0_#_BRCA_00862_TCGA-E2-A15M-01Z-00-DX1,25.6624908488109,-18.1042477935017,4
3_#_BRCA_00862_TCGA-E2-A15M-01Z-00-DX1,23.3304611393433,-4.20445621351453,4
6_#_BRCA_00862_TCGA-E2-A15M-01Z-00-DX1,27.8066516528757,-0.0266264245816495,4
8_#_BRCA_00862_TCGA-E2-A15M-01Z-00-DX1,29.4518745020022,-20.5643870000103,4
4_#_BRCA_00862_TCGA-E2-A15M-01Z-00-DX1,-10.0620022261052,-7.45404165460847,4
5_#_BRCA_00862_TCGA-E2-A15M-01Z-00-DX1,25.5198789741456,-4.63147610554466,4
2_#_BRCA_00862_TCGA-E2-A15M-01Z-00-DX1,-7.89450524490229,-29.1406202747983,2
7_#_BRCA_00862_TCGA-E2-A15M-01Z-00-DX1,3.99553861632751,-18.4342217231652,4
0_#_BRCA_00863_TCGA-E2-A15O-01Z-00-DX1,25.603991786856,-18.2004456876733,4
1_#_BRCA_00863_TCGA-E2-A15O-01Z-00-DX1,-18.4363673971569,-3.42909316934884,2
4_#_BRCA_00863_TCGA-E2-A15O-01Z-00-DX1,-18.2303751884029,-3.01898862742847,2
6_#_BRCA_00863_TCGA-E2-A15O-01Z-00-DX1,23.0950276149346,-3.91132646482066,4
2_#_BRCA_00863_TCGA-E2-A15O-01Z-00-DX1,23.3749640596578,-5.69888520597475,4
3_#_BRCA_00863_TCGA-E2-A15O-01Z-00-DX1,-8.16270195880825,-29.0185040383279,2
7_#_BRCA_00863_TCGA-E2-A15O-01Z-00-DX1,23.4866114487612,13.9011056364477,7
5_#_BRCA_00863_TCGA-E2-A15O-01Z-00-DX1,-10.9861944629983,-8.07526497745253,2
8_#_BRCA_00863_TCGA-E2-A15O-01Z-00-DX1,-7.68848280515727,-29.3547526114667,2
0_#_BRCA_00864_TCGA-E2-A15P-01Z-00-DX1,-5.14573937807655,30.3661721102825,6
3_#_BRCA_00864_TCGA-E2-A15P-01Z-00-DX1,24.4479480290867,2.4356414531105,4
2_#_BRCA_00864_TCGA-E2-A15P-01Z-00-DX1,-5.38161330811085,-0.188774401729762,6
4_#_BRCA_00864_TCGA-E2-A15P-01Z-00-DX1,1.26147903055864,23.7701424618533,1
6_#_BRCA_00864_TCGA-E2-A15P-01Z-00-DX1,25.1736668104907,-15.6220030507379,4
1_#_BRCA_00864_TCGA-E2-A15P-01Z-00-DX1,29.4903943316636,-10.1030639557471,4
5_#_BRCA_00864_TCGA-E2-A15P-01Z-00-DX1,7.77398556793957,3.58440514502637,1
0_#_BRCA_00865_TCGA-E2-A15R-01Z-00-DX1,26.678245276225,0.0308226514096518,4
1_#_BRCA_00865_TCGA-E2-A15R-01Z-00-DX1,28.8693376214148,14.7038139441625,7
4_#_BRCA_00865_TCGA-E2-A15R-01Z-00-DX1,28.8938164200403,-18.4305140683308,4
2_#_BRCA_00865_TCGA-E2-A15R-01Z-00-DX1,-6.07410076919098,2.02157828044957,6
5_#_BRCA_00865_TCGA-E2-A15R-01Z-00-DX1,29.6037814336584,15.9543650484195,7
3_#_BRCA_00865_TCGA-E2-A15R-01Z-00-DX1,-5.43000647728911,-0.147309311837423,6
6_#_BRCA_00865_TCGA-E2-A15R-01Z-00-DX1,-14.1372025523434,-30.8574095932596,2
3_#_BRCA_00866_TCGA-E2-A15S-01Z-00-DX1,29.0070258722738,-1.36399880272036,4
0_#_BRCA_00866_TCGA-E2-A15S-01Z-00-DX1,29.0770106590819,10.7194749002606,7
1_#_BRCA_00866_TCGA-E2-A15S-01Z-00-DX1,25.199916353966,-7.62084489081715,4
4_#_BRCA_00866_TCGA-E2-A15S-01Z-00-DX1,29.9144999026553,-19.717448215893,4
2_#_BRCA_00866_TCGA-E2-A15S-01Z-00-DX1,25.6028328472753,-4.60841144880825,4
5_#_BRCA_00866_TCGA-E2-A15S-01Z-00-DX1,-20.5942026786089,-5.72141210214664,2
0_#_BRCA_00867_TCGA-E2-A15T-01Z-00-DX1,-0.00209281298067628,-32.8980805889724,9
1_#_BRCA_00867_TCGA-E2-A15T-01Z-00-DX1,24.0938703267102,-17.175557861262,4
2_#_BRCA_00867_TCGA-E2-A15T-01Z-00-DX1,30.389506986909,14.0745840016168,7
3_#_BRCA_00867_TCGA-E2-A15T-01Z-00-DX1,-10.8802507641583,-24.0578427990571,2
4_#_BRCA_00867_TCGA-E2-A15T-01Z-00-DX1,0.215888371491767,-32.9171481541913,9
1_#_BRCA_00868_TCGA-E2-A1AZ-01Z-00-DX1,15.5646186361782,2.88043090984576,1
0_#_BRCA_00868_TCGA-E2-A1AZ-01Z-00-DX1,15.4861870828188,2.75537881554896,1
2_#_BRCA_00868_TCGA-E2-A1AZ-01Z-00-DX1,26.7152276402975,-1.10840958125982,4
5_#_BRCA_00868_TCGA-E2-A1AZ-01Z-00-DX1,2.5969560537691,18.9372863102544,1
4_#_BRCA_00868_TCGA-E2-A1AZ-01Z-00-DX1,5.90164433789778,-3.13534759052985,1
3_#_BRCA_00868_TCGA-E2-A1AZ-01Z-00-DX1,-9.03962697253905,-15.2244854305932,2
6_#_BRCA_00868_TCGA-E2-A1AZ-01Z-00-DX1,1.82200570386045,-2.80955616378776,7
1_#_BRCA_00869_TCGA-E2-A1B0-01Z-00-DX1,-21.6062679898927,7.14313979356536,5
2_#_BRCA_00869_TCGA-E2-A1B0-01Z-00-DX1,-21.7671130563058,7.18529349981518,5
0_#_BRCA_00869_TCGA-E2-A1B0-01Z-00-DX1,-10.6490551737951,5.22983371546589,1
4_#_BRCA_00869_TCGA-E2-A1B0-01Z-00-DX1,-9.79337794709283,7.35227898889268,5
5_#_BRCA_00869_TCGA-E2-A1B0-01Z-00-DX1,-8.07700542900913,-27.8980291695759,2
3_#_BRCA_00869_TCGA-E2-A1B0-01Z-00-DX1,16.0524691805408,3.13649164700769,1
6_#_BRCA_00869_TCGA-E2-A1B0-01Z-00-DX1,31.7838092366598,-11.8053812317952,4
0_#_BRCA_00870_TCGA-E2-A1B1-01Z-00-DX1,2.6538716060208,20.0725913451929,1
3_#_BRCA_00870_TCGA-E2-A1B1-01Z-00-DX1,17.06459477468,-6.52373161062998,4
2_#_BRCA_00870_TCGA-E2-A1B1-01Z-00-DX1,2.53801182785132,20.2151309357657,1
5_#_BRCA_00870_TCGA-E2-A1B1-01Z-00-DX1,2.56405584268831,20.1067680136209,1
4_#_BRCA_00870_TCGA-E2-A1B1-01Z-00-DX1,29.0565539178099,-9.31270201162781,4
1_#_BRCA_00870_TCGA-E2-A1B1-01Z-00-DX1,2.59656018965068,-27.9367442932688,9
6_#_BRCA_00870_TCGA-E2-A1B1-01Z-00-DX1,2.63357625333473,-27.7340936064432,4
2_#_BRCA_00871_TCGA-E2-A1B4-01Z-00-DX1,31.2581115574739,-20.8062799505734,4
1_#_BRCA_00871_TCGA-E2-A1B4-01Z-00-DX1,29.4652515174325,10.8810590138984,7
6_#_BRCA_00871_TCGA-E2-A1B4-01Z-00-DX1,21.1774861187938,2.01889337707009,4
3_#_BRCA_00871_TCGA-E2-A1B4-01Z-00-DX1,29.6118803363503,-10.1771204619563,4
0_#_BRCA_00871_TCGA-E2-A1B4-01Z-00-DX1,31.4094072494892,-17.0152846990049,4
4_#_BRCA_00871_TCGA-E2-A1B4-01Z-00-DX1,1.98651241415946,33.3396687483868,6
5_#_BRCA_00871_TCGA-E2-A1B4-01Z-00-DX1,14.3385860784537,-18.7697521728757,4
2_#_BRCA_00872_TCGA-E2-A1B5-01Z-00-DX1,32.9454343828691,-9.26667684792353,4
0_#_BRCA_00872_TCGA-E2-A1B5-01Z-00-DX1,-3.15179610715097,30.1658872243018,1
1_#_BRCA_00872_TCGA-E2-A1B5-01Z-00-DX1,29.935195237784,-21.7403802343996,4
5_#_BRCA_00872_TCGA-E2-A1B5-01Z-00-DX1,35.3300859353466,-6.82325672300142,4
3_#_BRCA_00872_TCGA-E2-A1B5-01Z-00-DX1,19.9972996030039,1.32483638292974,4
6_#_BRCA_00872_TCGA-E2-A1B5-01Z-00-DX1,33.7025304321563,-7.93511224329883,4
4_#_BRCA_00872_TCGA-E2-A1B5-01Z-00-DX1,35.0819684775667,-7.1580538447245,4
2_#_BRCA_00873_TCGA-E2-A1B6-01Z-00-DX1,-8.00960270303243,3.25793149282058,6
0_#_BRCA_00873_TCGA-E2-A1B6-01Z-00-DX1,-10.9881010214181,-8.06201054426547,2
3_#_BRCA_00873_TCGA-E2-A1B6-01Z-00-DX1,20.1123967476785,2.47765941752703,6
1_#_BRCA_00873_TCGA-E2-A1B6-01Z-00-DX1,-4.96609006210408,35.0591384234934,6
6_#_BRCA_00873_TCGA-E2-A1B6-01Z-00-DX1,-0.721167625828895,-14.9260410785092,2
5_#_BRCA_00873_TCGA-E2-A1B6-01Z-00-DX1,-0.628067500067779,34.715509135222,6
4_#_BRCA_00873_TCGA-E2-A1B6-01Z-00-DX1,19.4644859837855,11.0385270022,7
7_#_BRCA_00873_TCGA-E2-A1B6-01Z-00-DX1,29.0815904816292,-11.9394184927577,4
8_#_BRCA_00873_TCGA-E2-A1B6-01Z-00-DX1,-8.24810509845447,3.72648554694409,1
0_#_BRCA_00874_TCGA-E2-A1BC-01Z-00-DX1,-4.15983285477646,0.310389280253401,10
1_#_BRCA_00874_TCGA-E2-A1BC-01Z-00-DX1,25.6066977568793,-15.7050941640433,4
2_#_BRCA_00874_TCGA-E2-A1BC-01Z-00-DX1,6.69810867084031,-18.0009388135852,9
3_#_BRCA_00874_TCGA-E2-A1BC-01Z-00-DX1,11.8250262658171,-31.2538284844865,9
4_#_BRCA_00874_TCGA-E2-A1BC-01Z-00-DX1,0.000400357342029087,-21.8692424179425,2
5_#_BRCA_00874_TCGA-E2-A1BC-01Z-00-DX1,1.42427920906324,24.5143658627414,1
0_#_BRCA_00875_TCGA-E2-A1BD-01Z-00-DX1,-2.54960735662269,-19.5941150265839,2
1_#_BRCA_00875_TCGA-E2-A1BD-01Z-00-DX1,-15.4122653538463,3.88921733796182,9
2_#_BRCA_00875_TCGA-E2-A1BD-01Z-00-DX1,30.9013164858615,17.5406924411424,7
3_#_BRCA_00875_TCGA-E2-A1BD-01Z-00-DX1,-15.0693636406734,3.60911855648731,9
4_#_BRCA_00875_TCGA-E2-A1BD-01Z-00-DX1,10.216390812482,-12.0370106135135,4
7_#_BRCA_00875_TCGA-E2-A1BD-01Z-00-DX1,-14.9747886238756,3.59187900874572,9
5_#_BRCA_00875_TCGA-E2-A1BD-01Z-00-DX1,3.37643708088942,-3.53156406492416,7
6_#_BRCA_00875_TCGA-E2-A1BD-01Z-00-DX1,-15.0796856834092,3.61521407699635,9
0_#_BRCA_00876_TCGA-E2-A1IE-01Z-00-DX1,-10.2906929743283,5.95916332777984,1
1_#_BRCA_00876_TCGA-E2-A1IE-01Z-00-DX1,23.3632229091654,-15.6037509930741,4
3_#_BRCA_00876_TCGA-E2-A1IE-01Z-00-DX1,-17.5183004463248,12.8764832983124,5
2_#_BRCA_00876_TCGA-E2-A1IE-01Z-00-DX1,29.0179831498149,-19.7621031767554,4
4_#_BRCA_00876_TCGA-E2-A1IE-01Z-00-DX1,-15.3434834632676,-6.44784286373482,2
5_#_BRCA_00876_TCGA-E2-A1IE-01Z-00-DX1,5.31920058467453,-16.7807198824154,4
6_#_BRCA_00876_TCGA-E2-A1IE-01Z-00-DX1,5.26377360596071,-24.5313960147815,9
2_#_BRCA_00877_TCGA-E2-A1IF-01Z-00-DX1,-20.1214743956816,7.78653053242097,5
0_#_BRCA_00877_TCGA-E2-A1IF-01Z-00-DX1,24.939314702381,-14.4800581322849,4
1_#_BRCA_00877_TCGA-E2-A1IF-01Z-00-DX1,-10.5714999440518,6.06500956243195,5
4_#_BRCA_00877_TCGA-E2-A1IF-01Z-00-DX1,-21.894795540941,8.59641641982262,5
7_#_BRCA_00877_TCGA-E2-A1IF-01Z-00-DX1,22.9214047880631,-15.5318605770654,4
3_#_BRCA_00877_TCGA-E2-A1IF-01Z-00-DX1,-21.2387463964345,7.67807805275218,5
5_#_BRCA_00877_TCGA-E2-A1IF-01Z-00-DX1,-22.0399615886551,8.4986947401325,5
8_#_BRCA_00877_TCGA-E2-A1IF-01Z-00-DX1,-21.2817408229302,7.66192376610459,5
6_#_BRCA_00877_TCGA-E2-A1IF-01Z-00-DX1,-20.0787219994627,7.79099152189459,5
0_#_BRCA_00878_TCGA-E2-A1IG-01Z-00-DX1,17.3050601678328,-6.45904904139393,4
2_#_BRCA_00878_TCGA-E2-A1IG-01Z-00-DX1,8.64646156463231,22.8508918428248,1
1_#_BRCA_00878_TCGA-E2-A1IG-01Z-00-DX1,1.0645437552875,16.979953762768,1
3_#_BRCA_00878_TCGA-E2-A1IG-01Z-00-DX1,16.2395752040306,3.07627903151695,4
4_#_BRCA_00878_TCGA-E2-A1IG-01Z-00-DX1,31.7677194060356,-7.71042266750987,4
5_#_BRCA_00878_TCGA-E2-A1IG-01Z-00-DX1,8.67125058387905,23.1239672442832,1
6_#_BRCA_00878_TCGA-E2-A1IG-01Z-00-DX1,-1.59084145765014,-12.455897983146,2
7_#_BRCA_00878_TCGA-E2-A1IG-01Z-00-DX1,-3.88017403849249,-22.1056953195459,2
2_#_BRCA_00879_TCGA-E2-A1IH-01Z-00-DX1,35.8219393772316,-7.09401793893989,4
0_#_BRCA_00879_TCGA-E2-A1IH-01Z-00-DX1,35.68825330885,-7.2251165942622,4
3_#_BRCA_00879_TCGA-E2-A1IH-01Z-00-DX1,15.0245433894797,6.91592194662971,1
1_#_BRCA_00879_TCGA-E2-A1IH-01Z-00-DX1,24.9087294501572,-16.4027532749505,4
4_#_BRCA_00879_TCGA-E2-A1IH-01Z-00-DX1,-6.07035884614921,1.9169521659488,6
5_#_BRCA_00879_TCGA-E2-A1IH-01Z-00-DX1,12.8562901455124,3.02834986471078,1
1_#_BRCA_00880_TCGA-E2-A1II-01Z-00-DX1,-17.4711609392278,21.4895794573864,5
2_#_BRCA_00880_TCGA-E2-A1II-01Z-00-DX1,-6.59371373765447,15.983558459185,6
0_#_BRCA_00880_TCGA-E2-A1II-01Z-00-DX1,8.18273564205838,8.91357697138739,1
4_#_BRCA_00880_TCGA-E2-A1II-01Z-00-DX1,-13.5408456977616,-7.34810353091052,2
3_#_BRCA_00880_TCGA-E2-A1II-01Z-00-DX1,-13.9889155849031,-3.64468901484603,2
5_#_BRCA_00880_TCGA-E2-A1II-01Z-00-DX1,-15.2182861398443,12.0713781138229,5
6_#_BRCA_00880_TCGA-E2-A1II-01Z-00-DX1,23.4419239891754,-23.5932114943242,10
0_#_BRCA_00881_TCGA-E2-A1IJ-01Z-00-DX1,-3.74311857243085,29.2166997225761,1
1_#_BRCA_00881_TCGA-E2-A1IJ-01Z-00-DX1,27.5998428677361,10.9272197122601,7
4_#_BRCA_00881_TCGA-E2-A1IJ-01Z-00-DX1,-3.99879098823893,29.3790014721351,6
3_#_BRCA_00881_TCGA-E2-A1IJ-01Z-00-DX1,17.3321029976815,12.6887421606521,1
2_#_BRCA_00881_TCGA-E2-A1IJ-01Z-00-DX1,35.5375162476272,-6.27178691510776,4
5_#_BRCA_00881_TCGA-E2-A1IJ-01Z-00-DX1,23.5247393933138,-6.36296927672635,4
1_#_BRCA_00882_TCGA-E2-A1IK-01Z-00-DX1,24.7555025389263,-5.16383903580311,4
0_#_BRCA_00882_TCGA-E2-A1IK-01Z-00-DX1,0.452468632287367,-32.7269060132699,9
2_#_BRCA_00882_TCGA-E2-A1IK-01Z-00-DX1,28.8286558960154,-20.0555848578228,4
3_#_BRCA_00882_TCGA-E2-A1IK-01Z-00-DX1,-7.94156942254053,-27.9315723173494,2
4_#_BRCA_00882_TCGA-E2-A1IK-01Z-00-DX1,-0.27671550250827,-32.4598842303572,9
0_#_BRCA_00883_TCGA-E2-A1IL-01Z-00-DX1,-10.0228783946843,29.182315894907,6
2_#_BRCA_00883_TCGA-E2-A1IL-01Z-00-DX1,2.20469137235292,24.1556803527248,6
1_#_BRCA_00883_TCGA-E2-A1IL-01Z-00-DX1,26.7667658997034,-18.8245701921183,4
4_#_BRCA_00883_TCGA-E2-A1IL-01Z-00-DX1,20.3500031104157,4.51404765941441,6
3_#_BRCA_00883_TCGA-E2-A1IL-01Z-00-DX1,31.0263484357104,9.74277002193908,7
5_#_BRCA_00883_TCGA-E2-A1IL-01Z-00-DX1,26.9990664251211,15.251300872795,7
6_#_BRCA_00883_TCGA-E2-A1IL-01Z-00-DX1,6.99406401009767,-18.4137752433773,9
5_#_BRCA_00884_TCGA-E2-A1IN-01Z-00-DX1,-5.73190155829661,-13.2093867203814,2
1_#_BRCA_00884_TCGA-E2-A1IN-01Z-00-DX1,21.6078071482021,2.07235125122488,7
0_#_BRCA_00884_TCGA-E2-A1IN-01Z-00-DX1,-21.9639246816197,-7.1230561144809,2
2_#_BRCA_00884_TCGA-E2-A1IN-01Z-00-DX1,-7.00408003341196,1.07087165491536,6
4_#_BRCA_00884_TCGA-E2-A1IN-01Z-00-DX1,30.2122988768116,17.2118885538921,7
3_#_BRCA_00884_TCGA-E2-A1IN-01Z-00-DX1,5.14202263262795,-4.46908722673845,10
6_#_BRCA_00884_TCGA-E2-A1IN-01Z-00-DX1,3.08552532859539,-0.620365012391211,1
7_#_BRCA_00884_TCGA-E2-A1IN-01Z-00-DX1,23.9003666035122,-14.2227340556194,4
0_#_BRCA_00885_TCGA-E2-A1IO-01Z-00-DX1,-8.43142795838898,-26.9152508100296,2
1_#_BRCA_00885_TCGA-E2-A1IO-01Z-00-DX1,26.3499232367329,-18.5265188176964,4
2_#_BRCA_00885_TCGA-E2-A1IO-01Z-00-DX1,21.2342165720425,5.94489035986999,7
5_#_BRCA_00885_TCGA-E2-A1IO-01Z-00-DX1,-11.7869524505418,-21.5235833432225,2
4_#_BRCA_00885_TCGA-E2-A1IO-01Z-00-DX1,-17.3166953014731,-14.5378192921688,2
3_#_BRCA_00885_TCGA-E2-A1IO-01Z-00-DX1,-5.05881577974425,-12.4503405203469,2
6_#_BRCA_00885_TCGA-E2-A1IO-01Z-00-DX1,19.8298276966419,-16.1605439570937,2
1_#_BRCA_00886_TCGA-E2-A1IU-01Z-00-DX1,4.8813768952862,-21.0587762393511,2
3_#_BRCA_00886_TCGA-E2-A1IU-01Z-00-DX1,33.7172770651221,-9.15905983057564,4
0_#_BRCA_00886_TCGA-E2-A1IU-01Z-00-DX1,17.1960951518141,2.9505490516603,4
2_#_BRCA_00886_TCGA-E2-A1IU-01Z-00-DX1,23.9713406596688,-10.3117583088618,4
4_#_BRCA_00886_TCGA-E2-A1IU-01Z-00-DX1,-12.4240575912182,7.77116690014546,5
5_#_BRCA_00886_TCGA-E2-A1IU-01Z-00-DX1,29.2107750340115,-17.2376456529773,4
7_#_BRCA_00886_TCGA-E2-A1IU-01Z-00-DX1,-10.1339529786553,11.2426978511888,4
6_#_BRCA_00886_TCGA-E2-A1IU-01Z-00-DX1,28.859952871061,-21.0859128153706,4
8_#_BRCA_00886_TCGA-E2-A1IU-01Z-00-DX1,22.8423059159506,-13.1234066740017,4
0_#_BRCA_00887_TCGA-E2-A1L6-01Z-00-DX1,27.7176830516681,10.8532200210091,7
2_#_BRCA_00887_TCGA-E2-A1L6-01Z-00-DX1,5.44748184090411,-20.8161560702899,4
1_#_BRCA_00887_TCGA-E2-A1L6-01Z-00-DX1,31.5961806419317,-7.63393443654204,4
6_#_BRCA_00887_TCGA-E2-A1L6-01Z-00-DX1,26.6361943561327,12.2060055006973,7
3_#_BRCA_00887_TCGA-E2-A1L6-01Z-00-DX1,23.2822003166026,-15.6250369402489,4
4_#_BRCA_00887_TCGA-E2-A1L6-01Z-00-DX1,14.8248897995189,-24.1225609704208,10
5_#_BRCA_00887_TCGA-E2-A1L6-01Z-00-DX1,0.147917776276778,-26.3992138629852,9
1_#_BRCA_00888_TCGA-E2-A1L7-01Z-00-DX1,1.09583454234066,21.6838945844589,4
0_#_BRCA_00888_TCGA-E2-A1L7-01Z-00-DX1,29.6954100304148,-14.2418544130845,4
2_#_BRCA_00888_TCGA-E2-A1L7-01Z-00-DX1,18.647966936479,-9.90996191878184,4
3_#_BRCA_00888_TCGA-E2-A1L7-01Z-00-DX1,-13.2942446438635,3.68238195717056,2
4_#_BRCA_00888_TCGA-E2-A1L7-01Z-00-DX1,-13.8923827027651,-22.7515312891894,2
6_#_BRCA_00888_TCGA-E2-A1L7-01Z-00-DX1,-18.0918271065814,-8.50860497041362,2
7_#_BRCA_00888_TCGA-E2-A1L7-01Z-00-DX1,-18.9782567193666,-10.4234973022295,2
5_#_BRCA_00888_TCGA-E2-A1L7-01Z-00-DX1,-7.26402981395551,27.9486469551247,6
2_#_BRCA_00889_TCGA-E2-A1L8-01Z-00-DX1,23.7216417196715,-16.6947116403911,4
3_#_BRCA_00889_TCGA-E2-A1L8-01Z-00-DX1,17.1254075893039,2.77002193877087,4
1_#_BRCA_00889_TCGA-E2-A1L8-01Z-00-DX1,32.6723659120644,-7.8698164078104,4
0_#_BRCA_00889_TCGA-E2-A1L8-01Z-00-DX1,28.1930439095077,-7.26723296887657,4
5_#_BRCA_00889_TCGA-E2-A1L8-01Z-00-DX1,29.2989290470405,9.80873286561781,7
4_#_BRCA_00889_TCGA-E2-A1L8-01Z-00-DX1,-4.97705686956738,1.84609076927771,6
6_#_BRCA_00889_TCGA-E2-A1L8-01Z-00-DX1,-7.35931254709985,0.683894613823275,6
7_#_BRCA_00889_TCGA-E2-A1L8-01Z-00-DX1,-6.51495781153213,11.8468128645633,6
2_#_BRCA_00890_TCGA-E2-A1L9-01Z-00-DX1,-22.7362407081536,-4.79504587466591,6
0_#_BRCA_00890_TCGA-E2-A1L9-01Z-00-DX1,6.40415142223396,-17.89714366009,2
1_#_BRCA_00890_TCGA-E2-A1L9-01Z-00-DX1,-23.5602980356705,-5.19284044024428,2
3_#_BRCA_00890_TCGA-E2-A1L9-01Z-00-DX1,-22.5633181538205,-4.67931388932091,6
4_#_BRCA_00890_TCGA-E2-A1L9-01Z-00-DX1,-22.4346045726828,-4.59752488901502,6
5_#_BRCA_00890_TCGA-E2-A1L9-01Z-00-DX1,26.6562309235016,-19.8006660344986,4
6_#_BRCA_00890_TCGA-E2-A1L9-01Z-00-DX1,-22.7776708430051,-4.52577174189009,6
2_#_BRCA_00891_TCGA-E2-A1LA-01Z-00-DX1,26.679359512369,13.5657830154466,7
1_#_BRCA_00891_TCGA-E2-A1LA-01Z-00-DX1,26.5343819555809,-17.5472281345712,4
0_#_BRCA_00891_TCGA-E2-A1LA-01Z-00-DX1,-4.43040437617037,23.8169229681785,6
3_#_BRCA_00891_TCGA-E2-A1LA-01Z-00-DX1,26.7384320151058,-21.5794824524811,4
5_#_BRCA_00891_TCGA-E2-A1LA-01Z-00-DX1,-14.3032435210073,-4.47403825938781,2
4_#_BRCA_00891_TCGA-E2-A1LA-01Z-00-DX1,4.77708132557851,-26.2401903643154,9
0_#_BRCA_00892_TCGA-E2-A1LB-01Z-00-DX1,29.2084151253818,-17.7344935203722,4
3_#_BRCA_00892_TCGA-E2-A1LB-01Z-00-DX1,-15.1939820899798,29.6208162092021,6
1_#_BRCA_00892_TCGA-E2-A1LB-01Z-00-DX1,-12.4451440334129,35.3618216359303,6
2_#_BRCA_00892_TCGA-E2-A1LB-01Z-00-DX1,-14.6543076514999,30.6839140543142,6
5_#_BRCA_00892_TCGA-E2-A1LB-01Z-00-DX1,-15.1320766968787,29.6281544190189,6
4_#_BRCA_00892_TCGA-E2-A1LB-01Z-00-DX1,-7.72255873944528,0.221096715346226,6
6_#_BRCA_00892_TCGA-E2-A1LB-01Z-00-DX1,-12.6875664179797,34.3650002710996,6
7_#_BRCA_00892_TCGA-E2-A1LB-01Z-00-DX1,-8.57017904426854,-29.1938540280491,2
0_#_BRCA_00893_TCGA-E2-A1LE-01Z-00-DX1,35.9616994881151,-6.73119874527032,4
2_#_BRCA_00893_TCGA-E2-A1LE-01Z-00-DX1,29.0824301018461,-14.5578495052809,4
3_#_BRCA_00893_TCGA-E2-A1LE-01Z-00-DX1,36.853902254643,-7.85980162233994,4
1_#_BRCA_00893_TCGA-E2-A1LE-01Z-00-DX1,30.9553181012234,-19.8952045583216,4
4_#_BRCA_00893_TCGA-E2-A1LE-01Z-00-DX1,-3.88181419212439,2.1899374473949,6
6_#_BRCA_00893_TCGA-E2-A1LE-01Z-00-DX1,13.1201629722982,4.61808555553998,4
5_#_BRCA_00893_TCGA-E2-A1LE-01Z-00-DX1,31.6650246449597,-7.82440697874776,4
1_#_BRCA_00895_TCGA-E2-A1LH-01Z-00-DX1,27.017132428443,-5.24215748028764,2
0_#_BRCA_00895_TCGA-E2-A1LH-01Z-00-DX1,-4.07329945717213,-16.4306917851232,2
2_#_BRCA_00895_TCGA-E2-A1LH-01Z-00-DX1,-13.1883043747501,-28.1898054404271,2
3_#_BRCA_00895_TCGA-E2-A1LH-01Z-00-DX1,-10.2388553048955,-4.95672197860778,2
4_#_BRCA_00895_TCGA-E2-A1LH-01Z-00-DX1,28.4922334574041,14.6284954720905,7
5_#_BRCA_00895_TCGA-E2-A1LH-01Z-00-DX1,30.0221750770302,-20.7144820045722,4
2_#_BRCA_00896_TCGA-E2-A1LI-01Z-00-DX1,-19.0088582003734,-10.2845304086193,2
0_#_BRCA_00896_TCGA-E2-A1LI-01Z-00-DX1,32.202836493968,-15.5687389569039,4
1_#_BRCA_00896_TCGA-E2-A1LI-01Z-00-DX1,1.35778485166825,30.3826650404566,6
3_#_BRCA_00896_TCGA-E2-A1LI-01Z-00-DX1,-18.6357203433198,-4.89823006656005,2
6_#_BRCA_00896_TCGA-E2-A1LI-01Z-00-DX1,26.5658210752196,-10.234218555153,4
5_#_BRCA_00896_TCGA-E2-A1LI-01Z-00-DX1,32.1606618823699,-15.5061402127651,4
4_#_BRCA_00896_TCGA-E2-A1LI-01Z-00-DX1,25.9994413191454,-6.68776457246159,2
0_#_BRCA_00897_TCGA-E2-A1LK-01Z-00-DX1,-22.5121186748217,-0.460711888953702,5
2_#_BRCA_00897_TCGA-E2-A1LK-01Z-00-DX1,-2.66291374815576,-19.3774767215785,2
3_#_BRCA_00897_TCGA-E2-A1LK-01Z-00-DX1,29.2841286235261,-17.1866492994996,4
1_#_BRCA_00897_TCGA-E2-A1LK-01Z-00-DX1,16.3029597554868,0.772743422824314,4
5_#_BRCA_00897_TCGA-E2-A1LK-01Z-00-DX1,-23.0398566996146,7.50714319554327,5
4_#_BRCA_00897_TCGA-E2-A1LK-01Z-00-DX1,10.5790258871471,-30.9367649289393,9
0_#_BRCA_00898_TCGA-E2-A1LL-01Z-00-DX1,22.5819639780053,-13.3957361525593,4
1_#_BRCA_00898_TCGA-E2-A1LL-01Z-00-DX1,-23.0413205980139,-0.322110394392204,5
2_#_BRCA_00898_TCGA-E2-A1LL-01Z-00-DX1,29.0762943564286,-17.8211861253565,4
6_#_BRCA_00898_TCGA-E2-A1LL-01Z-00-DX1,5.55523600943349,-3.04745668598582,1
3_#_BRCA_00898_TCGA-E2-A1LL-01Z-00-DX1,-10.8665699190926,-5.4467859666876,2
5_#_BRCA_00898_TCGA-E2-A1LL-01Z-00-DX1,-22.6297928723959,-6.85639912358886,2
4_#_BRCA_00898_TCGA-E2-A1LL-01Z-00-DX1,-23.0429585249276,-0.0338525748672276,5
7_#_BRCA_00898_TCGA-E2-A1LL-01Z-00-DX1,-8.59171137506161,-21.0269121895872,2
0_#_BRCA_00899_TCGA-E2-A1LS-01Z-00-DX1,-11.9752843812847,-30.5770569629151,2
2_#_BRCA_00899_TCGA-E2-A1LS-01Z-00-DX1,-13.1748847398122,-28.4617508314686,2
1_#_BRCA_00899_TCGA-E2-A1LS-01Z-00-DX1,28.5344677630608,-20.5341596998645,4
3_#_BRCA_00899_TCGA-E2-A1LS-01Z-00-DX1,28.3327121603743,-20.8165204232219,4
5_#_BRCA_00899_TCGA-E2-A1LS-01Z-00-DX1,-22.8433087495435,-4.52861875753728,6
6_#_BRCA_00899_TCGA-E2-A1LS-01Z-00-DX1,32.7989541640319,-14.6372808068576,4
4_#_BRCA_00899_TCGA-E2-A1LS-01Z-00-DX1,9.92603471191562,-19.8485853803494,9
0_#_BRCA_00900_TCGA-E2-A2P5-01Z-00-DX1,16.2322282938394,3.34005605355498,4
4_#_BRCA_00900_TCGA-E2-A2P5-01Z-00-DX1,6.48461912454285,16.0352755944355,1
2_#_BRCA_00900_TCGA-E2-A2P5-01Z-00-DX1,16.920689667916,4.10033740169974,1
3_#_BRCA_00900_TCGA-E2-A2P5-01Z-00-DX1,12.3764712818405,-9.60529285393035,4
1_#_BRCA_00900_TCGA-E2-A2P5-01Z-00-DX1,6.21727270644867,14.7974687069876,1
5_#_BRCA_00900_TCGA-E2-A2P5-01Z-00-DX1,0.62810237512531,18.7051406037268,1
0_#_BRCA_00901_TCGA-E2-A2P6-01Z-00-DX1,20.127899670929,-9.95135636854377,4
3_#_BRCA_00901_TCGA-E2-A2P6-01Z-00-DX1,2.06094355017312,18.9327296302726,1
1_#_BRCA_00901_TCGA-E2-A2P6-01Z-00-DX1,25.335757558816,10.6110386953575,7
2_#_BRCA_00901_TCGA-E2-A2P6-01Z-00-DX1,13.3854059997995,16.6311419890824,1
4_#_BRCA_00901_TCGA-E2-A2P6-01Z-00-DX1,33.9965650509036,6.75659133000597,7
2_#_BRCA_00902_TCGA-E2-A3DX-01Z-00-DX1,6.335869802774,-29.1648448644333,9
0_#_BRCA_00902_TCGA-E2-A3DX-01Z-00-DX1,4.45526872071294,-25.8676431116686,9
1_#_BRCA_00902_TCGA-E2-A3DX-01Z-00-DX1,15.9401503451918,-13.0791935749692,4
3_#_BRCA_00902_TCGA-E2-A3DX-01Z-00-DX1,6.47676749325875,8.80405718396783,6
4_#_BRCA_00902_TCGA-E2-A3DX-01Z-00-DX1,-0.874024535764294,-19.8995183062798,5
5_#_BRCA_00902_TCGA-E2-A3DX-01Z-00-DX1,12.4888812752735,-16.5566950041471,4
0_#_BRCA_00903_TCGA-E2-A56Z-01Z-00-DX1,30.731003796405,-20.3702228223062,4
3_#_BRCA_00903_TCGA-E2-A56Z-01Z-00-DX1,10.8743482911754,9.50355077422551,1
1_#_BRCA_00903_TCGA-E2-A56Z-01Z-00-DX1,5.48000266458236,-19.0872456450168,2
2_#_BRCA_00903_TCGA-E2-A56Z-01Z-00-DX1,1.62637303182243,-16.3330394536764,2
4_#_BRCA_00903_TCGA-E2-A56Z-01Z-00-DX1,10.8371203323187,9.44889364460357,1
5_#_BRCA_00903_TCGA-E2-A56Z-01Z-00-DX1,12.2063611920592,-20.5933478681641,4
6_#_BRCA_00903_TCGA-E2-A56Z-01Z-00-DX1,13.8304622044351,7.97902594538927,1
1_#_BRCA_00904_TCGA-E2-A570-01Z-00-DX1,-12.1990466366289,0.218008818704105,6
0_#_BRCA_00904_TCGA-E2-A570-01Z-00-DX1,26.5860962997331,0.397143314101454,4
2_#_BRCA_00904_TCGA-E2-A570-01Z-00-DX1,5.09644980407488,-22.3115728059144,2
4_#_BRCA_00904_TCGA-E2-A570-01Z-00-DX1,11.6732978960808,-16.299859670051,4
3_#_BRCA_00904_TCGA-E2-A570-01Z-00-DX1,30.5371104994615,-19.2547627788401,4
6_#_BRCA_00904_TCGA-E2-A570-01Z-00-DX1,24.6975159544411,2.03476591634268,4
5_#_BRCA_00904_TCGA-E2-A570-01Z-00-DX1,4.22244125007333,-30.8450486676561,9
7_#_BRCA_00904_TCGA-E2-A570-01Z-00-DX1,-0.800285626235785,-27.9389101911548,9
0_#_BRCA_00905_TCGA-E2-A572-01Z-00-DX1,31.4637733157848,-10.0993753301385,4
1_#_BRCA_00905_TCGA-E2-A572-01Z-00-DX1,35.6608980067271,-7.59175234184649,4
3_#_BRCA_00905_TCGA-E2-A572-01Z-00-DX1,36.8017197053812,-8.24997938916448,4
4_#_BRCA_00905_TCGA-E2-A572-01Z-00-DX1,-14.6144569952703,-31.1098634390768,2
6_#_BRCA_00905_TCGA-E2-A572-01Z-00-DX1,20.6183654786325,-15.6722191972159,2
2_#_BRCA_00905_TCGA-E2-A572-01Z-00-DX1,-6.53337219026809,2.95107115082734,6
5_#_BRCA_00905_TCGA-E2-A572-01Z-00-DX1,-0.263809880778643,-15.116622041478,2
1_#_BRCA_00906_TCGA-E2-A573-01Z-00-DX1,6.5366642630083,7.60201033302761,6
0_#_BRCA_00906_TCGA-E2-A573-01Z-00-DX1,-4.86474061170968,36.1686883228508,6
2_#_BRCA_00906_TCGA-E2-A573-01Z-00-DX1,29.4476193574154,-14.541417794225,4
3_#_BRCA_00906_TCGA-E2-A573-01Z-00-DX1,26.7888252085395,-16.997584217097,4
6_#_BRCA_00906_TCGA-E2-A573-01Z-00-DX1,23.5248654713829,-16.770075589835,4
4_#_BRCA_00906_TCGA-E2-A573-01Z-00-DX1,-13.4372645579684,-7.3457644766473,2
5_#_BRCA_00906_TCGA-E2-A573-01Z-00-DX1,-9.10156322232431,-27.1806394258682,2
0_#_BRCA_00907_TCGA-E2-A574-01Z-00-DX1,-3.18819014174204,-20.9458226518316,2
1_#_BRCA_00907_TCGA-E2-A574-01Z-00-DX1,29.2221505109067,-17.9350259397731,4
2_#_BRCA_00907_TCGA-E2-A574-01Z-00-DX1,-3.15478954696938,-21.1612718972564,5
3_#_BRCA_00907_TCGA-E2-A574-01Z-00-DX1,-3.4265240856578,-20.7873019575993,2
4_#_BRCA_00907_TCGA-E2-A574-01Z-00-DX1,3.64496203471105,-1.91587290698725,1
5_#_BRCA_00907_TCGA-E2-A574-01Z-00-DX1,31.3873432868839,-21.3772905272041,4
0_#_BRCA_00908_TCGA-E2-A576-01Z-00-DX1,31.9477997886626,-1.51306212962522,4
1_#_BRCA_00908_TCGA-E2-A576-01Z-00-DX1,-0.926823994892208,32.4161785400859,4
3_#_BRCA_00908_TCGA-E2-A576-01Z-00-DX1,31.3300394111046,-21.154354897443,4
4_#_BRCA_00908_TCGA-E2-A576-01Z-00-DX1,27.012570645122,6.41783219770514,7
2_#_BRCA_00908_TCGA-E2-A576-01Z-00-DX1,14.6234510291704,26.8511282923186,4
2_#_BRCA_00909_TCGA-E2-A9RU-01Z-00-DX1,-18.9329856446758,-5.99143781587209,2
0_#_BRCA_00909_TCGA-E2-A9RU-01Z-00-DX1,-7.72218894400879,-13.8438166603186,2
1_#_BRCA_00909_TCGA-E2-A9RU-01Z-00-DX1,5.1337287896545,-19.8450044078612,2
3_#_BRCA_00909_TCGA-E2-A9RU-01Z-00-DX1,22.7832461841999,0.639743947259004,4
4_#_BRCA_00909_TCGA-E2-A9RU-01Z-00-DX1,-7.70690691844332,-13.8368954799174,5
5_#_BRCA_00909_TCGA-E2-A9RU-01Z-00-DX1,-20.5215419243081,-7.65145917003059,2
0_#_BRCA_00910_TCGA-E9-A1N3-01Z-00-DX1,-4.86009550871525,-42.9316537610698,11
2_#_BRCA_00910_TCGA-E9-A1N3-01Z-00-DX1,-5.80626282965322,-42.2977398334104,11
1_#_BRCA_00910_TCGA-E9-A1N3-01Z-00-DX1,-5.18969180511834,-41.6283071604649,11
3_#_BRCA_00910_TCGA-E9-A1N3-01Z-00-DX1,-5.66710608712745,-42.6063129008731,11
5_#_BRCA_00910_TCGA-E9-A1N3-01Z-00-DX1,-4.5374773065519,-42.286231896677,11
4_#_BRCA_00910_TCGA-E9-A1N3-01Z-00-DX1,-4.73509514202023,-42.0936821567,11
2_#_BRCA_00911_TCGA-E9-A1N4-01Z-00-DX1,-4.43146905256261,-41.7564248123331,11
0_#_BRCA_00911_TCGA-E9-A1N4-01Z-00-DX1,-3.91751090316957,-42.7075205203337,11
1_#_BRCA_00911_TCGA-E9-A1N4-01Z-00-DX1,-3.93846727614131,-42.7603914508348,11
3_#_BRCA_00911_TCGA-E9-A1N4-01Z-00-DX1,-5.26369396779329,-41.3632932357396,11
4_#_BRCA_00911_TCGA-E9-A1N4-01Z-00-DX1,-3.00590249431155,-42.0178175988044,11
5_#_BRCA_00911_TCGA-E9-A1N4-01Z-00-DX1,-4.09483988426705,-42.5572646849091,11
0_#_BRCA_00912_TCGA-E9-A1N5-01Z-00-DX1,-6.20541352464682,-42.4645276393489,11
6_#_BRCA_00912_TCGA-E9-A1N5-01Z-00-DX1,-5.20754688646213,-42.8955911017287,11
1_#_BRCA_00912_TCGA-E9-A1N5-01Z-00-DX1,-5.81703041720908,-41.2496351181151,11
7_#_BRCA_00912_TCGA-E9-A1N5-01Z-00-DX1,-7.0687122197515,-42.5929939306655,11
3_#_BRCA_00912_TCGA-E9-A1N5-01Z-00-DX1,-7.45422038697851,-42.6385655861866,11
5_#_BRCA_00912_TCGA-E9-A1N5-01Z-00-DX1,-19.8226041772005,-14.4602993841362,1
2_#_BRCA_00912_TCGA-E9-A1N5-01Z-00-DX1,-6.72371996454604,-43.2029691415716,11
8_#_BRCA_00912_TCGA-E9-A1N5-01Z-00-DX1,-6.20632544692418,-41.5673165358024,11
4_#_BRCA_00912_TCGA-E9-A1N5-01Z-00-DX1,-4.15942426044878,-41.5423197330859,11
2_#_BRCA_00914_TCGA-E9-A1N8-01Z-00-DX1,-4.01345618922732,-40.2025607174287,11
0_#_BRCA_00914_TCGA-E9-A1N8-01Z-00-DX1,-4.20790930054308,-40.4824902243569,11
1_#_BRCA_00914_TCGA-E9-A1N8-01Z-00-DX1,-3.98290690815211,-40.0515930742917,11
4_#_BRCA_00914_TCGA-E9-A1N8-01Z-00-DX1,-3.92058768839266,-40.7103127203687,11
3_#_BRCA_00914_TCGA-E9-A1N8-01Z-00-DX1,-5.49300406088579,-41.896893624727,11
5_#_BRCA_00914_TCGA-E9-A1N8-01Z-00-DX1,-4.13643878085037,-40.0671103111285,11
6_#_BRCA_00914_TCGA-E9-A1N8-01Z-00-DX1,-3.26028376404627,-42.0017743767698,11
7_#_BRCA_00914_TCGA-E9-A1N8-01Z-00-DX1,-20.1147060658984,-19.1720042121311,2
0_#_BRCA_00915_TCGA-E9-A1N9-01Z-00-DX1,-4.16087249960331,-42.3655319178353,11
1_#_BRCA_00915_TCGA-E9-A1N9-01Z-00-DX1,-4.83109080137008,-41.3431615557322,11
3_#_BRCA_00915_TCGA-E9-A1N9-01Z-00-DX1,-3.98660247229284,-42.8704892872769,11
5_#_BRCA_00915_TCGA-E9-A1N9-01Z-00-DX1,-4.9276289191434,-40.7206528487273,11
2_#_BRCA_00915_TCGA-E9-A1N9-01Z-00-DX1,-5.20962271392199,-40.4654337458925,11
4_#_BRCA_00915_TCGA-E9-A1N9-01Z-00-DX1,-4.71380956426237,-43.0332554483928,11
2_#_BRCA_00916_TCGA-E9-A1NA-01Z-00-DX1,-6.52875076847205,-42.5199469890138,11
1_#_BRCA_00916_TCGA-E9-A1NA-01Z-00-DX1,-6.61825044440548,-42.0547085726635,11
3_#_BRCA_00916_TCGA-E9-A1NA-01Z-00-DX1,-6.38204676901151,-42.3406656821772,11
0_#_BRCA_00916_TCGA-E9-A1NA-01Z-00-DX1,-5.91478456586719,-41.4453351642074,11
4_#_BRCA_00916_TCGA-E9-A1NA-01Z-00-DX1,-6.23985774338844,-41.8973966042733,11
5_#_BRCA_00916_TCGA-E9-A1NA-01Z-00-DX1,-7.07827999128095,-41.6123214830709,11
0_#_BRCA_00917_TCGA-E9-A1NC-01Z-00-DX1,-3.92231402682557,-41.0443948987524,11
4_#_BRCA_00917_TCGA-E9-A1NC-01Z-00-DX1,-4.05893755430151,-40.2251036002374,11
1_#_BRCA_00917_TCGA-E9-A1NC-01Z-00-DX1,-1.74935465291483,-10.0785802954181,5
3_#_BRCA_00917_TCGA-E9-A1NC-01Z-00-DX1,-3.55259373923204,-41.4680840949969,11
2_#_BRCA_00917_TCGA-E9-A1NC-01Z-00-DX1,-4.42801812462251,-41.506362698657,11
6_#_BRCA_00917_TCGA-E9-A1NC-01Z-00-DX1,-3.81746390700035,-41.6630438984972,11
5_#_BRCA_00917_TCGA-E9-A1NC-01Z-00-DX1,-1.79560384091551,-9.88303518992175,5
7_#_BRCA_00917_TCGA-E9-A1NC-01Z-00-DX1,-20.1227592205469,-19.75475014531,7
0_#_BRCA_00918_TCGA-E9-A1ND-01Z-00-DX1,-5.92513696765768,-44.1383301904012,11
2_#_BRCA_00918_TCGA-E9-A1ND-01Z-00-DX1,-5.74632356661166,-44.140740056599,11
1_#_BRCA_00918_TCGA-E9-A1ND-01Z-00-DX1,-5.86259856742415,-40.9045512706942,11
3_#_BRCA_00918_TCGA-E9-A1ND-01Z-00-DX1,-5.70980398314169,-44.1243533316105,11
4_#_BRCA_00918_TCGA-E9-A1ND-01Z-00-DX1,-5.72056752759818,-44.1379574330252,11
7_#_BRCA_00918_TCGA-E9-A1ND-01Z-00-DX1,-5.85137136092724,-44.1486997332399,11
5_#_BRCA_00918_TCGA-E9-A1ND-01Z-00-DX1,-5.83718831308946,-44.1048295648293,11
6_#_BRCA_00918_TCGA-E9-A1ND-01Z-00-DX1,-5.96580691465337,-44.107722481968,11
4_#_BRCA_00919_TCGA-E9-A1NE-01Z-00-DX1,-6.15863323253444,-43.9831373660917,11
3_#_BRCA_00919_TCGA-E9-A1NE-01Z-00-DX1,-6.4742016333104,-43.3963387534564,11
0_#_BRCA_00919_TCGA-E9-A1NE-01Z-00-DX1,-5.67700624898722,-38.4006186550286,7
5_#_BRCA_00919_TCGA-E9-A1NE-01Z-00-DX1,-5.79532377090788,-43.6980487943726,11
1_#_BRCA_00919_TCGA-E9-A1NE-01Z-00-DX1,-6.42564018448712,-43.804163586854,11
6_#_BRCA_00919_TCGA-E9-A1NE-01Z-00-DX1,-5.55466244262803,-38.8309866554495,7
2_#_BRCA_00919_TCGA-E9-A1NE-01Z-00-DX1,-3.43977382271229,-41.6078101836106,11
1_#_BRCA_00920_TCGA-E9-A1NF-01Z-00-DX1,-5.53938288164122,-43.119515918354,11
2_#_BRCA_00920_TCGA-E9-A1NF-01Z-00-DX1,-4.31684501726762,-42.7372920864974,11
0_#_BRCA_00920_TCGA-E9-A1NF-01Z-00-DX1,-4.77291797249479,-41.6637431839408,11
5_#_BRCA_00920_TCGA-E9-A1NF-01Z-00-DX1,-4.88265340157888,-42.161782256181,11
4_#_BRCA_00920_TCGA-E9-A1NF-01Z-00-DX1,-5.28100253520068,-43.7376405331678,11
3_#_BRCA_00920_TCGA-E9-A1NF-01Z-00-DX1,-3.80538198147104,-42.0818822771435,11
6_#_BRCA_00920_TCGA-E9-A1NF-01Z-00-DX1,-20.0960093424376,-19.7011818465807,7
1_#_BRCA_00921_TCGA-E9-A1NG-01Z-00-DX1,-4.53322358844103,-40.9104560670632,11
0_#_BRCA_00921_TCGA-E9-A1NG-01Z-00-DX1,-5.31487320618911,-41.2001162034932,11
3_#_BRCA_00921_TCGA-E9-A1NG-01Z-00-DX1,-3.86719012352999,-42.7375956856137,11
5_#_BRCA_00921_TCGA-E9-A1NG-01Z-00-DX1,-4.35462472247968,-42.486449446412,11
4_#_BRCA_00921_TCGA-E9-A1NG-01Z-00-DX1,-4.86903310755462,-40.8620495985427,11
2_#_BRCA_00921_TCGA-E9-A1NG-01Z-00-DX1,-4.42931925260616,-41.8408361120092,11
0_#_BRCA_00922_TCGA-E9-A1NH-01Z-00-DX1,-4.02816283809488,-42.4917085776094,11
2_#_BRCA_00922_TCGA-E9-A1NH-01Z-00-DX1,-4.50430201341084,-43.1368430913259,11
4_#_BRCA_00922_TCGA-E9-A1NH-01Z-00-DX1,-4.37537171037955,-43.0702222479229,11
5_#_BRCA_00922_TCGA-E9-A1NH-01Z-00-DX1,-3.97965514297518,-43.0190825395942,11
1_#_BRCA_00922_TCGA-E9-A1NH-01Z-00-DX1,-4.07920615176913,-41.9190164841298,11
3_#_BRCA_00922_TCGA-E9-A1NH-01Z-00-DX1,-4.26423152487814,-41.8752679087081,11
6_#_BRCA_00922_TCGA-E9-A1NH-01Z-00-DX1,-4.3915378148763,-41.6549417053789,11
7_#_BRCA_00922_TCGA-E9-A1NH-01Z-00-DX1,-4.06517430973721,-42.6935702503543,11
0_#_BRCA_00923_TCGA-E9-A1NI-01Z-00-DX1,-5.39363328017609,-41.3801952770729,11
3_#_BRCA_00923_TCGA-E9-A1NI-01Z-00-DX1,-5.18664109452447,-41.7245796921806,11
4_#_BRCA_00923_TCGA-E9-A1NI-01Z-00-DX1,-4.20610527539822,-42.2116869576907,11
1_#_BRCA_00923_TCGA-E9-A1NI-01Z-00-DX1,-5.45396493715291,-43.5317293012696,11
2_#_BRCA_00923_TCGA-E9-A1NI-01Z-00-DX1,-4.56283633568901,-43.2269188542157,11
2_#_BRCA_00924_TCGA-E9-A1QZ-01Z-00-DX1,19.4966565191897,13.9211286022344,1
0_#_BRCA_00924_TCGA-E9-A1QZ-01Z-00-DX1,-2.1168053649169,26.6847333306965,1
3_#_BRCA_00924_TCGA-E9-A1QZ-01Z-00-DX1,19.6660970930688,14.0577963825544,7
1_#_BRCA_00924_TCGA-E9-A1QZ-01Z-00-DX1,-2.31763855443427,26.7900727324753,1
4_#_BRCA_00924_TCGA-E9-A1QZ-01Z-00-DX1,-2.38825495742291,26.9324584220261,1
6_#_BRCA_00924_TCGA-E9-A1QZ-01Z-00-DX1,-2.24788277633182,26.6646950333899,1
5_#_BRCA_00924_TCGA-E9-A1QZ-01Z-00-DX1,-1.93878817032166,26.7827019543907,1
0_#_BRCA_00925_TCGA-E9-A1R0-01Z-00-DX1,-4.40288938630767,-13.9262508631208,2
3_#_BRCA_00925_TCGA-E9-A1R0-01Z-00-DX1,-4.47745518981951,-18.436765788297,2
1_#_BRCA_00925_TCGA-E9-A1R0-01Z-00-DX1,-3.27585499676832,-15.9093079581628,2
6_#_BRCA_00925_TCGA-E9-A1R0-01Z-00-DX1,-4.77593343541602,-12.9915905425631,2
2_#_BRCA_00925_TCGA-E9-A1R0-01Z-00-DX1,24.1266483385039,15.7420158677683,7
4_#_BRCA_00925_TCGA-E9-A1R0-01Z-00-DX1,-12.3051566510637,-12.5145644327257,2
5_#_BRCA_00925_TCGA-E9-A1R0-01Z-00-DX1,-15.380044531796,-19.8489425891955,2
1_#_BRCA_00926_TCGA-E9-A1R2-01Z-00-DX1,-3.42727723444463,14.5677464187783,5
2_#_BRCA_00926_TCGA-E9-A1R2-01Z-00-DX1,-3.44143627275731,14.6309336838143,1
0_#_BRCA_00926_TCGA-E9-A1R2-01Z-00-DX1,-2.55890384966423,15.2678040293281,1
3_#_BRCA_00926_TCGA-E9-A1R2-01Z-00-DX1,-3.53329766937758,14.5287339714619,5
5_#_BRCA_00926_TCGA-E9-A1R2-01Z-00-DX1,10.8076058350639,1.26917556127183,1
4_#_BRCA_00926_TCGA-E9-A1R2-01Z-00-DX1,-4.58891106606053,-3.18663201529761,2
3_#_BRCA_00927_TCGA-E9-A1R3-01Z-00-DX1,-18.7439783435107,-17.373640680056,2
1_#_BRCA_00927_TCGA-E9-A1R3-01Z-00-DX1,28.7112391813984,-3.54482570940874,4
0_#_BRCA_00927_TCGA-E9-A1R3-01Z-00-DX1,-8.02059194092196,-12.7015632158236,2
2_#_BRCA_00927_TCGA-E9-A1R3-01Z-00-DX1,-19.6030653794413,-15.8865430016644,2
4_#_BRCA_00927_TCGA-E9-A1R3-01Z-00-DX1,-7.43205335442955,-11.5849051709473,2
5_#_BRCA_00927_TCGA-E9-A1R3-01Z-00-DX1,-6.24502187865894,-10.1809806953427,7
0_#_BRCA_00928_TCGA-E9-A1R4-01Z-00-DX1,-22.1294887604385,-12.316756804876,2
1_#_BRCA_00928_TCGA-E9-A1R4-01Z-00-DX1,-4.79596062920379,-2.69853045978551,2
5_#_BRCA_00928_TCGA-E9-A1R4-01Z-00-DX1,-21.8047051417689,-11.6248789153,2
2_#_BRCA_00928_TCGA-E9-A1R4-01Z-00-DX1,-22.2262115331935,-11.2809815038587,2
4_#_BRCA_00928_TCGA-E9-A1R4-01Z-00-DX1,-21.8374785689662,-11.539776350539,2
3_#_BRCA_00928_TCGA-E9-A1R4-01Z-00-DX1,-14.2420380475418,-29.7630919200339,2
6_#_BRCA_00928_TCGA-E9-A1R4-01Z-00-DX1,-19.9692248807969,-14.3353378862703,7
0_#_BRCA_00929_TCGA-E9-A1R5-01Z-00-DX1,-25.2670149996203,8.07674117436043,5
2_#_BRCA_00929_TCGA-E9-A1R5-01Z-00-DX1,-7.96400948960645,-12.7816549914175,2
1_#_BRCA_00929_TCGA-E9-A1R5-01Z-00-DX1,-21.0222848174867,-11.4124132880407,2
3_#_BRCA_00929_TCGA-E9-A1R5-01Z-00-DX1,-7.15114409842124,-11.1462776164463,2
4_#_BRCA_00929_TCGA-E9-A1R5-01Z-00-DX1,-18.9972164267259,-14.381355743495,7
5_#_BRCA_00929_TCGA-E9-A1R5-01Z-00-DX1,-25.2104256596683,16.6654110061718,5
0_#_BRCA_00930_TCGA-E9-A1R6-01Z-00-DX1,-5.39785708946814,-10.1030359040815,7
1_#_BRCA_00930_TCGA-E9-A1R6-01Z-00-DX1,-5.39120675132179,-10.0487969169413,7
3_#_BRCA_00930_TCGA-E9-A1R6-01Z-00-DX1,-5.96614899974636,-10.0618272546181,7
2_#_BRCA_00930_TCGA-E9-A1R6-01Z-00-DX1,-16.7932446141956,0.618834438116491,5
4_#_BRCA_00930_TCGA-E9-A1R6-01Z-00-DX1,27.2046381906882,20.7703393792238,7
5_#_BRCA_00930_TCGA-E9-A1R6-01Z-00-DX1,32.9910836306437,10.9368559033584,7
6_#_BRCA_00930_TCGA-E9-A1R6-01Z-00-DX1,-5.54115936489771,-10.07612903648,7
0_#_BRCA_00932_TCGA-E9-A1RA-01Z-00-DX1,-7.53872593741632,-11.5957458103584,2
1_#_BRCA_00932_TCGA-E9-A1RA-01Z-00-DX1,-19.0842168461735,-15.1455683703589,2
3_#_BRCA_00932_TCGA-E9-A1RA-01Z-00-DX1,-18.6841847053976,-17.51161051388,2
2_#_BRCA_00932_TCGA-E9-A1RA-01Z-00-DX1,-7.76659660078702,-12.140754447442,2
4_#_BRCA_00932_TCGA-E9-A1RA-01Z-00-DX1,-15.2072849488626,-21.3737771917588,2
5_#_BRCA_00932_TCGA-E9-A1RA-01Z-00-DX1,30.0170213312385,5.81111294466089,7
6_#_BRCA_00932_TCGA-E9-A1RA-01Z-00-DX1,-19.9307603278645,-16.2388177753052,2
7_#_BRCA_00932_TCGA-E9-A1RA-01Z-00-DX1,-18.6195997703859,-17.4824405079829,2
1_#_BRCA_00933_TCGA-E9-A1RB-01Z-00-DX1,-19.6956986731109,-16.2518212226819,2
0_#_BRCA_00933_TCGA-E9-A1RB-01Z-00-DX1,-8.29568804368961,-23.2715406366726,2
3_#_BRCA_00933_TCGA-E9-A1RB-01Z-00-DX1,33.5548399657374,15.5084377768432,7
2_#_BRCA_00933_TCGA-E9-A1RB-01Z-00-DX1,-7.88159492199766,-12.5896283473206,2
4_#_BRCA_00933_TCGA-E9-A1RB-01Z-00-DX1,-7.85238535560204,-10.9075804584175,2
5_#_BRCA_00933_TCGA-E9-A1RB-01Z-00-DX1,-18.7477569955999,-17.4965972617797,2
6_#_BRCA_00933_TCGA-E9-A1RB-01Z-00-DX1,-21.38726436668,3.88862989349669,2
0_#_BRCA_00934_TCGA-E9-A1RC-01Z-00-DX1,19.0422087651093,15.3115611015392,7
1_#_BRCA_00934_TCGA-E9-A1RC-01Z-00-DX1,-5.72478959370114,-10.032548392981,7
2_#_BRCA_00934_TCGA-E9-A1RC-01Z-00-DX1,-9.82197192538076,-1.10224561715348,2
3_#_BRCA_00934_TCGA-E9-A1RC-01Z-00-DX1,-20.8903638557714,-11.057263025122,2
4_#_BRCA_00934_TCGA-E9-A1RC-01Z-00-DX1,-4.80014272376673,-10.1330233466432,7
5_#_BRCA_00934_TCGA-E9-A1RC-01Z-00-DX1,29.8370386068033,5.82967673332214,7
0_#_BRCA_00935_TCGA-E9-A1RD-01Z-00-DX1,-20.7593305757147,-7.98208442905073,2
4_#_BRCA_00935_TCGA-E9-A1RD-01Z-00-DX1,-9.6143039998162,-0.498394642321955,2
3_#_BRCA_00935_TCGA-E9-A1RD-01Z-00-DX1,-20.5909710315135,-7.9121348481905,2
2_#_BRCA_00935_TCGA-E9-A1RD-01Z-00-DX1,-19.1251972075309,-17.1330220679778,2
1_#_BRCA_00935_TCGA-E9-A1RD-01Z-00-DX1,-21.2470811837571,-11.0752274814221,2
5_#_BRCA_00935_TCGA-E9-A1RD-01Z-00-DX1,-22.6779983052356,-9.72536806447765,2
0_#_BRCA_00936_TCGA-E9-A1RE-01Z-00-DX1,-18.7191144761081,-17.5657841218562,2
4_#_BRCA_00936_TCGA-E9-A1RE-01Z-00-DX1,-8.73287663542502,-22.9626180114292,2
1_#_BRCA_00936_TCGA-E9-A1RE-01Z-00-DX1,-4.56047840279289,-10.2539844251024,7
2_#_BRCA_00936_TCGA-E9-A1RE-01Z-00-DX1,-19.6620071760536,-16.7649522262054,2
3_#_BRCA_00936_TCGA-E9-A1RE-01Z-00-DX1,-20.0497941751426,-15.7715068488586,2
0_#_BRCA_00937_TCGA-E9-A1RF-01Z-00-DX1,-9.59433857890293,-0.567385161671519,2
1_#_BRCA_00937_TCGA-E9-A1RF-01Z-00-DX1,-18.8281821921459,-14.0029893515401,2
4_#_BRCA_00937_TCGA-E9-A1RF-01Z-00-DX1,-4.73561435361789,-2.65302282444781,2
2_#_BRCA_00937_TCGA-E9-A1RF-01Z-00-DX1,-20.0234663141333,-11.3116955536877,2
3_#_BRCA_00937_TCGA-E9-A1RF-01Z-00-DX1,-22.6282617559086,-11.0991765145615,2
5_#_BRCA_00937_TCGA-E9-A1RF-01Z-00-DX1,-19.9930754906081,-14.3560167103794,2
0_#_BRCA_00938_TCGA-E9-A1RG-01Z-00-DX1,-20.8082036801091,-10.9487813612716,2
1_#_BRCA_00938_TCGA-E9-A1RG-01Z-00-DX1,18.9671177838967,16.0447312535104,7
3_#_BRCA_00938_TCGA-E9-A1RG-01Z-00-DX1,-20.7704362041635,-11.0880925139522,2
2_#_BRCA_00938_TCGA-E9-A1RG-01Z-00-DX1,-9.85947689368013,-1.01677430489588,2
6_#_BRCA_00938_TCGA-E9-A1RG-01Z-00-DX1,-5.0297921081222,-7.17908709312555,2
4_#_BRCA_00938_TCGA-E9-A1RG-01Z-00-DX1,-20.169070158128,-16.5675010126597,2
5_#_BRCA_00938_TCGA-E9-A1RG-01Z-00-DX1,29.9274649530327,5.78518264702607,7
7_#_BRCA_00938_TCGA-E9-A1RG-01Z-00-DX1,17.9525062179159,-19.7905023321226,10
5_#_BRCA_00939_TCGA-E9-A1RH-01Z-00-DX1,-5.0739488525215,-20.921713425817,2
3_#_BRCA_00939_TCGA-E9-A1RH-01Z-00-DX1,14.6195344724444,-11.6307277722382,5
1_#_BRCA_00939_TCGA-E9-A1RH-01Z-00-DX1,-21.7099233347459,5.649174251161,5
0_#_BRCA_00939_TCGA-E9-A1RH-01Z-00-DX1,-22.7858127247205,4.74973019941558,5
4_#_BRCA_00939_TCGA-E9-A1RH-01Z-00-DX1,-24.0172987780647,-12.9324964819888,2
6_#_BRCA_00939_TCGA-E9-A1RH-01Z-00-DX1,-22.2877665034898,5.32524110433137,5
2_#_BRCA_00939_TCGA-E9-A1RH-01Z-00-DX1,4.7607100865458,-30.3916511455958,9
7_#_BRCA_00939_TCGA-E9-A1RH-01Z-00-DX1,2.94574892315328,-26.4310550932413,9
0_#_BRCA_00940_TCGA-E9-A1RI-01Z-00-DX1,-6.70644421006666,-12.8183241354641,2
2_#_BRCA_00940_TCGA-E9-A1RI-01Z-00-DX1,-9.08800650222415,-0.863666547814616,2
1_#_BRCA_00940_TCGA-E9-A1RI-01Z-00-DX1,-18.7496899004727,-17.3684224312587,2
5_#_BRCA_00940_TCGA-E9-A1RI-01Z-00-DX1,-7.24638104062361,-11.5291460967026,2
3_#_BRCA_00940_TCGA-E9-A1RI-01Z-00-DX1,-20.124761904679,-14.3608681214344,2
6_#_BRCA_00940_TCGA-E9-A1RI-01Z-00-DX1,-8.20521943881976,-11.825716074228,2
4_#_BRCA_00940_TCGA-E9-A1RI-01Z-00-DX1,-19.8776508519652,-16.1696195322153,2
7_#_BRCA_00940_TCGA-E9-A1RI-01Z-00-DX1,12.3365266930089,-1.75380130363842,7
1_#_BRCA_00941_TCGA-E9-A226-01Z-00-DX1,-11.4668897689879,8.82593148441849,5
0_#_BRCA_00941_TCGA-E9-A226-01Z-00-DX1,-22.6577692426802,6.44876104266276,5
5_#_BRCA_00941_TCGA-E9-A226-01Z-00-DX1,-8.7829467748563,3.44043925906735,6
4_#_BRCA_00941_TCGA-E9-A226-01Z-00-DX1,-14.1355725590701,12.9345852398913,5
6_#_BRCA_00941_TCGA-E9-A226-01Z-00-DX1,-23.5977755449063,3.92531865627311,5
3_#_BRCA_00941_TCGA-E9-A226-01Z-00-DX1,-8.75700570602954,3.94224072526188,6
7_#_BRCA_00941_TCGA-E9-A226-01Z-00-DX1,24.3828483983783,2.99241089353404,4
2_#_BRCA_00941_TCGA-E9-A226-01Z-00-DX1,14.0504679952234,-4.74904715487036,5
8_#_BRCA_00941_TCGA-E9-A226-01Z-00-DX1,-11.4984285369002,-8.75583578695831,2
0_#_BRCA_00942_TCGA-E9-A227-01Z-00-DX1,-3.09579592781209,-17.350784188323,2
1_#_BRCA_00942_TCGA-E9-A227-01Z-00-DX1,-1.10644428649799,21.9514358342519,1
2_#_BRCA_00942_TCGA-E9-A227-01Z-00-DX1,-26.4131146452499,6.67883743557751,5
3_#_BRCA_00942_TCGA-E9-A227-01Z-00-DX1,-1.39894216252925,-1.91985501113576,5
5_#_BRCA_00942_TCGA-E9-A227-01Z-00-DX1,-2.14167510573382,-1.99488983521223,5
4_#_BRCA_00942_TCGA-E9-A227-01Z-00-DX1,-3.07813422665622,-17.4136233395754,2
0_#_BRCA_00943_TCGA-E9-A228-01Z-00-DX1,-4.06943996801305,27.1016847028724,6
1_#_BRCA_00943_TCGA-E9-A228-01Z-00-DX1,-3.39332178357572,-8.34498160330313,2
2_#_BRCA_00943_TCGA-E9-A228-01Z-00-DX1,-12.4456284050853,-12.5862663378096,2
3_#_BRCA_00943_TCGA-E9-A228-01Z-00-DX1,7.59275272265849,-27.3121015808087,9
5_#_BRCA_00943_TCGA-E9-A228-01Z-00-DX1,4.69378256765821,33.7987982882514,6
6_#_BRCA_00943_TCGA-E9-A228-01Z-00-DX1,11.396335527928,28.1709895329035,7
4_#_BRCA_00943_TCGA-E9-A228-01Z-00-DX1,4.6374991652594,-26.7481696570769,9
0_#_BRCA_00944_TCGA-E9-A229-01Z-00-DX1,-9.6131273863074,6.85641909743568,5
2_#_BRCA_00944_TCGA-E9-A229-01Z-00-DX1,-4.48222863481812,-13.5848604869018,2
3_#_BRCA_00944_TCGA-E9-A229-01Z-00-DX1,5.46053572474644,-24.0548694490304,9
1_#_BRCA_00944_TCGA-E9-A229-01Z-00-DX1,-2.6772653416529,-16.1066320863098,2
4_#_BRCA_00944_TCGA-E9-A229-01Z-00-DX1,18.93990761398,-14.8282288929354,4
5_#_BRCA_00944_TCGA-E9-A229-01Z-00-DX1,21.0571306022204,5.30137335697396,7
0_#_BRCA_00945_TCGA-E9-A22A-01Z-00-DX1,-0.0939145261283645,-0.542936780884035,5
1_#_BRCA_00945_TCGA-E9-A22A-01Z-00-DX1,-11.5296663372591,9.24706712346451,5
2_#_BRCA_00945_TCGA-E9-A22A-01Z-00-DX1,0.0547889804098784,-1.28776645439018,5
4_#_BRCA_00945_TCGA-E9-A22A-01Z-00-DX1,-0.270851130151665,-1.58199193062674,5
3_#_BRCA_00945_TCGA-E9-A22A-01Z-00-DX1,9.97576152259581,0.909018387587155,1
5_#_BRCA_00945_TCGA-E9-A22A-01Z-00-DX1,-13.6786007698376,10.5373088274978,5
1_#_BRCA_00946_TCGA-E9-A22B-01Z-00-DX1,3.93053041958131,13.9354073605897,1
0_#_BRCA_00946_TCGA-E9-A22B-01Z-00-DX1,2.18185912412983,6.27914595201318,1
6_#_BRCA_00946_TCGA-E9-A22B-01Z-00-DX1,1.34947449025202,6.32017066236222,1
4_#_BRCA_00946_TCGA-E9-A22B-01Z-00-DX1,10.2683930208263,17.0878540512984,1
7_#_BRCA_00946_TCGA-E9-A22B-01Z-00-DX1,3.62515727262444,14.0640261693069,1
3_#_BRCA_00946_TCGA-E9-A22B-01Z-00-DX1,-12.0450999708121,-7.81869247615012,2
2_#_BRCA_00946_TCGA-E9-A22B-01Z-00-DX1,3.97873157447421,14.1594614875539,1
5_#_BRCA_00946_TCGA-E9-A22B-01Z-00-DX1,19.1020888939075,-21.7753927420272,10
5_#_BRCA_00947_TCGA-E9-A22D-01Z-00-DX1,-15.1288476741327,9.91150724420985,5
3_#_BRCA_00947_TCGA-E9-A22D-01Z-00-DX1,-15.4981159504455,9.92197426163108,5
1_#_BRCA_00947_TCGA-E9-A22D-01Z-00-DX1,-16.9956953772212,9.04806620650535,5
2_#_BRCA_00947_TCGA-E9-A22D-01Z-00-DX1,-18.7342413973161,9.25817615829738,5
0_#_BRCA_00947_TCGA-E9-A22D-01Z-00-DX1,-11.3910549952829,9.11396386282021,5
4_#_BRCA_00947_TCGA-E9-A22D-01Z-00-DX1,-25.7897950824129,6.15248246326596,5
8_#_BRCA_00947_TCGA-E9-A22D-01Z-00-DX1,32.2771032604903,7.65068653484285,7
9_#_BRCA_00947_TCGA-E9-A22D-01Z-00-DX1,19.4478822238684,11.2118368282135,7
7_#_BRCA_00947_TCGA-E9-A22D-01Z-00-DX1,1.36710245928539,20.9367287049768,1
6_#_BRCA_00947_TCGA-E9-A22D-01Z-00-DX1,35.4310871703228,9.20075184161868,7
0_#_BRCA_00948_TCGA-E9-A22E-01Z-00-DX1,0.186067953309235,1.38998862460677,5
1_#_BRCA_00948_TCGA-E9-A22E-01Z-00-DX1,-0.146112088842061,-1.02557855025371,5
6_#_BRCA_00948_TCGA-E9-A22E-01Z-00-DX1,4.01405216044955,6.36105071825576,1
3_#_BRCA_00948_TCGA-E9-A22E-01Z-00-DX1,0.662568838333538,1.65558230961092,5
4_#_BRCA_00948_TCGA-E9-A22E-01Z-00-DX1,-0.088861679484806,-0.808669948362308,5
7_#_BRCA_00948_TCGA-E9-A22E-01Z-00-DX1,-0.0941410422593703,1.47176193219972,5
5_#_BRCA_00948_TCGA-E9-A22E-01Z-00-DX1,-0.0139485008230774,-0.977526994567946,5
2_#_BRCA_00948_TCGA-E9-A22E-01Z-00-DX1,-8.44786308312205,-17.572711358551,5
0_#_BRCA_00949_TCGA-E9-A22G-01Z-00-DX1,-15.3457721044996,-21.62158013953,2
1_#_BRCA_00949_TCGA-E9-A22G-01Z-00-DX1,-14.1784995990104,-25.8052078083164,2
5_#_BRCA_00949_TCGA-E9-A22G-01Z-00-DX1,-14.1404418034448,-25.403902616242,2
2_#_BRCA_00949_TCGA-E9-A22G-01Z-00-DX1,11.9180688961097,25.7055392895641,6
3_#_BRCA_00949_TCGA-E9-A22G-01Z-00-DX1,-14.0029273438746,-28.4206708220194,2
4_#_BRCA_00949_TCGA-E9-A22G-01Z-00-DX1,33.5165383244627,10.47693042297,7
6_#_BRCA_00949_TCGA-E9-A22G-01Z-00-DX1,-21.4147909623535,-15.4924089419974,2
0_#_BRCA_00950_TCGA-E9-A22H-01Z-00-DX1,32.7442169487851,17.90936133495,7
1_#_BRCA_00950_TCGA-E9-A22H-01Z-00-DX1,-8.35133839112029,4.44716360655519,6
3_#_BRCA_00950_TCGA-E9-A22H-01Z-00-DX1,-9.81110476442778,2.39554483160138,6
4_#_BRCA_00950_TCGA-E9-A22H-01Z-00-DX1,-9.81516255786067,7.07502713571962,5
2_#_BRCA_00950_TCGA-E9-A22H-01Z-00-DX1,-6.98559541372946,28.398049768288,6
7_#_BRCA_00950_TCGA-E9-A22H-01Z-00-DX1,-9.34923165425822,-3.29845599448809,6
5_#_BRCA_00950_TCGA-E9-A22H-01Z-00-DX1,9.86048563703886,0.972704155387542,1
6_#_BRCA_00950_TCGA-E9-A22H-01Z-00-DX1,1.79142024690314,18.7807328701506,1
1_#_BRCA_00951_TCGA-E9-A243-01Z-00-DX1,12.8416304410406,-5.33619046839018,5
0_#_BRCA_00951_TCGA-E9-A243-01Z-00-DX1,-13.9428696216302,6.78142082807739,5
2_#_BRCA_00951_TCGA-E9-A243-01Z-00-DX1,-16.9157845304501,8.92441677106153,5
3_#_BRCA_00951_TCGA-E9-A243-01Z-00-DX1,4.86594308845703,-28.9559373342258,9
5_#_BRCA_00951_TCGA-E9-A243-01Z-00-DX1,-17.0911929762775,8.83199876256996,5
4_#_BRCA_00951_TCGA-E9-A243-01Z-00-DX1,-23.6762273897972,-12.8763066241562,2
6_#_BRCA_00951_TCGA-E9-A243-01Z-00-DX1,-13.8221014660517,6.71126145876398,5
0_#_BRCA_00952_TCGA-E9-A244-01Z-00-DX1,-9.02348956115817,2.98266526472231,2
4_#_BRCA_00952_TCGA-E9-A244-01Z-00-DX1,-6.80332097770295,27.9723106919097,6
3_#_BRCA_00952_TCGA-E9-A244-01Z-00-DX1,-4.91213799105218,-6.68258465407407,2
2_#_BRCA_00952_TCGA-E9-A244-01Z-00-DX1,30.7121655950551,11.9835718111237,7
1_#_BRCA_00952_TCGA-E9-A244-01Z-00-DX1,20.006349351988,4.9374919414161,6
5_#_BRCA_00952_TCGA-E9-A244-01Z-00-DX1,-9.00220578708121,3.51747594487744,6
6_#_BRCA_00952_TCGA-E9-A244-01Z-00-DX1,23.7360355121159,15.6027993403034,7
7_#_BRCA_00952_TCGA-E9-A244-01Z-00-DX1,-22.1818976989505,-28.4824777420992,9
0_#_BRCA_00953_TCGA-E9-A245-01Z-00-DX1,-5.89988781631119,4.9078342347984,6
1_#_BRCA_00953_TCGA-E9-A245-01Z-00-DX1,4.11477143833072,-15.9529296081759,5
2_#_BRCA_00953_TCGA-E9-A245-01Z-00-DX1,-4.8611487470201,-5.73122871314609,2
3_#_BRCA_00953_TCGA-E9-A245-01Z-00-DX1,-4.82990321926807,-5.76381690263736,2
4_#_BRCA_00953_TCGA-E9-A245-01Z-00-DX1,-14.9005175018892,-14.0193439340258,2
5_#_BRCA_00953_TCGA-E9-A245-01Z-00-DX1,-5.6899229421963,4.77424362677878,6
6_#_BRCA_00953_TCGA-E9-A245-01Z-00-DX1,28.482157869289,13.6091427139156,7
7_#_BRCA_00953_TCGA-E9-A245-01Z-00-DX1,-5.32334443243739,-6.09291405543027,2
0_#_BRCA_00954_TCGA-E9-A247-01Z-00-DX1,-15.5475262347932,-14.5103809646892,2
1_#_BRCA_00954_TCGA-E9-A247-01Z-00-DX1,-5.42519297722506,-6.18870492535147,2
3_#_BRCA_00954_TCGA-E9-A247-01Z-00-DX1,-15.1464726714487,-14.0795289619817,2
5_#_BRCA_00954_TCGA-E9-A247-01Z-00-DX1,-15.4880052122875,-14.4597767464457,2
2_#_BRCA_00954_TCGA-E9-A247-01Z-00-DX1,17.1301995002908,-18.695400297744,10
4_#_BRCA_00954_TCGA-E9-A247-01Z-00-DX1,-16.6316412028224,-25.5321972455399,2
1_#_BRCA_00955_TCGA-E9-A248-01Z-00-DX1,-5.95750570552283,28.487807336715,6
2_#_BRCA_00955_TCGA-E9-A248-01Z-00-DX1,30.800075167028,2.92818317758184,4
0_#_BRCA_00955_TCGA-E9-A248-01Z-00-DX1,-5.73531748660532,28.0638912027643,6
3_#_BRCA_00955_TCGA-E9-A248-01Z-00-DX1,2.694947269024,33.5561101299086,6
4_#_BRCA_00955_TCGA-E9-A248-01Z-00-DX1,-18.4521405886223,-9.27985611540532,2
1_#_BRCA_00956_TCGA-E9-A249-01Z-00-DX1,-9.88896331470018,-6.07331014591379,2
0_#_BRCA_00956_TCGA-E9-A249-01Z-00-DX1,-7.20177648725037,-12.4729925667786,2
2_#_BRCA_00956_TCGA-E9-A249-01Z-00-DX1,-5.08173628000474,-6.68634583879436,2
6_#_BRCA_00956_TCGA-E9-A249-01Z-00-DX1,-14.34157651673,-18.563660154445,2
3_#_BRCA_00956_TCGA-E9-A249-01Z-00-DX1,-9.84132183427431,-0.411794133015652,2
4_#_BRCA_00956_TCGA-E9-A249-01Z-00-DX1,-9.27473198570183,-26.8077336556709,2
5_#_BRCA_00956_TCGA-E9-A249-01Z-00-DX1,-19.6779620935985,-11.9204191807354,2
3_#_BRCA_00957_TCGA-E9-A24A-01Z-00-DX1,-18.0106693906947,-18.4685886773967,2
0_#_BRCA_00957_TCGA-E9-A24A-01Z-00-DX1,-19.2814134128906,-9.1201999505781,2
1_#_BRCA_00957_TCGA-E9-A24A-01Z-00-DX1,-7.14312475044856,-23.9313511799157,2
2_#_BRCA_00957_TCGA-E9-A24A-01Z-00-DX1,-19.6319250066449,-11.501126642836,2
4_#_BRCA_00957_TCGA-E9-A24A-01Z-00-DX1,-4.12933575278851,-9.81776248749078,7
5_#_BRCA_00957_TCGA-E9-A24A-01Z-00-DX1,-9.63778838619882,-22.4519334207241,2
0_#_BRCA_00958_TCGA-E9-A295-01Z-00-DX1,4.17044708135706,-15.9412627581544,5
1_#_BRCA_00958_TCGA-E9-A295-01Z-00-DX1,8.76329549560171,12.3488715826668,1
8_#_BRCA_00958_TCGA-E9-A295-01Z-00-DX1,-0.508153240241781,27.2311327452059,1
2_#_BRCA_00958_TCGA-E9-A295-01Z-00-DX1,12.6304600818875,19.1282528205669,1
3_#_BRCA_00958_TCGA-E9-A295-01Z-00-DX1,11.1434509060517,1.90842263199245,1
5_#_BRCA_00958_TCGA-E9-A295-01Z-00-DX1,21.0016651689029,-8.81185483487029,4
4_#_BRCA_00958_TCGA-E9-A295-01Z-00-DX1,-10.0010833463094,-27.02175076598,2
6_#_BRCA_00958_TCGA-E9-A295-01Z-00-DX1,-11.2116941400999,1.12784069817362,6
7_#_BRCA_00958_TCGA-E9-A295-01Z-00-DX1,12.7061368539791,19.2332957405755,1
0_#_BRCA_00959_TCGA-E9-A2JS-01Z-00-DX1,-6.9567703176521,5.8489060598656,5
1_#_BRCA_00959_TCGA-E9-A2JS-01Z-00-DX1,-9.49215421449214,14.4853677746329,5
4_#_BRCA_00959_TCGA-E9-A2JS-01Z-00-DX1,-9.54009962591557,14.1320789104332,5
2_#_BRCA_00959_TCGA-E9-A2JS-01Z-00-DX1,-7.18346530991827,6.46124502592775,5
3_#_BRCA_00959_TCGA-E9-A2JS-01Z-00-DX1,-7.15115652034895,6.38627010575371,5
5_#_BRCA_00959_TCGA-E9-A2JS-01Z-00-DX1,-7.17718876604332,6.37691654742556,5
0_#_BRCA_00960_TCGA-E9-A2JT-01Z-00-DX1,14.1937201138791,-1.32409841862255,5
4_#_BRCA_00960_TCGA-E9-A2JT-01Z-00-DX1,14.1471740320355,-1.33922638802105,5
2_#_BRCA_00960_TCGA-E9-A2JT-01Z-00-DX1,5.01821343965883,33.2627259881249,6
3_#_BRCA_00960_TCGA-E9-A2JT-01Z-00-DX1,29.2162345299302,3.0566019289959,7
1_#_BRCA_00960_TCGA-E9-A2JT-01Z-00-DX1,14.2421484295295,-1.26527581358467,4
5_#_BRCA_00960_TCGA-E9-A2JT-01Z-00-DX1,14.2549664012893,-1.32350056804611,5
6_#_BRCA_00960_TCGA-E9-A2JT-01Z-00-DX1,32.1435666700412,0.555567147741629,4
0_#_BRCA_00961_TCGA-E9-A3HO-01Z-00-DX1,-13.2500556127729,-8.37450572173604,2
2_#_BRCA_00961_TCGA-E9-A3HO-01Z-00-DX1,-14.0274174545,6.74589872030186,5
4_#_BRCA_00961_TCGA-E9-A3HO-01Z-00-DX1,-17.0132087816627,-19.5233591469871,2
3_#_BRCA_00961_TCGA-E9-A3HO-01Z-00-DX1,-1.92534067346744,-12.5587555869987,9
1_#_BRCA_00961_TCGA-E9-A3HO-01Z-00-DX1,-1.43502690926395,-16.3274535264776,5
5_#_BRCA_00961_TCGA-E9-A3HO-01Z-00-DX1,-15.0929037103412,-23.0184626236368,2
6_#_BRCA_00961_TCGA-E9-A3HO-01Z-00-DX1,10.015617060009,-10.4422286967078,5
0_#_BRCA_00962_TCGA-E9-A3Q9-01Z-00-DX1,5.33702109403763,32.547033557861,6
1_#_BRCA_00962_TCGA-E9-A3Q9-01Z-00-DX1,6.62397806368436,-28.8943338576445,9
2_#_BRCA_00962_TCGA-E9-A3Q9-01Z-00-DX1,-3.72730041217589,-8.01821841004889,5
4_#_BRCA_00962_TCGA-E9-A3Q9-01Z-00-DX1,4.88128656701529,33.8414202874076,6
3_#_BRCA_00962_TCGA-E9-A3Q9-01Z-00-DX1,11.1956576662019,-4.98361491407734,4
5_#_BRCA_00962_TCGA-E9-A3Q9-01Z-00-DX1,10.155810876332,18.5623661218238,1
6_#_BRCA_00962_TCGA-E9-A3Q9-01Z-00-DX1,-3.73103070041592,-8.03402000863063,7
2_#_BRCA_00963_TCGA-E9-A3QA-01Z-00-DX1,7.58748736365354,35.3502480206969,6
5_#_BRCA_00963_TCGA-E9-A3QA-01Z-00-DX1,7.07652314315495,34.9717253855678,6
0_#_BRCA_00963_TCGA-E9-A3QA-01Z-00-DX1,7.47571413739296,35.3198117718019,6
4_#_BRCA_00963_TCGA-E9-A3QA-01Z-00-DX1,-21.0531635071232,-13.0540863851737,2
1_#_BRCA_00963_TCGA-E9-A3QA-01Z-00-DX1,-21.4251665996764,-13.862186840231,2
3_#_BRCA_00963_TCGA-E9-A3QA-01Z-00-DX1,-6.67591652277295,-10.499535918045,2
0_#_BRCA_00964_TCGA-E9-A3X8-01Z-00-DX1,-8.81518092527826,7.63311026379161,5
2_#_BRCA_00964_TCGA-E9-A3X8-01Z-00-DX1,15.5105900303241,-3.25792782656455,4
1_#_BRCA_00964_TCGA-E9-A3X8-01Z-00-DX1,11.0180728242834,1.19044515372857,1
5_#_BRCA_00964_TCGA-E9-A3X8-01Z-00-DX1,-8.70513005956634,7.69603910104159,1
6_#_BRCA_00964_TCGA-E9-A3X8-01Z-00-DX1,-8.68397494331964,7.67387768297267,1
4_#_BRCA_00964_TCGA-E9-A3X8-01Z-00-DX1,10.4234413118362,1.14111949971258,1
3_#_BRCA_00964_TCGA-E9-A3X8-01Z-00-DX1,11.1358644031459,1.27195534635738,1
0_#_BRCA_00965_TCGA-E9-A54X-01Z-00-DX1,-17.1696433744873,-21.9983251673178,2
4_#_BRCA_00965_TCGA-E9-A54X-01Z-00-DX1,0.831223413929019,-30.375821865021,9
2_#_BRCA_00965_TCGA-E9-A54X-01Z-00-DX1,-21.4193529385381,-22.9651802449022,2
6_#_BRCA_00965_TCGA-E9-A54X-01Z-00-DX1,-15.7855312254989,-21.4167744834168,2
1_#_BRCA_00965_TCGA-E9-A54X-01Z-00-DX1,21.1107390397096,5.36615541549201,7
3_#_BRCA_00965_TCGA-E9-A54X-01Z-00-DX1,-17.119964676493,-19.8052085927507,2
7_#_BRCA_00965_TCGA-E9-A54X-01Z-00-DX1,28.2026940191704,-10.2336158784779,4
5_#_BRCA_00965_TCGA-E9-A54X-01Z-00-DX1,-9.40437885242673,-17.6097204851955,2
8_#_BRCA_00965_TCGA-E9-A54X-01Z-00-DX1,32.1673243795562,0.658199459606248,4
9_#_BRCA_00965_TCGA-E9-A54X-01Z-00-DX1,30.5225004209859,15.7505439574359,7
0_#_BRCA_00966_TCGA-E9-A54Y-01Z-00-DX1,-6.83115072010177,5.69638036857629,6
3_#_BRCA_00966_TCGA-E9-A54Y-01Z-00-DX1,-4.38073464839518,-10.0338428094921,7
2_#_BRCA_00966_TCGA-E9-A54Y-01Z-00-DX1,33.6527626259785,14.8226136061966,7
5_#_BRCA_00966_TCGA-E9-A54Y-01Z-00-DX1,-18.4727083333025,-9.55641249388056,2
4_#_BRCA_00966_TCGA-E9-A54Y-01Z-00-DX1,-22.2496616615513,-12.6401968426261,2
1_#_BRCA_00966_TCGA-E9-A54Y-01Z-00-DX1,-6.82368888349915,5.68045014761797,6
0_#_BRCA_00967_TCGA-E9-A5FK-01Z-00-DX1,31.1367415147251,18.0477223899534,7
1_#_BRCA_00967_TCGA-E9-A5FK-01Z-00-DX1,6.98474730681109,29.7771539951802,6
3_#_BRCA_00967_TCGA-E9-A5FK-01Z-00-DX1,8.89256206203062,27.5940850012042,6
6_#_BRCA_00967_TCGA-E9-A5FK-01Z-00-DX1,8.61786412075749,26.9598325414721,1
2_#_BRCA_00967_TCGA-E9-A5FK-01Z-00-DX1,8.88873277164142,26.8994034424752,1
7_#_BRCA_00967_TCGA-E9-A5FK-01Z-00-DX1,29.6749356117234,18.2106552524806,7
5_#_BRCA_00967_TCGA-E9-A5FK-01Z-00-DX1,-1.30050409381553,25.7296582319096,1
4_#_BRCA_00967_TCGA-E9-A5FK-01Z-00-DX1,-7.02440440552213,35.1334321691972,6
8_#_BRCA_00967_TCGA-E9-A5FK-01Z-00-DX1,-13.1546571607878,-28.6878426715567,2
0_#_BRCA_00968_TCGA-E9-A5FL-01Z-00-DX1,-11.1872371542478,-6.74869359566956,2
2_#_BRCA_00968_TCGA-E9-A5FL-01Z-00-DX1,-11.2068243756748,-6.81201034504598,2
3_#_BRCA_00968_TCGA-E9-A5FL-01Z-00-DX1,0.26129592374566,2.2620983517062,5
6_#_BRCA_00968_TCGA-E9-A5FL-01Z-00-DX1,-11.3296476474083,-6.37409420679855,2
1_#_BRCA_00968_TCGA-E9-A5FL-01Z-00-DX1,-4.28408595638648,-11.6224686679243,2
4_#_BRCA_00968_TCGA-E9-A5FL-01Z-00-DX1,24.6439968414735,-11.2597380594419,4
5_#_BRCA_00968_TCGA-E9-A5FL-01Z-00-DX1,5.57224296800064,-5.13091406527617,10
4_#_BRCA_00969_TCGA-E9-A5UO-01Z-00-DX1,-2.69044399599258,-33.700195281365,2
1_#_BRCA_00969_TCGA-E9-A5UO-01Z-00-DX1,-2.60550356405966,-33.514624871772,2
0_#_BRCA_00969_TCGA-E9-A5UO-01Z-00-DX1,-2.64300238152978,-33.492455615208,2
3_#_BRCA_00969_TCGA-E9-A5UO-01Z-00-DX1,-2.63622864059871,-33.4344312207305,2
2_#_BRCA_00969_TCGA-E9-A5UO-01Z-00-DX1,-3.15729189597572,-33.4435350371238,2
5_#_BRCA_00969_TCGA-E9-A5UO-01Z-00-DX1,-3.37845850190331,-33.4768420336071,2
6_#_BRCA_00969_TCGA-E9-A5UO-01Z-00-DX1,-2.94970531241685,-32.3428129375758,2
0_#_BRCA_00970_TCGA-E9-A5UP-01Z-00-DX1,-12.0920778716211,-4.39866115697271,2
1_#_BRCA_00970_TCGA-E9-A5UP-01Z-00-DX1,-3.75832519258405,-16.7956505222555,2
3_#_BRCA_00970_TCGA-E9-A5UP-01Z-00-DX1,-4.78198416133067,-29.7568765879923,2
2_#_BRCA_00970_TCGA-E9-A5UP-01Z-00-DX1,-4.07734621588863,-30.1812700015147,9
4_#_BRCA_00970_TCGA-E9-A5UP-01Z-00-DX1,-1.46380059812984,-18.1026605220151,9
5_#_BRCA_00970_TCGA-E9-A5UP-01Z-00-DX1,-4.33715497479538,-30.0641054096267,2
0_#_BRCA_00971_TCGA-E9-A6HE-01Z-00-DX1,4.66176317542698,21.2843268388887,1
2_#_BRCA_00971_TCGA-E9-A6HE-01Z-00-DX1,-9.07929215953813,3.05586796636743,6
1_#_BRCA_00971_TCGA-E9-A6HE-01Z-00-DX1,-14.3764952822724,12.9296849858517,5
3_#_BRCA_00971_TCGA-E9-A6HE-01Z-00-DX1,-13.6366161581492,28.8089645683574,6
4_#_BRCA_00971_TCGA-E9-A6HE-01Z-00-DX1,-7.12534436649887,27.979129187736,6
5_#_BRCA_00971_TCGA-E9-A6HE-01Z-00-DX1,21.6765715682821,4.81358328850364,7
6_#_BRCA_00971_TCGA-E9-A6HE-01Z-00-DX1,-14.4137455650473,29.6320792152182,6
2_#_BRCA_00972_TCGA-EW-A1IW-01Z-00-DX1,31.7772220105384,7.51955627978503,7
0_#_BRCA_00972_TCGA-EW-A1IW-01Z-00-DX1,22.2446694540534,-1.45977158629976,4
1_#_BRCA_00972_TCGA-EW-A1IW-01Z-00-DX1,24.3870639427965,-12.2867567720156,4
5_#_BRCA_00972_TCGA-EW-A1IW-01Z-00-DX1,-13.0517694902405,22.4200895935808,5
3_#_BRCA_00972_TCGA-EW-A1IW-01Z-00-DX1,23.9732449876522,-11.2695263769185,4
4_#_BRCA_00972_TCGA-EW-A1IW-01Z-00-DX1,17.2294491750362,-16.2973746714167,4
6_#_BRCA_00972_TCGA-EW-A1IW-01Z-00-DX1,26.662344750862,9.27908929359397,7
0_#_BRCA_00973_TCGA-EW-A1IX-01Z-00-DX1,31.7961367195508,8.63351506625275,7
1_#_BRCA_00973_TCGA-EW-A1IX-01Z-00-DX1,23.7384218824955,-3.22661067165874,4
2_#_BRCA_00973_TCGA-EW-A1IX-01Z-00-DX1,6.35045393172737,-29.7050397922316,9
3_#_BRCA_00973_TCGA-EW-A1IX-01Z-00-DX1,-8.60524966355755,1.57960773663188,2
5_#_BRCA_00973_TCGA-EW-A1IX-01Z-00-DX1,19.4292312056714,-13.1201183201175,4
4_#_BRCA_00973_TCGA-EW-A1IX-01Z-00-DX1,26.3873235414412,17.4054650820223,7
6_#_BRCA_00973_TCGA-EW-A1IX-01Z-00-DX1,24.0786752802388,-2.54078833595652,4
1_#_BRCA_00974_TCGA-EW-A1IY-01Z-00-DX1,-14.1798908202692,-0.854193794577684,6
0_#_BRCA_00974_TCGA-EW-A1IY-01Z-00-DX1,-10.3710337530317,31.4566009031453,6
2_#_BRCA_00974_TCGA-EW-A1IY-01Z-00-DX1,12.7882067513545,-17.7245156260172,4
3_#_BRCA_00974_TCGA-EW-A1IY-01Z-00-DX1,-1.4908294090007,2.1669361955278,5
4_#_BRCA_00974_TCGA-EW-A1IY-01Z-00-DX1,-10.6916391836439,33.252457541435,6
0_#_BRCA_00975_TCGA-EW-A1IZ-01Z-00-DX1,-12.4520797235334,-26.4974740016389,2
1_#_BRCA_00975_TCGA-EW-A1IZ-01Z-00-DX1,-0.994782491677458,29.0526310299627,6
3_#_BRCA_00975_TCGA-EW-A1IZ-01Z-00-DX1,-14.2371688827661,-6.19961418187986,2
2_#_BRCA_00975_TCGA-EW-A1IZ-01Z-00-DX1,14.0139682821194,-15.8592287573114,4
4_#_BRCA_00975_TCGA-EW-A1IZ-01Z-00-DX1,3.81367695648323,29.461029422547,6
6_#_BRCA_00975_TCGA-EW-A1IZ-01Z-00-DX1,17.5477390562882,-16.4793399665456,4
5_#_BRCA_00975_TCGA-EW-A1IZ-01Z-00-DX1,30.4226715608407,-4.13340782484001,4
1_#_BRCA_00976_TCGA-EW-A1J1-01Z-00-DX1,-15.9202552825118,-7.27171123859883,2
0_#_BRCA_00976_TCGA-EW-A1J1-01Z-00-DX1,-2.73836218190017,-1.01703024454756,5
3_#_BRCA_00976_TCGA-EW-A1J1-01Z-00-DX1,-14.6304035333346,-6.05731442382141,2
6_#_BRCA_00976_TCGA-EW-A1J1-01Z-00-DX1,-3.56172710465595,-14.8744845503847,5
2_#_BRCA_00976_TCGA-EW-A1J1-01Z-00-DX1,-15.3622561988056,-9.14704017686562,9
4_#_BRCA_00976_TCGA-EW-A1J1-01Z-00-DX1,-5.47530022295718,19.7470414448188,1
5_#_BRCA_00976_TCGA-EW-A1J1-01Z-00-DX1,2.01602708043753,30.4571977731191,6
0_#_BRCA_00977_TCGA-EW-A1J2-01Z-00-DX1,24.1134419367266,-11.6871539214599,4
1_#_BRCA_00977_TCGA-EW-A1J2-01Z-00-DX1,2.50953647779482,13.7397250053574,1
2_#_BRCA_00977_TCGA-EW-A1J2-01Z-00-DX1,10.2914322873451,-11.9514687639321,4
3_#_BRCA_00977_TCGA-EW-A1J2-01Z-00-DX1,12.5035076758203,-17.3785880492672,4
4_#_BRCA_00977_TCGA-EW-A1J2-01Z-00-DX1,-11.0906082677301,-23.7400284897263,2
6_#_BRCA_00977_TCGA-EW-A1J2-01Z-00-DX1,27.2821197318039,-2.60475070158462,4
5_#_BRCA_00977_TCGA-EW-A1J2-01Z-00-DX1,28.8275038104925,-5.78212733917371,4
0_#_BRCA_00978_TCGA-EW-A1J3-01Z-00-DX1,20.8031371333372,-12.4534123633265,4
1_#_BRCA_00978_TCGA-EW-A1J3-01Z-00-DX1,27.1453020378694,-13.3633353727703,4
2_#_BRCA_00978_TCGA-EW-A1J3-01Z-00-DX1,14.9789335496546,-6.69847975714979,4
3_#_BRCA_00978_TCGA-EW-A1J3-01Z-00-DX1,0.203328349134364,18.4398070267648,1
4_#_BRCA_00978_TCGA-EW-A1J3-01Z-00-DX1,11.6150103749515,-16.1059917818622,4
1_#_BRCA_00979_TCGA-EW-A1J5-01Z-00-DX1,1.44084668146508,16.6898390605616,1
0_#_BRCA_00979_TCGA-EW-A1J5-01Z-00-DX1,0.434173304221835,20.0406778967559,5
2_#_BRCA_00979_TCGA-EW-A1J5-01Z-00-DX1,-8.96277586787526,16.2583961814487,5
5_#_BRCA_00979_TCGA-EW-A1J5-01Z-00-DX1,-12.0620396075907,6.86432843375322,1
3_#_BRCA_00979_TCGA-EW-A1J5-01Z-00-DX1,6.76989550071405,20.7763468037179,1
6_#_BRCA_00979_TCGA-EW-A1J5-01Z-00-DX1,18.1721212021864,-5.58059741729501,4
4_#_BRCA_00979_TCGA-EW-A1J5-01Z-00-DX1,-3.48994188642146,-3.44279865921807,2
0_#_BRCA_00980_TCGA-EW-A1J6-01Z-00-DX1,-7.62618010219819,27.1566046512601,6
3_#_BRCA_00980_TCGA-EW-A1J6-01Z-00-DX1,-16.4339324032246,-7.12764422650864,2
1_#_BRCA_00980_TCGA-EW-A1J6-01Z-00-DX1,23.719520541952,-2.20638436752302,4
4_#_BRCA_00980_TCGA-EW-A1J6-01Z-00-DX1,19.5486165887015,-5.42276412789819,4
2_#_BRCA_00980_TCGA-EW-A1J6-01Z-00-DX1,-2.06101612165186,-27.4292546040046,2
6_#_BRCA_00980_TCGA-EW-A1J6-01Z-00-DX1,-11.2308769670001,33.4664895331424,6
5_#_BRCA_00980_TCGA-EW-A1J6-01Z-00-DX1,-16.1698741985276,-7.10934104813648,2
7_#_BRCA_00980_TCGA-EW-A1J6-01Z-00-DX1,-14.5812963578552,27.6101937622863,6
0_#_BRCA_00981_TCGA-EW-A1OV-01Z-00-DX1,1.04856269067763,21.6818502843184,1
1_#_BRCA_00981_TCGA-EW-A1OV-01Z-00-DX1,23.7273702806798,-11.5112138521614,4
4_#_BRCA_00981_TCGA-EW-A1OV-01Z-00-DX1,-15.7040053406482,-5.02166954853197,2
3_#_BRCA_00981_TCGA-EW-A1OV-01Z-00-DX1,-15.8323559914325,-4.94918588641632,2
2_#_BRCA_00981_TCGA-EW-A1OV-01Z-00-DX1,25.7471491438619,2.22764636859759,4
6_#_BRCA_00981_TCGA-EW-A1OV-01Z-00-DX1,-5.53233885650889,2.04665323795898,6
5_#_BRCA_00981_TCGA-EW-A1OV-01Z-00-DX1,3.21056777121051,17.5476395998873,1
0_#_BRCA_00982_TCGA-EW-A1OW-01Z-00-DX1,30.4941530046212,12.1448246097521,7
1_#_BRCA_00982_TCGA-EW-A1OW-01Z-00-DX1,27.149999164538,-15.5602002170487,4
3_#_BRCA_00982_TCGA-EW-A1OW-01Z-00-DX1,23.9698992601883,2.12999578209698,4
2_#_BRCA_00982_TCGA-EW-A1OW-01Z-00-DX1,-12.2783043843461,6.70868811007695,2
5_#_BRCA_00982_TCGA-EW-A1OW-01Z-00-DX1,23.8035126539679,-11.2411414693318,4
4_#_BRCA_00982_TCGA-EW-A1OW-01Z-00-DX1,23.9934236471373,15.5294685787418,7
6_#_BRCA_00982_TCGA-EW-A1OW-01Z-00-DX1,29.9747477976461,16.9782767643658,7
0_#_BRCA_00983_TCGA-EW-A1OX-01Z-00-DX1,2.95933443473064,-29.4647451421092,9
1_#_BRCA_00983_TCGA-EW-A1OX-01Z-00-DX1,1.0810234856731,-32.5028473724727,9
3_#_BRCA_00983_TCGA-EW-A1OX-01Z-00-DX1,0.981328212423268,-32.7233382371034,9
2_#_BRCA_00983_TCGA-EW-A1OX-01Z-00-DX1,29.2680982663079,-17.0338547902381,4
5_#_BRCA_00983_TCGA-EW-A1OX-01Z-00-DX1,3.67090963735903,-29.9803446648285,9
4_#_BRCA_00983_TCGA-EW-A1OX-01Z-00-DX1,0.43927667595717,-32.6580235569983,9
0_#_BRCA_00984_TCGA-EW-A1OY-01Z-00-DX1,-6.45365220384278,23.7857858979188,1
1_#_BRCA_00984_TCGA-EW-A1OY-01Z-00-DX1,5.24310731226161,-24.6806291479365,9
3_#_BRCA_00984_TCGA-EW-A1OY-01Z-00-DX1,25.7868167638715,8.47188686598522,4
2_#_BRCA_00984_TCGA-EW-A1OY-01Z-00-DX1,26.6052234070591,17.3265620117027,7
4_#_BRCA_00984_TCGA-EW-A1OY-01Z-00-DX1,24.3247541514765,-3.25522973457405,4
6_#_BRCA_00984_TCGA-EW-A1OY-01Z-00-DX1,-14.3633904577569,-0.868612211069788,6
5_#_BRCA_00984_TCGA-EW-A1OY-01Z-00-DX1,8.92661434090295,-20.7393720516121,9
5_#_BRCA_00985_TCGA-EW-A1OZ-01Z-00-DX1,-3.29084634729813,-9.40350947770979,7
2_#_BRCA_00985_TCGA-EW-A1OZ-01Z-00-DX1,4.26472837813267,9.82025290170898,1
3_#_BRCA_00985_TCGA-EW-A1OZ-01Z-00-DX1,4.70062563463058,8.91797380355609,1
1_#_BRCA_00985_TCGA-EW-A1OZ-01Z-00-DX1,3.55315573680594,8.15086155307703,1
0_#_BRCA_00985_TCGA-EW-A1OZ-01Z-00-DX1,4.3168412982329,9.83598345777597,1
6_#_BRCA_00985_TCGA-EW-A1OZ-01Z-00-DX1,3.53354917386126,8.01610713520975,1
4_#_BRCA_00985_TCGA-EW-A1OZ-01Z-00-DX1,18.5584839813972,0.592756844212198,4
7_#_BRCA_00985_TCGA-EW-A1OZ-01Z-00-DX1,4.59481959836391,9.95029906395655,1
0_#_BRCA_00986_TCGA-EW-A1P0-01Z-00-DX1,2.39491861015008,-28.3471796731081,9
2_#_BRCA_00986_TCGA-EW-A1P0-01Z-00-DX1,13.8752635368358,-6.30165449210818,4
1_#_BRCA_00986_TCGA-EW-A1P0-01Z-00-DX1,2.24483230984031,-28.1578055461502,9
6_#_BRCA_00986_TCGA-EW-A1P0-01Z-00-DX1,2.64214980077648,-28.7693095856782,9
3_#_BRCA_00986_TCGA-EW-A1P0-01Z-00-DX1,24.5521161708717,-1.69362874115964,4
4_#_BRCA_00986_TCGA-EW-A1P0-01Z-00-DX1,21.967941614398,-12.0986800531025,4
5_#_BRCA_00986_TCGA-EW-A1P0-01Z-00-DX1,0.734394971414825,-26.1647416838245,9
0_#_BRCA_00987_TCGA-EW-A1P1-01Z-00-DX1,-11.4440362906062,4.26087228043872,2
1_#_BRCA_00987_TCGA-EW-A1P1-01Z-00-DX1,29.0301600561279,8.69791312312178,7
2_#_BRCA_00987_TCGA-EW-A1P1-01Z-00-DX1,28.0571857266449,-9.92855838399595,4
3_#_BRCA_00987_TCGA-EW-A1P1-01Z-00-DX1,20.6789085101689,-3.21590570258332,4
4_#_BRCA_00987_TCGA-EW-A1P1-01Z-00-DX1,1.00792266512898,28.9225390183391,6
6_#_BRCA_00987_TCGA-EW-A1P1-01Z-00-DX1,11.8428660652592,-16.9530375237977,4
5_#_BRCA_00987_TCGA-EW-A1P1-01Z-00-DX1,25.5618385814526,1.86212954849761,4
1_#_BRCA_00988_TCGA-EW-A1P3-01Z-00-DX1,13.1848569995682,19.789367685892,1
2_#_BRCA_00988_TCGA-EW-A1P3-01Z-00-DX1,12.1547877342233,10.0304779936269,1
0_#_BRCA_00988_TCGA-EW-A1P3-01Z-00-DX1,25.9890441899239,7.80332126266616,4
6_#_BRCA_00988_TCGA-EW-A1P3-01Z-00-DX1,24.1646978770137,-1.87296483801354,4
5_#_BRCA_00988_TCGA-EW-A1P3-01Z-00-DX1,13.5317793821185,21.0267206426117,1
4_#_BRCA_00988_TCGA-EW-A1P3-01Z-00-DX1,4.45239588699249,29.424921316567,6
3_#_BRCA_00988_TCGA-EW-A1P3-01Z-00-DX1,12.1312186685495,10.1482819741077,1
7_#_BRCA_00988_TCGA-EW-A1P3-01Z-00-DX1,23.3376549563699,-1.44406139736171,4
8_#_BRCA_00988_TCGA-EW-A1P3-01Z-00-DX1,12.6404219852347,19.6700963572302,1
2_#_BRCA_00989_TCGA-EW-A1P4-01Z-00-DX1,22.7321025318814,-14.5531849763647,4
0_#_BRCA_00989_TCGA-EW-A1P4-01Z-00-DX1,27.2171980500986,-13.0730801938704,4
1_#_BRCA_00989_TCGA-EW-A1P4-01Z-00-DX1,10.9410635331664,-22.8111318842839,9
3_#_BRCA_00989_TCGA-EW-A1P4-01Z-00-DX1,19.3242059694453,-5.29557002665092,4
4_#_BRCA_00989_TCGA-EW-A1P4-01Z-00-DX1,-13.8414330043857,-6.44744562862137,9
5_#_BRCA_00989_TCGA-EW-A1P4-01Z-00-DX1,28.0942171387177,-13.291853073556,4
6_#_BRCA_00989_TCGA-EW-A1P4-01Z-00-DX1,-11.9742725442178,2.72847394382587,6
1_#_BRCA_00990_TCGA-EW-A1P5-01Z-00-DX1,16.3898684342694,-12.2641138455795,4
0_#_BRCA_00990_TCGA-EW-A1P5-01Z-00-DX1,-3.38970523345192,17.7118386467889,1
2_#_BRCA_00990_TCGA-EW-A1P5-01Z-00-DX1,-2.89012477524747,24.6828742127239,1
5_#_BRCA_00990_TCGA-EW-A1P5-01Z-00-DX1,-8.90661845359755,16.4760584811397,1
4_#_BRCA_00990_TCGA-EW-A1P5-01Z-00-DX1,17.7103401565056,-11.5059104846418,4
3_#_BRCA_00990_TCGA-EW-A1P5-01Z-00-DX1,23.7498113096522,-11.5957360812982,4
6_#_BRCA_00990_TCGA-EW-A1P5-01Z-00-DX1,16.3442999504494,-12.3056137379214,4
7_#_BRCA_00990_TCGA-EW-A1P5-01Z-00-DX1,-4.68856731171377,24.5588704846775,1
0_#_BRCA_00991_TCGA-EW-A1P6-01Z-00-DX1,3.87646545496796,-6.24441737018017,1
1_#_BRCA_00991_TCGA-EW-A1P6-01Z-00-DX1,-5.69471801062706,3.67484149685395,6
2_#_BRCA_00991_TCGA-EW-A1P6-01Z-00-DX1,27.2402159093541,15.414971913626,7
5_#_BRCA_00991_TCGA-EW-A1P6-01Z-00-DX1,-5.68373015675325,3.64283577897013,6
3_#_BRCA_00991_TCGA-EW-A1P6-01Z-00-DX1,25.9810149353573,-16.1818806135572,4
4_#_BRCA_00991_TCGA-EW-A1P6-01Z-00-DX1,18.0418301658386,6.22741024973611,4
0_#_BRCA_00992_TCGA-EW-A1P7-01Z-00-DX1,27.1850947095593,-15.7035004725011,4
2_#_BRCA_00992_TCGA-EW-A1P7-01Z-00-DX1,27.180307275755,-15.7169676243102,4
1_#_BRCA_00992_TCGA-EW-A1P7-01Z-00-DX1,2.82211450959346,29.4440188955509,5
3_#_BRCA_00992_TCGA-EW-A1P7-01Z-00-DX1,-3.4987979972524,8.50171964081233,5
5_#_BRCA_00992_TCGA-EW-A1P7-01Z-00-DX1,-14.8503204771105,16.7720084976669,5
4_#_BRCA_00992_TCGA-EW-A1P7-01Z-00-DX1,-14.9106229874714,16.5929652990933,5
2_#_BRCA_00993_TCGA-EW-A1P8-01Z-00-DX1,-9.73999800879463,-24.5214772969148,2
0_#_BRCA_00993_TCGA-EW-A1P8-01Z-00-DX1,-9.9165899789158,-24.3258900732445,2
1_#_BRCA_00993_TCGA-EW-A1P8-01Z-00-DX1,29.680844205591,17.3792884320869,7
4_#_BRCA_00993_TCGA-EW-A1P8-01Z-00-DX1,19.6715354933511,1.26520289974449,4
3_#_BRCA_00993_TCGA-EW-A1P8-01Z-00-DX1,-17.3408125890576,-5.89304869039718,2
5_#_BRCA_00993_TCGA-EW-A1P8-01Z-00-DX1,28.4368894552427,-10.5884800352088,4
6_#_BRCA_00993_TCGA-EW-A1P8-01Z-00-DX1,-16.9694580834386,-6.99690235572902,2
0_#_BRCA_00994_TCGA-EW-A1PA-01Z-00-DX1,3.99157219588578,16.2254229485951,1
3_#_BRCA_00994_TCGA-EW-A1PA-01Z-00-DX1,-1.52734673791026,4.35171852804791,6
2_#_BRCA_00994_TCGA-EW-A1PA-01Z-00-DX1,-6.1887021120074,22.4541763441232,6
1_#_BRCA_00994_TCGA-EW-A1PA-01Z-00-DX1,-1.64336279553418,4.15323192053858,6
4_#_BRCA_00994_TCGA-EW-A1PA-01Z-00-DX1,23.4797021798785,-2.05241956362486,4
7_#_BRCA_00994_TCGA-EW-A1PA-01Z-00-DX1,-3.59122806609413,-3.60637248943384,2
6_#_BRCA_00994_TCGA-EW-A1PA-01Z-00-DX1,-0.58984311623358,-4.67187369091527,1
5_#_BRCA_00994_TCGA-EW-A1PA-01Z-00-DX1,6.50930956670594,3.6729478949829,6
0_#_BRCA_00995_TCGA-EW-A1PB-01Z-00-DX1,-10.1953988269685,-27.1961499853891,2
1_#_BRCA_00995_TCGA-EW-A1PB-01Z-00-DX1,17.3164100464355,-14.2564742114007,4
4_#_BRCA_00995_TCGA-EW-A1PB-01Z-00-DX1,-12.4033076553277,-27.3042432873666,2
3_#_BRCA_00995_TCGA-EW-A1PB-01Z-00-DX1,24.1279056115906,-13.1341069711422,4
2_#_BRCA_00995_TCGA-EW-A1PB-01Z-00-DX1,-0.919012330177635,-6.84928952562302,5
5_#_BRCA_00995_TCGA-EW-A1PB-01Z-00-DX1,-12.196494287023,-15.0893768447123,1
6_#_BRCA_00995_TCGA-EW-A1PB-01Z-00-DX1,18.4070509816273,-16.1522519364864,4
0_#_BRCA_00996_TCGA-EW-A1PC-01Z-00-DX1,3.32165703493416,9.34970126826521,1
1_#_BRCA_00996_TCGA-EW-A1PC-01Z-00-DX1,13.2750486002937,-11.3629411984053,4
6_#_BRCA_00996_TCGA-EW-A1PC-01Z-00-DX1,1.82176357195833,5.70877231334017,1
3_#_BRCA_00996_TCGA-EW-A1PC-01Z-00-DX1,-8.16380311880576,13.8958375658582,1
5_#_BRCA_00996_TCGA-EW-A1PC-01Z-00-DX1,3.96564410140117,8.99396915322066,1
4_#_BRCA_00996_TCGA-EW-A1PC-01Z-00-DX1,28.6116471896588,-21.7627260110623,4
2_#_BRCA_00996_TCGA-EW-A1PC-01Z-00-DX1,4.47314382905272,8.86958206425554,1
7_#_BRCA_00996_TCGA-EW-A1PC-01Z-00-DX1,2.85199239292486,9.87609665140352,1
1_#_BRCA_00997_TCGA-EW-A1PD-01Z-00-DX1,25.2991975282175,9.28042474092783,7
0_#_BRCA_00997_TCGA-EW-A1PD-01Z-00-DX1,24.2743182601071,-13.5466554452299,4
2_#_BRCA_00997_TCGA-EW-A1PD-01Z-00-DX1,-15.4571319066998,5.64376654415147,5
4_#_BRCA_00997_TCGA-EW-A1PD-01Z-00-DX1,-15.741417426673,5.68247654151631,5
3_#_BRCA_00997_TCGA-EW-A1PD-01Z-00-DX1,12.3010494722219,-29.3404819309198,9
5_#_BRCA_00997_TCGA-EW-A1PD-01Z-00-DX1,12.2819546108849,-29.3752642394402,9
6_#_BRCA_00997_TCGA-EW-A1PD-01Z-00-DX1,24.3962320775559,-18.3223293634061,4
0_#_BRCA_00998_TCGA-EW-A1PE-01Z-00-DX1,-12.5688712320538,-0.318306560029238,6
1_#_BRCA_00998_TCGA-EW-A1PE-01Z-00-DX1,-9.73169368747717,2.04406297302896,6
4_#_BRCA_00998_TCGA-EW-A1PE-01Z-00-DX1,-21.5733577521837,-4.63159917054504,6
2_#_BRCA_00998_TCGA-EW-A1PE-01Z-00-DX1,21.6940745943747,1.8225558868058,4
3_#_BRCA_00998_TCGA-EW-A1PE-01Z-00-DX1,27.7139210106738,14.7171802176781,7
5_#_BRCA_00998_TCGA-EW-A1PE-01Z-00-DX1,-6.81520065628868,-24.3801288366264,2
0_#_BRCA_00999_TCGA-EW-A1PF-01Z-00-DX1,-21.6222149526712,7.29233794533417,5
2_#_BRCA_00999_TCGA-EW-A1PF-01Z-00-DX1,21.6813616699224,-11.5163246289804,4
4_#_BRCA_00999_TCGA-EW-A1PF-01Z-00-DX1,22.0067992922306,-6.66724606739442,4
1_#_BRCA_00999_TCGA-EW-A1PF-01Z-00-DX1,-9.42141914667534,5.02342242659513,1
5_#_BRCA_00999_TCGA-EW-A1PF-01Z-00-DX1,-10.4428010305703,3.98975186757242,6
6_#_BRCA_00999_TCGA-EW-A1PF-01Z-00-DX1,-10.50416048054,4.42917814077483,1
3_#_BRCA_00999_TCGA-EW-A1PF-01Z-00-DX1,26.5332405328748,0.277369991564262,4
2_#_BRCA_01000_TCGA-EW-A1PG-01Z-00-DX1,23.659473877795,-5.89046810222954,4
1_#_BRCA_01000_TCGA-EW-A1PG-01Z-00-DX1,-5.25988222211473,32.274821221956,6
3_#_BRCA_01000_TCGA-EW-A1PG-01Z-00-DX1,26.6126514910344,9.90645937250289,7
0_#_BRCA_01000_TCGA-EW-A1PG-01Z-00-DX1,27.5430187084223,-11.1454762999973,4
5_#_BRCA_01000_TCGA-EW-A1PG-01Z-00-DX1,-10.7001956604971,32.4108434666239,6
4_#_BRCA_01000_TCGA-EW-A1PG-01Z-00-DX1,28.4652975186249,-0.417728450201947,4
6_#_BRCA_01000_TCGA-EW-A1PG-01Z-00-DX1,20.5843143384759,-10.0297504395115,4
7_#_BRCA_01000_TCGA-EW-A1PG-01Z-00-DX1,30.769719813386,-18.9959359944026,4
2_#_BRCA_01001_TCGA-EW-A1PH-01Z-00-DX1,-16.7086177841211,-8.08438594269621,2
0_#_BRCA_01001_TCGA-EW-A1PH-01Z-00-DX1,20.3498938237651,-12.7300318136524,4
3_#_BRCA_01001_TCGA-EW-A1PH-01Z-00-DX1,0.220811438394949,28.9174482344858,6
1_#_BRCA_01001_TCGA-EW-A1PH-01Z-00-DX1,-22.0451688890876,5.07780452386118,5
4_#_BRCA_01001_TCGA-EW-A1PH-01Z-00-DX1,-6.66500200293791,-24.2147627732705,2
5_#_BRCA_01001_TCGA-EW-A1PH-01Z-00-DX1,26.7921851998281,-13.2970847367032,4
6_#_BRCA_01001_TCGA-EW-A1PH-01Z-00-DX1,13.2580610092941,-17.0549057828662,4
0_#_BRCA_01002_TCGA-EW-A2FR-01Z-00-DX1,19.5392373528504,-5.26466543349356,1
1_#_BRCA_01002_TCGA-EW-A2FR-01Z-00-DX1,-13.5465626783179,0.431153918981576,6
2_#_BRCA_01002_TCGA-EW-A2FR-01Z-00-DX1,-10.4351586900343,31.0593911891481,6
4_#_BRCA_01002_TCGA-EW-A2FR-01Z-00-DX1,25.7925149568212,-17.3930138925754,4
3_#_BRCA_01002_TCGA-EW-A2FR-01Z-00-DX1,-6.26196294020693,21.1844983460524,6
5_#_BRCA_01002_TCGA-EW-A2FR-01Z-00-DX1,-6.03866790622379,21.067197980216,6
0_#_BRCA_01003_TCGA-EW-A2FS-01Z-00-DX1,28.0080447957291,-13.3983090084795,4
1_#_BRCA_01003_TCGA-EW-A2FS-01Z-00-DX1,21.2364963684574,-15.4710177449842,2
2_#_BRCA_01003_TCGA-EW-A2FS-01Z-00-DX1,20.3260352756894,-15.211312014351,2
4_#_BRCA_01003_TCGA-EW-A2FS-01Z-00-DX1,28.0509317687234,-13.3698742253044,4
3_#_BRCA_01003_TCGA-EW-A2FS-01Z-00-DX1,20.19329657349,-15.1891331027375,2
8_#_BRCA_01003_TCGA-EW-A2FS-01Z-00-DX1,-4.39390956235838,27.1010335055591,6
5_#_BRCA_01003_TCGA-EW-A2FS-01Z-00-DX1,20.3021227834101,-15.1778008921154,2
6_#_BRCA_01003_TCGA-EW-A2FS-01Z-00-DX1,-7.83177137988633,-28.1214041782642,2
7_#_BRCA_01003_TCGA-EW-A2FS-01Z-00-DX1,27.805525751877,-3.4069424582359,4
0_#_BRCA_01004_TCGA-EW-A2FV-01Z-00-DX1,23.5612563360422,-6.3233990707717,4
1_#_BRCA_01004_TCGA-EW-A2FV-01Z-00-DX1,28.8170151442333,-17.5038071452444,4
3_#_BRCA_01004_TCGA-EW-A2FV-01Z-00-DX1,23.5959768185149,-5.8532908480483,4
2_#_BRCA_01004_TCGA-EW-A2FV-01Z-00-DX1,28.9841422958706,-21.3877596497258,4
4_#_BRCA_01004_TCGA-EW-A2FV-01Z-00-DX1,24.6439381245721,-18.045806560336,4
5_#_BRCA_01004_TCGA-EW-A2FV-01Z-00-DX1,0.436615178586433,-14.987919928129,2
6_#_BRCA_01004_TCGA-EW-A2FV-01Z-00-DX1,11.8834763849829,-16.8066051897068,4
0_#_BRCA_01005_TCGA-EW-A2FW-01Z-00-DX1,-22.6482894253174,-24.44777121042,2
7_#_BRCA_01005_TCGA-EW-A2FW-01Z-00-DX1,-22.6851811223815,-24.4841183225143,1
1_#_BRCA_01005_TCGA-EW-A2FW-01Z-00-DX1,27.1688692103929,-13.1585411167393,4
5_#_BRCA_01005_TCGA-EW-A2FW-01Z-00-DX1,1.99775898155319,5.21214703703344,1
2_#_BRCA_01005_TCGA-EW-A2FW-01Z-00-DX1,5.65000368272987,19.3074732224737,1
3_#_BRCA_01005_TCGA-EW-A2FW-01Z-00-DX1,5.70790233361371,19.3134948308945,1
4_#_BRCA_01005_TCGA-EW-A2FW-01Z-00-DX1,10.9464548404789,-21.3970955863495,9
6_#_BRCA_01005_TCGA-EW-A2FW-01Z-00-DX1,13.7651775998413,-17.3569014573916,4
0_#_BRCA_01006_TCGA-EW-A3E8-01Z-00-DX1,12.039954316944,13.253082093695,1
4_#_BRCA_01006_TCGA-EW-A3E8-01Z-00-DX1,36.4809469642844,-2.67904097058412,1
1_#_BRCA_01006_TCGA-EW-A3E8-01Z-00-DX1,27.4861950753107,17.2819285302406,7
2_#_BRCA_01006_TCGA-EW-A3E8-01Z-00-DX1,25.3506984416764,9.09086322226128,7
5_#_BRCA_01006_TCGA-EW-A3E8-01Z-00-DX1,34.9891906763808,8.44566506210712,7
6_#_BRCA_01006_TCGA-EW-A3E8-01Z-00-DX1,1.29801860846935,-15.9319722301448,2
3_#_BRCA_01006_TCGA-EW-A3E8-01Z-00-DX1,22.3755067313544,-1.41550818420579,4
7_#_BRCA_01006_TCGA-EW-A3E8-01Z-00-DX1,17.3206140244869,4.07284765630442,1
0_#_BRCA_01007_TCGA-EW-A3U0-01Z-00-DX1,-5.61045879078279,19.6533139566294,1
1_#_BRCA_01007_TCGA-EW-A3U0-01Z-00-DX1,-5.8017622607399,19.7845146280601,1
2_#_BRCA_01007_TCGA-EW-A3U0-01Z-00-DX1,3.13948928589644,25.7353184147102,1
3_#_BRCA_01007_TCGA-EW-A3U0-01Z-00-DX1,-0.0374097649328173,-13.9094314470488,2
6_#_BRCA_01007_TCGA-EW-A3U0-01Z-00-DX1,-5.82593348291805,19.5056626801358,1
4_#_BRCA_01007_TCGA-EW-A3U0-01Z-00-DX1,25.7552808832461,-14.1834066678644,4
5_#_BRCA_01007_TCGA-EW-A3U0-01Z-00-DX1,-8.51117577034927,17.7523318843226,1
7_#_BRCA_01007_TCGA-EW-A3U0-01Z-00-DX1,28.0789294691748,16.1259644359624,7
2_#_BRCA_01008_TCGA-EW-A423-01Z-00-DX1,-13.2324429619246,9.00257408685941,1
1_#_BRCA_01008_TCGA-EW-A423-01Z-00-DX1,12.5311349818115,-19.6089331043031,4
3_#_BRCA_01008_TCGA-EW-A423-01Z-00-DX1,17.1111341137177,-6.83595134625428,4
5_#_BRCA_01008_TCGA-EW-A423-01Z-00-DX1,6.17611506339773,4.44536167885377,6
0_#_BRCA_01008_TCGA-EW-A423-01Z-00-DX1,0.356740051591596,32.755592864056,6
4_#_BRCA_01008_TCGA-EW-A423-01Z-00-DX1,0.436976400359881,18.6870468501548,1
6_#_BRCA_01008_TCGA-EW-A423-01Z-00-DX1,-10.4108970080739,7.3962485589908,5
7_#_BRCA_01008_TCGA-EW-A423-01Z-00-DX1,6.44867623673654,16.1405201146622,1
0_#_BRCA_01009_TCGA-EW-A423-01Z-00-DX2,25.1340247489168,-15.0820914235519,4
1_#_BRCA_01009_TCGA-EW-A423-01Z-00-DX2,-4.74890532240467,2.48650828945539,6
3_#_BRCA_01009_TCGA-EW-A423-01Z-00-DX2,-7.55135955111207,4.19785946474296,1
2_#_BRCA_01009_TCGA-EW-A423-01Z-00-DX2,-16.761952022713,-5.05526456960523,1
5_#_BRCA_01009_TCGA-EW-A423-01Z-00-DX2,12.4280692697614,-19.4865159883696,4
4_#_BRCA_01009_TCGA-EW-A423-01Z-00-DX2,28.8294498690303,-13.2719334188933,4
6_#_BRCA_01009_TCGA-EW-A423-01Z-00-DX2,-16.5879536591449,-4.03931476728608,1
1_#_BRCA_01010_TCGA-EW-A424-01Z-00-DX1,5.96825074155116,14.7857544439179,1
0_#_BRCA_01010_TCGA-EW-A424-01Z-00-DX1,0.665852777637628,15.7152625272519,5
4_#_BRCA_01010_TCGA-EW-A424-01Z-00-DX1,-3.22902990783016,8.72360009508656,5
3_#_BRCA_01010_TCGA-EW-A424-01Z-00-DX1,22.5255707129684,10.048269172153,4
2_#_BRCA_01010_TCGA-EW-A424-01Z-00-DX1,25.5013615943856,-0.437377376420101,4
5_#_BRCA_01010_TCGA-EW-A424-01Z-00-DX1,-0.236003336260093,-28.4455663706684,9
2_#_BRCA_01011_TCGA-EW-A6S9-01Z-00-DX1,21.7719279204096,-6.52531008633945,4
5_#_BRCA_01011_TCGA-EW-A6S9-01Z-00-DX1,2.08643475560197,5.56849077743597,1
1_#_BRCA_01011_TCGA-EW-A6S9-01Z-00-DX1,3.6132516405113,7.63901037242063,1
0_#_BRCA_01011_TCGA-EW-A6S9-01Z-00-DX1,3.36525702570007,6.83996926152257,1
6_#_BRCA_01011_TCGA-EW-A6S9-01Z-00-DX1,3.70194971280786,19.0601344898922,1
3_#_BRCA_01011_TCGA-EW-A6S9-01Z-00-DX1,-8.53373549980897,10.8236817275455,5
4_#_BRCA_01011_TCGA-EW-A6S9-01Z-00-DX1,26.659826208395,17.2862709482042,7
1_#_BRCA_01012_TCGA-EW-A6SA-01Z-00-DX1,28.7942939278714,-21.3023743682612,4
0_#_BRCA_01012_TCGA-EW-A6SA-01Z-00-DX1,33.3022913214769,7.14044131710088,7
2_#_BRCA_01012_TCGA-EW-A6SA-01Z-00-DX1,-16.3894515444283,5.79725425562161,9
4_#_BRCA_01012_TCGA-EW-A6SA-01Z-00-DX1,26.2576010146561,-1.92422421490736,4
3_#_BRCA_01012_TCGA-EW-A6SA-01Z-00-DX1,-18.4451493592331,6.16513330031502,5
5_#_BRCA_01012_TCGA-EW-A6SA-01Z-00-DX1,-5.24585812661847,6.23851279777573,5
0_#_BRCA_01013_TCGA-EW-A6SB-01Z-00-DX1,-24.3251828543725,-0.334896243948924,5
1_#_BRCA_01013_TCGA-EW-A6SB-01Z-00-DX1,23.4051732370423,-5.86834214325965,4
3_#_BRCA_01013_TCGA-EW-A6SB-01Z-00-DX1,-22.7532043787274,1.45484761054814,5
2_#_BRCA_01013_TCGA-EW-A6SB-01Z-00-DX1,-23.928992436567,-0.272435591180285,5
4_#_BRCA_01013_TCGA-EW-A6SB-01Z-00-DX1,-22.8388246315905,0.379422563545232,5
5_#_BRCA_01013_TCGA-EW-A6SB-01Z-00-DX1,-24.4549115330927,-0.493081130926135,5
6_#_BRCA_01013_TCGA-EW-A6SB-01Z-00-DX1,-7.64960703179237,13.332066480138,5
1_#_BRCA_01014_TCGA-EW-A6SC-01Z-00-DX1,1.78344724943145,11.5017450154319,1
0_#_BRCA_01014_TCGA-EW-A6SC-01Z-00-DX1,26.3319399502478,-7.80454192734605,4
6_#_BRCA_01014_TCGA-EW-A6SC-01Z-00-DX1,22.3475913480682,3.10034754938033,4
5_#_BRCA_01014_TCGA-EW-A6SC-01Z-00-DX1,10.0114457543154,19.9507557900037,1
3_#_BRCA_01014_TCGA-EW-A6SC-01Z-00-DX1,5.71298958974854,20.8665652698555,1
2_#_BRCA_01014_TCGA-EW-A6SC-01Z-00-DX1,1.33919952333121,31.2213427776705,6
4_#_BRCA_01014_TCGA-EW-A6SC-01Z-00-DX1,7.12041476857144,-28.7176378598441,9
7_#_BRCA_01014_TCGA-EW-A6SC-01Z-00-DX1,8.38649719234155,33.7407089530826,6
1_#_BRCA_01015_TCGA-EW-A6SD-01Z-00-DX1,28.7538971178843,-19.8973412499072,4
0_#_BRCA_01015_TCGA-EW-A6SD-01Z-00-DX1,-15.0993785538208,-29.0986050988042,2
2_#_BRCA_01015_TCGA-EW-A6SD-01Z-00-DX1,7.52007977285398,4.22508390802816,1
4_#_BRCA_01015_TCGA-EW-A6SD-01Z-00-DX1,-14.0957566914052,-28.4625783894562,2
5_#_BRCA_01015_TCGA-EW-A6SD-01Z-00-DX1,7.89250439146942,3.88786057257819,1
3_#_BRCA_01015_TCGA-EW-A6SD-01Z-00-DX1,-6.06451954919778,2.07810181722146,6
4_#_BRCA_01016_TCGA-GI-A2C8-01Z-00-DX1,-7.71336388157893,-13.7343085363673,5
0_#_BRCA_01016_TCGA-GI-A2C8-01Z-00-DX1,5.04946329719317,-3.67384916150689,2
2_#_BRCA_01016_TCGA-GI-A2C8-01Z-00-DX1,22.6189273984864,-16.131815310146,4
1_#_BRCA_01016_TCGA-GI-A2C8-01Z-00-DX1,-23.7680016450087,6.95743254588879,5
3_#_BRCA_01016_TCGA-GI-A2C8-01Z-00-DX1,21.9562813986787,1.02237389403583,4
5_#_BRCA_01016_TCGA-GI-A2C8-01Z-00-DX1,-24.8908164554835,7.63782029372962,5
6_#_BRCA_01016_TCGA-GI-A2C8-01Z-00-DX1,19.9232385131473,1.37233329353973,6
0_#_BRCA_01018_TCGA-GM-A2D9-01Z-00-DX1,1.33435437362279,26.2471620249237,1
1_#_BRCA_01018_TCGA-GM-A2D9-01Z-00-DX1,25.1997577428572,-7.90571452149938,4
3_#_BRCA_01018_TCGA-GM-A2D9-01Z-00-DX1,23.5124602011816,1.82706929368372,4
2_#_BRCA_01018_TCGA-GM-A2D9-01Z-00-DX1,2.88362896472858,0.907251012928464,2
6_#_BRCA_01018_TCGA-GM-A2D9-01Z-00-DX1,-14.2024987823288,-17.273944314334,2
4_#_BRCA_01018_TCGA-GM-A2D9-01Z-00-DX1,11.1014394144547,-30.2687108375005,9
5_#_BRCA_01018_TCGA-GM-A2D9-01Z-00-DX1,21.7905825954608,-6.83820402486623,4
0_#_BRCA_01019_TCGA-GM-A2DA-01Z-00-DX1,26.5504908961739,12.0783755194386,7
2_#_BRCA_01019_TCGA-GM-A2DA-01Z-00-DX1,14.5507125163072,12.3405522770656,1
1_#_BRCA_01019_TCGA-GM-A2DA-01Z-00-DX1,14.6234121028755,12.4447452033687,1
3_#_BRCA_01019_TCGA-GM-A2DA-01Z-00-DX1,-1.75327606802964,13.4360466552206,5
4_#_BRCA_01019_TCGA-GM-A2DA-01Z-00-DX1,7.52040323691229,-2.9848289445155,1
5_#_BRCA_01019_TCGA-GM-A2DA-01Z-00-DX1,-13.0547028252037,9.16224925276158,1
0_#_BRCA_01020_TCGA-GM-A2DB-01Z-00-DX1,-20.9814183243734,5.13875588785857,5
1_#_BRCA_01020_TCGA-GM-A2DB-01Z-00-DX1,-2.07763593404273,24.7190904111511,1
4_#_BRCA_01020_TCGA-GM-A2DB-01Z-00-DX1,-20.8613788254096,4.98937689157474,5
6_#_BRCA_01020_TCGA-GM-A2DB-01Z-00-DX1,-21.1556486736841,5.119682385955,5
2_#_BRCA_01020_TCGA-GM-A2DB-01Z-00-DX1,16.680462126607,-11.5550493804188,4
3_#_BRCA_01020_TCGA-GM-A2DB-01Z-00-DX1,-4.80091196327865,14.0226162248587,5
5_#_BRCA_01020_TCGA-GM-A2DB-01Z-00-DX1,-18.4663586387188,25.3517139447403,6
0_#_BRCA_01021_TCGA-GM-A2DC-01Z-00-DX1,29.8979207630539,16.1791101738257,7
2_#_BRCA_01021_TCGA-GM-A2DC-01Z-00-DX1,-11.3522327825315,-2.13340185300753,6
3_#_BRCA_01021_TCGA-GM-A2DC-01Z-00-DX1,25.3795734727872,1.90426544559807,4
1_#_BRCA_01021_TCGA-GM-A2DC-01Z-00-DX1,30.042247364688,15.6453206187254,7
5_#_BRCA_01021_TCGA-GM-A2DC-01Z-00-DX1,1.93358487331631,27.6609204901013,6
4_#_BRCA_01021_TCGA-GM-A2DC-01Z-00-DX1,-11.3826487298481,-2.04432642348965,6
0_#_BRCA_01022_TCGA-GM-A2DD-01Z-00-DX1,29.3382195001311,9.59222718163727,7
1_#_BRCA_01022_TCGA-GM-A2DD-01Z-00-DX1,31.5838205897532,15.9337090544779,7
2_#_BRCA_01022_TCGA-GM-A2DD-01Z-00-DX1,29.9720069479221,16.8714134490963,7
3_#_BRCA_01022_TCGA-GM-A2DD-01Z-00-DX1,33.0967954828275,8.9095022638077,7
6_#_BRCA_01022_TCGA-GM-A2DD-01Z-00-DX1,25.5000383717482,-8.15891341792232,4
5_#_BRCA_01022_TCGA-GM-A2DD-01Z-00-DX1,-11.1230723721458,-1.92784557696439,6
4_#_BRCA_01022_TCGA-GM-A2DD-01Z-00-DX1,0.884567118039349,28.5277331538016,6
0_#_BRCA_01023_TCGA-GM-A2DF-01Z-00-DX1,28.696573783188,10.1532863761722,7
1_#_BRCA_01023_TCGA-GM-A2DF-01Z-00-DX1,26.1492951635834,11.032778826115,7
2_#_BRCA_01023_TCGA-GM-A2DF-01Z-00-DX1,-0.769602383710607,28.888808210984,6
3_#_BRCA_01023_TCGA-GM-A2DF-01Z-00-DX1,-4.56516954528615,21.6319627179103,6
4_#_BRCA_01023_TCGA-GM-A2DF-01Z-00-DX1,19.9602231394775,-12.7391450525791,4
5_#_BRCA_01023_TCGA-GM-A2DF-01Z-00-DX1,18.0356546600456,0.438063243774192,4
2_#_BRCA_01024_TCGA-GM-A2DH-01Z-00-DX1,23.3239331364557,4.520468207728,7
1_#_BRCA_01024_TCGA-GM-A2DH-01Z-00-DX1,-14.0251651097622,-18.1475765307336,2
0_#_BRCA_01024_TCGA-GM-A2DH-01Z-00-DX1,30.8341048484049,18.2044351237269,7
3_#_BRCA_01024_TCGA-GM-A2DH-01Z-00-DX1,-15.0204351355466,-19.6533682824977,2
5_#_BRCA_01024_TCGA-GM-A2DH-01Z-00-DX1,30.8391428413046,19.4977130926157,7
4_#_BRCA_01024_TCGA-GM-A2DH-01Z-00-DX1,1.57319278058966,31.2943452806746,6
6_#_BRCA_01024_TCGA-GM-A2DH-01Z-00-DX1,28.2340685613264,-6.49445441777231,4
1_#_BRCA_01025_TCGA-GM-A2DI-01Z-00-DX1,-9.80922267875646,0.901942685799926,2
0_#_BRCA_01025_TCGA-GM-A2DI-01Z-00-DX1,27.7014982335775,14.3897639874753,7
2_#_BRCA_01025_TCGA-GM-A2DI-01Z-00-DX1,29.0719143798292,17.4963751799484,7
4_#_BRCA_01025_TCGA-GM-A2DI-01Z-00-DX1,1.47663652752713,32.9124730644674,6
5_#_BRCA_01025_TCGA-GM-A2DI-01Z-00-DX1,25.9815360897439,7.7983561129572,4
3_#_BRCA_01025_TCGA-GM-A2DI-01Z-00-DX1,32.7355612892529,16.9280679667258,7
3_#_BRCA_01026_TCGA-GM-A2DK-01Z-00-DX1,-5.14029740386112,24.8669629125414,1
4_#_BRCA_01026_TCGA-GM-A2DK-01Z-00-DX1,-8.56022192174251,-1.92724577567799,6
1_#_BRCA_01026_TCGA-GM-A2DK-01Z-00-DX1,-5.06240856627787,24.7509064092347,1
2_#_BRCA_01026_TCGA-GM-A2DK-01Z-00-DX1,19.7264910347718,14.2165678500395,7
5_#_BRCA_01026_TCGA-GM-A2DK-01Z-00-DX1,-2.38075480202241,25.3645523100647,1
0_#_BRCA_01026_TCGA-GM-A2DK-01Z-00-DX1,-28.6074492972618,7.02496646914882,5
7_#_BRCA_01026_TCGA-GM-A2DK-01Z-00-DX1,1.63776737115166,29.8616322113542,6
6_#_BRCA_01026_TCGA-GM-A2DK-01Z-00-DX1,3.65441349465306,-27.9889049103208,9
0_#_BRCA_01027_TCGA-GM-A2DL-01Z-00-DX1,22.9346631247475,-3.84578840493232,4
1_#_BRCA_01027_TCGA-GM-A2DL-01Z-00-DX1,-15.0021414628432,14.944232275085,5
2_#_BRCA_01027_TCGA-GM-A2DL-01Z-00-DX1,11.7988402391969,-30.8817964999393,9
3_#_BRCA_01027_TCGA-GM-A2DL-01Z-00-DX1,-16.7629228825845,29.9168914793,6
5_#_BRCA_01027_TCGA-GM-A2DL-01Z-00-DX1,-0.675108507804104,16.2521770534298,1
4_#_BRCA_01027_TCGA-GM-A2DL-01Z-00-DX1,-14.9533324518213,24.3079720413322,6
6_#_BRCA_01027_TCGA-GM-A2DL-01Z-00-DX1,-19.5357326803523,-4.23850504800218,2
0_#_BRCA_01028_TCGA-GM-A2DM-01Z-00-DX1,-6.36678365039638,-21.0063410135259,2
1_#_BRCA_01028_TCGA-GM-A2DM-01Z-00-DX1,-13.1615292106636,-24.8442693135008,2
2_#_BRCA_01028_TCGA-GM-A2DM-01Z-00-DX1,-3.0017849923342,-1.06244119600416,5
3_#_BRCA_01028_TCGA-GM-A2DM-01Z-00-DX1,30.4673191408009,-15.0445263604308,4
4_#_BRCA_01028_TCGA-GM-A2DM-01Z-00-DX1,-12.9593585857084,-25.0617194979688,2
0_#_BRCA_01029_TCGA-GM-A2DN-01Z-00-DX1,-17.7028616365986,12.5794812770432,5
2_#_BRCA_01029_TCGA-GM-A2DN-01Z-00-DX1,-19.4608256418672,-4.25999238673152,2
3_#_BRCA_01029_TCGA-GM-A2DN-01Z-00-DX1,-2.34330236215978,-0.212327695518664,5
1_#_BRCA_01029_TCGA-GM-A2DN-01Z-00-DX1,-6.72245014207204,26.4394273754982,6
4_#_BRCA_01029_TCGA-GM-A2DN-01Z-00-DX1,26.1236200593315,10.7445321221485,7
5_#_BRCA_01029_TCGA-GM-A2DN-01Z-00-DX1,26.2518611651064,10.4052072376019,7
6_#_BRCA_01029_TCGA-GM-A2DN-01Z-00-DX1,-24.1764147729207,10.1972691586535,5
1_#_BRCA_01030_TCGA-GM-A2DO-01Z-00-DX1,15.1235954171325,-5.52239911292507,4
0_#_BRCA_01030_TCGA-GM-A2DO-01Z-00-DX1,-20.5140922636903,-4.23929787010328,2
3_#_BRCA_01030_TCGA-GM-A2DO-01Z-00-DX1,29.7239560400719,15.7328671123429,7
5_#_BRCA_01030_TCGA-GM-A2DO-01Z-00-DX1,-5.46234958908784,27.0909183704471,6
6_#_BRCA_01030_TCGA-GM-A2DO-01Z-00-DX1,-5.85570450324662,27.609232506554,6
2_#_BRCA_01030_TCGA-GM-A2DO-01Z-00-DX1,-5.5583210506577,27.1501251149926,6
4_#_BRCA_01030_TCGA-GM-A2DO-01Z-00-DX1,-1.01870096785373,24.9308772054263,1
0_#_BRCA_01031_TCGA-GM-A3NW-01Z-00-DX1,-0.953105500594278,23.4514618337956,1
2_#_BRCA_01031_TCGA-GM-A3NW-01Z-00-DX1,15.3451135456993,-14.1372337117293,4
1_#_BRCA_01031_TCGA-GM-A3NW-01Z-00-DX1,-9.10858428234543,34.2560214757662,6
4_#_BRCA_01031_TCGA-GM-A3NW-01Z-00-DX1,-9.48158915593979,31.483794565099,6
3_#_BRCA_01031_TCGA-GM-A3NW-01Z-00-DX1,12.301997931559,22.6793903128302,1
2_#_BRCA_01032_TCGA-GM-A3NY-01Z-00-DX1,-14.8161040018324,14.3979614039839,5
0_#_BRCA_01032_TCGA-GM-A3NY-01Z-00-DX1,5.98217744147223,18.0729899605597,1
1_#_BRCA_01032_TCGA-GM-A3NY-01Z-00-DX1,-1.553929284777,23.0903181156874,1
3_#_BRCA_01032_TCGA-GM-A3NY-01Z-00-DX1,-19.8143477617228,24.3108955797256,5
5_#_BRCA_01032_TCGA-GM-A3NY-01Z-00-DX1,-0.977213983634415,19.6017919347944,1
4_#_BRCA_01032_TCGA-GM-A3NY-01Z-00-DX1,11.9744658945566,-12.3353782698281,4
6_#_BRCA_01032_TCGA-GM-A3NY-01Z-00-DX1,-8.55759885522098,-22.6068694662924,2
4_#_BRCA_01033_TCGA-GM-A3XG-01Z-00-DX1,20.9610985348413,-0.398431502651799,4
2_#_BRCA_01033_TCGA-GM-A3XG-01Z-00-DX1,-9.46136055596922,-27.3956224396069,2
0_#_BRCA_01033_TCGA-GM-A3XG-01Z-00-DX1,30.3508705230221,1.93629007178451,7
1_#_BRCA_01033_TCGA-GM-A3XG-01Z-00-DX1,-11.9997021087481,-27.1897489158744,2
3_#_BRCA_01033_TCGA-GM-A3XG-01Z-00-DX1,24.1136629254894,14.2151163706257,7
5_#_BRCA_01033_TCGA-GM-A3XG-01Z-00-DX1,-12.9622784079461,22.3521768796408,5
7_#_BRCA_01033_TCGA-GM-A3XG-01Z-00-DX1,32.3241681867344,-0.901410418610988,4
6_#_BRCA_01033_TCGA-GM-A3XG-01Z-00-DX1,11.9918436290703,-8.78194835400289,9
0_#_BRCA_01034_TCGA-GM-A3XL-01Z-00-DX1,20.3826559869893,-9.63179515624958,4
2_#_BRCA_01034_TCGA-GM-A3XL-01Z-00-DX1,4.90552197970328,-28.9405816501387,9
1_#_BRCA_01034_TCGA-GM-A3XL-01Z-00-DX1,-13.3030465183057,-8.12616912708527,2
3_#_BRCA_01034_TCGA-GM-A3XL-01Z-00-DX1,-11.7804937933623,-8.72528447249378,2
4_#_BRCA_01034_TCGA-GM-A3XL-01Z-00-DX1,28.356942806839,4.35118957861925,7
5_#_BRCA_01034_TCGA-GM-A3XL-01Z-00-DX1,10.6417137210793,12.8745560396603,1
0_#_BRCA_01035_TCGA-GM-A3XN-01Z-00-DX1,20.3036094679261,-2.98977013642025,1
2_#_BRCA_01035_TCGA-GM-A3XN-01Z-00-DX1,31.2937244776646,15.549063334938,7
1_#_BRCA_01035_TCGA-GM-A3XN-01Z-00-DX1,24.4476296549907,3.80261602794802,4
3_#_BRCA_01035_TCGA-GM-A3XN-01Z-00-DX1,0.421937271465203,21.2250936476832,1
5_#_BRCA_01035_TCGA-GM-A3XN-01Z-00-DX1,-9.81854969944583,28.1680863960357,5
4_#_BRCA_01035_TCGA-GM-A3XN-01Z-00-DX1,-16.9174559249282,29.5142702840339,5
6_#_BRCA_01035_TCGA-GM-A3XN-01Z-00-DX1,19.8846189485187,8.24717867075429,7
1_#_BRCA_01036_TCGA-GM-A4E0-01Z-00-DX1,29.2893026011675,0.949993955801793,1
0_#_BRCA_01036_TCGA-GM-A4E0-01Z-00-DX1,35.6650021040204,18.7405631663697,7
3_#_BRCA_01036_TCGA-GM-A4E0-01Z-00-DX1,21.0067243279027,-24.0602427108599,10
7_#_BRCA_01036_TCGA-GM-A4E0-01Z-00-DX1,35.4368581957818,18.6137394451077,7
4_#_BRCA_01036_TCGA-GM-A4E0-01Z-00-DX1,35.8450872799319,19.0448506219666,7
2_#_BRCA_01036_TCGA-GM-A4E0-01Z-00-DX1,35.1286858413589,18.6531170509326,7
6_#_BRCA_01036_TCGA-GM-A4E0-01Z-00-DX1,35.0157873556323,18.7679954550945,7
5_#_BRCA_01036_TCGA-GM-A4E0-01Z-00-DX1,36.1336231941772,19.2720511814061,10
0_#_BRCA_01037_TCGA-HN-A2NL-01Z-00-DX1,-22.8595702514339,-15.4459570079097,2
2_#_BRCA_01037_TCGA-HN-A2NL-01Z-00-DX1,-20.1641539059038,-17.6190800228459,2
4_#_BRCA_01037_TCGA-HN-A2NL-01Z-00-DX1,-8.40779945168044,-23.7683929714236,2
3_#_BRCA_01037_TCGA-HN-A2NL-01Z-00-DX1,-16.5448412486972,-20.1303893966434,2
1_#_BRCA_01037_TCGA-HN-A2NL-01Z-00-DX1,11.647193419494,-24.4522589925698,10
6_#_BRCA_01037_TCGA-HN-A2NL-01Z-00-DX1,16.6930542263924,-15.5911552786275,4
5_#_BRCA_01037_TCGA-HN-A2NL-01Z-00-DX1,-4.40815740355205,-9.89067601197803,7
7_#_BRCA_01037_TCGA-HN-A2NL-01Z-00-DX1,-20.2043814389982,-17.587570338333,2
1_#_BRCA_01038_TCGA-HN-A2OB-01Z-00-DX1,-11.4528049847177,-30.3685495429788,2
3_#_BRCA_01038_TCGA-HN-A2OB-01Z-00-DX1,-5.35256494245364,-0.415784081623847,6
0_#_BRCA_01038_TCGA-HN-A2OB-01Z-00-DX1,-11.638830659037,-30.476432070509,2
5_#_BRCA_01038_TCGA-HN-A2OB-01Z-00-DX1,2.62656117189891,-10.7444428483375,10
2_#_BRCA_01038_TCGA-HN-A2OB-01Z-00-DX1,34.9177924557064,17.9156962670753,7
4_#_BRCA_01038_TCGA-HN-A2OB-01Z-00-DX1,33.5924061192319,17.7928307980024,7
0_#_BRCA_01039_TCGA-JL-A3YW-01Z-00-DX1,-4.00675238033952,13.1693124374054,2
4_#_BRCA_01039_TCGA-JL-A3YW-01Z-00-DX1,-3.91674442883123,13.1907623498064,1
3_#_BRCA_01039_TCGA-JL-A3YW-01Z-00-DX1,-1.75325095576912,11.1663867359459,5
2_#_BRCA_01039_TCGA-JL-A3YW-01Z-00-DX1,8.41176497418467,15.1892086981785,1
1_#_BRCA_01039_TCGA-JL-A3YW-01Z-00-DX1,-3.03865971567929,24.5878440548296,1
5_#_BRCA_01039_TCGA-JL-A3YW-01Z-00-DX1,8.49458516434649,15.1469586225633,1
0_#_BRCA_01040_TCGA-JL-A3YX-01Z-00-DX1,-9.59394353454275,23.505456696024,1
1_#_BRCA_01040_TCGA-JL-A3YX-01Z-00-DX1,-9.68142435220941,23.3972721993354,2
3_#_BRCA_01040_TCGA-JL-A3YX-01Z-00-DX1,-5.08774400959688,13.5210527776796,5
2_#_BRCA_01040_TCGA-JL-A3YX-01Z-00-DX1,-4.60998410153216,12.7050648651917,1
4_#_BRCA_01040_TCGA-JL-A3YX-01Z-00-DX1,-9.67201274280323,23.386782940993,2
5_#_BRCA_01040_TCGA-JL-A3YX-01Z-00-DX1,-2.64699603788225,5.48052836910669,2
4_#_BRCA_01041_TCGA-LD-A66U-01Z-00-DX1,4.72279602175932,24.1870709960541,1
0_#_BRCA_01041_TCGA-LD-A66U-01Z-00-DX1,30.682852938985,-16.3354541592794,4
1_#_BRCA_01041_TCGA-LD-A66U-01Z-00-DX1,4.62548888204193,24.3083029545665,1
7_#_BRCA_01041_TCGA-LD-A66U-01Z-00-DX1,26.3995213656018,-9.92323806221389,4
5_#_BRCA_01041_TCGA-LD-A66U-01Z-00-DX1,5.41047648362242,25.9466477093398,1
2_#_BRCA_01041_TCGA-LD-A66U-01Z-00-DX1,-0.873600538626149,31.932734518185,6
3_#_BRCA_01041_TCGA-LD-A66U-01Z-00-DX1,-4.93005612416031,30.3338947732248,6
6_#_BRCA_01041_TCGA-LD-A66U-01Z-00-DX1,-8.92274401696516,34.2421324606382,6
8_#_BRCA_01041_TCGA-LD-A66U-01Z-00-DX1,33.7190237403299,-4.43014210531847,4
0_#_BRCA_01042_TCGA-LD-A74U-01Z-00-DX1,33.9230635758627,-4.73523597419794,4
1_#_BRCA_01042_TCGA-LD-A74U-01Z-00-DX1,7.07303346820896,25.9942573554361,1
2_#_BRCA_01042_TCGA-LD-A74U-01Z-00-DX1,30.0454584402377,-13.6285123236976,4
4_#_BRCA_01042_TCGA-LD-A74U-01Z-00-DX1,34.1100790669433,-5.1029233397423,4
3_#_BRCA_01042_TCGA-LD-A74U-01Z-00-DX1,7.44232017087666,26.2499557937473,1
5_#_BRCA_01042_TCGA-LD-A74U-01Z-00-DX1,7.37461055283587,26.2369068141745,1
0_#_BRCA_01043_TCGA-LD-A7W6-01Z-00-DX1,13.557752456555,15.2482238608406,1
1_#_BRCA_01043_TCGA-LD-A7W6-01Z-00-DX1,6.35158951359269,17.6601792616425,1
2_#_BRCA_01043_TCGA-LD-A7W6-01Z-00-DX1,14.3144009444264,16.2941647257687,1
3_#_BRCA_01043_TCGA-LD-A7W6-01Z-00-DX1,0.265449779825367,6.86036074310369,1
4_#_BRCA_01043_TCGA-LD-A7W6-01Z-00-DX1,11.7973572595912,21.1971814101057,1
5_#_BRCA_01043_TCGA-LD-A7W6-01Z-00-DX1,29.017834218293,-12.3138948259192,4
6_#_BRCA_01043_TCGA-LD-A7W6-01Z-00-DX1,6.22690942947458,17.8426704807084,1
7_#_BRCA_01043_TCGA-LD-A7W6-01Z-00-DX1,11.7099767337658,-21.1364638935324,9
1_#_BRCA_01044_TCGA-LD-A9QF-01Z-00-DX1,14.7650518412917,1.12639157612406,1
0_#_BRCA_01044_TCGA-LD-A9QF-01Z-00-DX1,30.5283242076623,-11.3600714060874,4
2_#_BRCA_01044_TCGA-LD-A9QF-01Z-00-DX1,7.73515552032283,25.9106941696547,1
3_#_BRCA_01044_TCGA-LD-A9QF-01Z-00-DX1,22.7373880960231,-5.38130366318372,4
6_#_BRCA_01044_TCGA-LD-A9QF-01Z-00-DX1,32.319324625173,-1.61688069019222,4
4_#_BRCA_01044_TCGA-LD-A9QF-01Z-00-DX1,-11.7785374408984,-1.78113016344715,6
5_#_BRCA_01044_TCGA-LD-A9QF-01Z-00-DX1,-30.5005512179646,3.18242037596568,5
0_#_BRCA_01045_TCGA-LL-A440-01Z-00-DX1,28.9977558787786,-7.85150586785641,4
1_#_BRCA_01045_TCGA-LL-A440-01Z-00-DX1,0.758723044951306,20.2556208792659,1
3_#_BRCA_01045_TCGA-LL-A440-01Z-00-DX1,2.41338483391085,5.0103783658828,1
2_#_BRCA_01045_TCGA-LL-A440-01Z-00-DX1,20.7180710320217,3.49920762920252,4
4_#_BRCA_01045_TCGA-LL-A440-01Z-00-DX1,31.313171858396,-10.6763999487942,4
7_#_BRCA_01045_TCGA-LL-A440-01Z-00-DX1,27.245153433997,4.00149399707532,4
5_#_BRCA_01045_TCGA-LL-A440-01Z-00-DX1,1.22591048428734,24.158595618872,1
6_#_BRCA_01045_TCGA-LL-A440-01Z-00-DX1,2.67143278744,4.98365533419259,1
8_#_BRCA_01045_TCGA-LL-A440-01Z-00-DX1,-8.01673586124374,31.4538244336867,6
0_#_BRCA_01046_TCGA-LL-A441-01Z-00-DX1,-16.6080754437027,4.85273612944781,9
1_#_BRCA_01046_TCGA-LL-A441-01Z-00-DX1,21.7084150584685,-10.975255314586,4
2_#_BRCA_01046_TCGA-LL-A441-01Z-00-DX1,-3.30703731915087,19.2272405070779,1
3_#_BRCA_01046_TCGA-LL-A441-01Z-00-DX1,20.113151184002,-1.2948594125515,4
5_#_BRCA_01046_TCGA-LL-A441-01Z-00-DX1,-12.4513659360135,2.92933456656611,6
4_#_BRCA_01046_TCGA-LL-A441-01Z-00-DX1,-4.99203524795782,21.3529880591013,6
7_#_BRCA_01046_TCGA-LL-A441-01Z-00-DX1,-16.9539541310194,4.9263053642867,9
6_#_BRCA_01046_TCGA-LL-A441-01Z-00-DX1,9.12939252966463,-20.0808541533383,9
0_#_BRCA_01047_TCGA-LL-A442-01Z-00-DX1,-12.3172455372741,-26.4364501613311,2
2_#_BRCA_01047_TCGA-LL-A442-01Z-00-DX1,-12.286735515151,-26.4323325010328,2
1_#_BRCA_01047_TCGA-LL-A442-01Z-00-DX1,-7.37003976137894,-26.8114757349935,2
3_#_BRCA_01047_TCGA-LL-A442-01Z-00-DX1,-12.2298223475114,-26.4528465757739,2
4_#_BRCA_01047_TCGA-LL-A442-01Z-00-DX1,16.1144843031486,-3.50151850116537,4
5_#_BRCA_01047_TCGA-LL-A442-01Z-00-DX1,-21.8178915697527,-4.55258796742983,6
0_#_BRCA_01048_TCGA-LL-A50Y-01Z-00-DX1,-17.0358421044989,-6.75002125904394,2
1_#_BRCA_01048_TCGA-LL-A50Y-01Z-00-DX1,25.9925171816627,14.6158167446879,7
2_#_BRCA_01048_TCGA-LL-A50Y-01Z-00-DX1,26.1416943568596,-0.0662638855619088,4
5_#_BRCA_01048_TCGA-LL-A50Y-01Z-00-DX1,27.2363448807611,18.1294172209698,7
4_#_BRCA_01048_TCGA-LL-A50Y-01Z-00-DX1,26.3897941863841,15.6006960742506,7
3_#_BRCA_01048_TCGA-LL-A50Y-01Z-00-DX1,26.4295560641592,7.80144712460549,4
6_#_BRCA_01048_TCGA-LL-A50Y-01Z-00-DX1,17.6042020178356,-16.4903099501833,4
0_#_BRCA_01049_TCGA-LL-A5YL-01Z-00-DX1,1.37981741554726,13.8860657824406,1
1_#_BRCA_01049_TCGA-LL-A5YL-01Z-00-DX1,-0.281448489604106,16.6743832070685,1
3_#_BRCA_01049_TCGA-LL-A5YL-01Z-00-DX1,15.7992422002676,-1.19243609792032,1
2_#_BRCA_01049_TCGA-LL-A5YL-01Z-00-DX1,21.126922485042,8.80074069235696,4
4_#_BRCA_01049_TCGA-LL-A5YL-01Z-00-DX1,0.617505772892707,12.852073859156,1
5_#_BRCA_01049_TCGA-LL-A5YL-01Z-00-DX1,-10.0614876637492,9.09036596247867,5
0_#_BRCA_01050_TCGA-LL-A5YM-01Z-00-DX1,-20.6217833965165,15.2082066064752,5
1_#_BRCA_01050_TCGA-LL-A5YM-01Z-00-DX1,-8.86298423015848,12.8304585287801,5
2_#_BRCA_01050_TCGA-LL-A5YM-01Z-00-DX1,-3.46160268840588,-24.1975904932454,9
4_#_BRCA_01050_TCGA-LL-A5YM-01Z-00-DX1,-18.643029189182,9.37079437891991,5
5_#_BRCA_01050_TCGA-LL-A5YM-01Z-00-DX1,-1.2795773335167,-10.9295542383817,5
6_#_BRCA_01050_TCGA-LL-A5YM-01Z-00-DX1,2.74869751714893,16.292838708998,1
3_#_BRCA_01050_TCGA-LL-A5YM-01Z-00-DX1,1.0608007822702,5.67719669174015,1
0_#_BRCA_01051_TCGA-LL-A5YN-01Z-00-DX1,27.5368777569389,17.4647055550061,7
3_#_BRCA_01051_TCGA-LL-A5YN-01Z-00-DX1,15.7194128609778,-9.28595319711859,4
2_#_BRCA_01051_TCGA-LL-A5YN-01Z-00-DX1,0.864971769745035,16.739451147211,1
1_#_BRCA_01051_TCGA-LL-A5YN-01Z-00-DX1,-14.9247251527092,8.5015826634242,5
5_#_BRCA_01051_TCGA-LL-A5YN-01Z-00-DX1,0.55751157140725,2.30416924081155,5
4_#_BRCA_01051_TCGA-LL-A5YN-01Z-00-DX1,-14.8572550776618,8.50877061211402,5
6_#_BRCA_01051_TCGA-LL-A5YN-01Z-00-DX1,5.63105602376625,13.0430064691281,1
2_#_BRCA_01052_TCGA-LL-A5YO-01Z-00-DX1,-2.5093764406254,18.6005675653747,5
0_#_BRCA_01052_TCGA-LL-A5YO-01Z-00-DX1,-5.69877853719657,27.3135329024097,6
1_#_BRCA_01052_TCGA-LL-A5YO-01Z-00-DX1,12.2146677342607,-8.94837672716984,4
3_#_BRCA_01052_TCGA-LL-A5YO-01Z-00-DX1,19.15934311022,-10.8026932244554,4
5_#_BRCA_01052_TCGA-LL-A5YO-01Z-00-DX1,1.90099339224175,5.65962997798888,1
4_#_BRCA_01052_TCGA-LL-A5YO-01Z-00-DX1,-11.7407326930763,-8.67132515764633,2
0_#_BRCA_01053_TCGA-LL-A5YP-01Z-00-DX1,-18.0046913553141,7.15698065094664,5
1_#_BRCA_01053_TCGA-LL-A5YP-01Z-00-DX1,25.3836107521482,-20.3813529821302,4
2_#_BRCA_01053_TCGA-LL-A5YP-01Z-00-DX1,11.4068244939044,-14.3950159202509,5
3_#_BRCA_01053_TCGA-LL-A5YP-01Z-00-DX1,-9.37479418466302,13.4885920048592,5
5_#_BRCA_01053_TCGA-LL-A5YP-01Z-00-DX1,22.7258660355899,-5.32515988147933,4
4_#_BRCA_01053_TCGA-LL-A5YP-01Z-00-DX1,-9.49197564251177,-27.1964428434624,2
1_#_BRCA_01054_TCGA-LL-A6FP-01Z-00-DX1,28.2841084092523,-9.0843589945409,4
0_#_BRCA_01054_TCGA-LL-A6FP-01Z-00-DX1,30.9519065449413,8.92556755331568,7
2_#_BRCA_01054_TCGA-LL-A6FP-01Z-00-DX1,28.5526138022887,16.8460280165716,7
3_#_BRCA_01054_TCGA-LL-A6FP-01Z-00-DX1,-4.88380063803489,32.7813267299434,6
6_#_BRCA_01054_TCGA-LL-A6FP-01Z-00-DX1,31.0648183785046,9.03971395592931,7
4_#_BRCA_01054_TCGA-LL-A6FP-01Z-00-DX1,31.652760825553,-7.73773783451315,4
5_#_BRCA_01054_TCGA-LL-A6FP-01Z-00-DX1,31.4137046167289,-19.5422200687716,4
1_#_BRCA_01055_TCGA-LL-A6FQ-01Z-00-DX1,-6.29500950033185,25.5248337092976,1
0_#_BRCA_01055_TCGA-LL-A6FQ-01Z-00-DX1,-1.55261338216611,23.1364459443516,1
2_#_BRCA_01055_TCGA-LL-A6FQ-01Z-00-DX1,28.0951598567406,-13.1815633849514,4
5_#_BRCA_01055_TCGA-LL-A6FQ-01Z-00-DX1,-0.402927843956013,19.2891958636026,1
4_#_BRCA_01055_TCGA-LL-A6FQ-01Z-00-DX1,-6.58162357497211,25.8087463064727,6
3_#_BRCA_01055_TCGA-LL-A6FQ-01Z-00-DX1,-6.39685471876977,25.6552422530562,1
6_#_BRCA_01055_TCGA-LL-A6FQ-01Z-00-DX1,-6.52861577138106,2.11942879304837,6
3_#_BRCA_01056_TCGA-LL-A6FR-01Z-00-DX1,-21.382129719951,8.20631387890671,5
2_#_BRCA_01056_TCGA-LL-A6FR-01Z-00-DX1,-21.9469781078513,8.26157954723535,5
0_#_BRCA_01056_TCGA-LL-A6FR-01Z-00-DX1,-16.767360015213,5.3693920070303,9
1_#_BRCA_01056_TCGA-LL-A6FR-01Z-00-DX1,5.3549273135677,-20.5855700142631,4
6_#_BRCA_01056_TCGA-LL-A6FR-01Z-00-DX1,20.0598829313251,-11.1100477766622,4
5_#_BRCA_01056_TCGA-LL-A6FR-01Z-00-DX1,9.84870487604894,-19.9342272312418,9
8_#_BRCA_01056_TCGA-LL-A6FR-01Z-00-DX1,-5.05301283921166,6.54687368366405,5
4_#_BRCA_01056_TCGA-LL-A6FR-01Z-00-DX1,-23.4624238558793,16.6803471220243,5
7_#_BRCA_01056_TCGA-LL-A6FR-01Z-00-DX1,-22.6895748352925,8.31438266886455,5
1_#_BRCA_01057_TCGA-LL-A73Y-01Z-00-DX1,-5.61206336166603,26.2314592317099,1
0_#_BRCA_01057_TCGA-LL-A73Y-01Z-00-DX1,-6.55316100188697,2.32634752484761,6
3_#_BRCA_01057_TCGA-LL-A73Y-01Z-00-DX1,17.6093507574455,-0.740899381539305,4
2_#_BRCA_01057_TCGA-LL-A73Y-01Z-00-DX1,18.0488900439642,-10.2115244581504,4
4_#_BRCA_01057_TCGA-LL-A73Y-01Z-00-DX1,18.5203674288623,-8.45654835807387,4
5_#_BRCA_01057_TCGA-LL-A73Y-01Z-00-DX1,11.3477221654455,-15.0925732304193,4
0_#_BRCA_01058_TCGA-LL-A73Z-01Z-00-DX1,-4.65337274519539,20.4563073555425,6
3_#_BRCA_01058_TCGA-LL-A73Z-01Z-00-DX1,-12.0845765329077,34.888451357045,6
1_#_BRCA_01058_TCGA-LL-A73Z-01Z-00-DX1,27.5844755716229,6.14370382493962,4
2_#_BRCA_01058_TCGA-LL-A73Z-01Z-00-DX1,30.2000088738153,-5.88016300145289,4
4_#_BRCA_01058_TCGA-LL-A73Z-01Z-00-DX1,6.08248905839633,34.7381864755973,6
5_#_BRCA_01058_TCGA-LL-A73Z-01Z-00-DX1,-10.9264729650155,36.4752658256024,6
1_#_BRCA_01059_TCGA-LL-A740-01Z-00-DX1,21.7019488730837,-5.6488786737422,4
0_#_BRCA_01059_TCGA-LL-A740-01Z-00-DX1,-10.77178297943,5.25157483306672,1
4_#_BRCA_01059_TCGA-LL-A740-01Z-00-DX1,23.1716412491752,8.8166202305898,4
2_#_BRCA_01059_TCGA-LL-A740-01Z-00-DX1,27.7839158040489,0.0592924867649327,4
3_#_BRCA_01059_TCGA-LL-A740-01Z-00-DX1,32.3234656668311,-9.3395824798704,4
5_#_BRCA_01059_TCGA-LL-A740-01Z-00-DX1,31.2613547514317,-14.3518563122117,4
6_#_BRCA_01059_TCGA-LL-A740-01Z-00-DX1,27.0284375159243,15.5570886398584,7
2_#_BRCA_01060_TCGA-LL-A7SZ-01Z-00-DX1,-1.04584213100413,21.914405905029,1
1_#_BRCA_01060_TCGA-LL-A7SZ-01Z-00-DX1,1.35061093540893,18.7131041886169,1
0_#_BRCA_01060_TCGA-LL-A7SZ-01Z-00-DX1,4.49630541560785,18.1719320629352,1
3_#_BRCA_01060_TCGA-LL-A7SZ-01Z-00-DX1,2.50729913022509,11.6930076301991,1
4_#_BRCA_01060_TCGA-LL-A7SZ-01Z-00-DX1,1.4250438028969,18.966947211066,1
5_#_BRCA_01060_TCGA-LL-A7SZ-01Z-00-DX1,3.19767274789226,25.3018319058154,1
0_#_BRCA_01061_TCGA-LL-A7T0-01Z-00-DX1,-14.3555212487918,-30.9844532773101,2
3_#_BRCA_01061_TCGA-LL-A7T0-01Z-00-DX1,-14.4114289044587,-30.9735756875363,2
2_#_BRCA_01061_TCGA-LL-A7T0-01Z-00-DX1,-1.0282218847316,21.8016151534201,1
6_#_BRCA_01061_TCGA-LL-A7T0-01Z-00-DX1,2.02158841036913,17.7837160434481,1
5_#_BRCA_01061_TCGA-LL-A7T0-01Z-00-DX1,31.0098439629155,-10.0871080791998,4
1_#_BRCA_01061_TCGA-LL-A7T0-01Z-00-DX1,-4.38807823837452,27.0677395475713,6
4_#_BRCA_01061_TCGA-LL-A7T0-01Z-00-DX1,20.0374243430597,-3.80744678656905,6
1_#_BRCA_01062_TCGA-LL-A8F5-01Z-00-DX1,-22.4082084246109,0.244013030094669,5
2_#_BRCA_01062_TCGA-LL-A8F5-01Z-00-DX1,-22.3778882687636,0.406876064001514,5
0_#_BRCA_01062_TCGA-LL-A8F5-01Z-00-DX1,-12.6140837048003,1.34010687208224,1
5_#_BRCA_01062_TCGA-LL-A8F5-01Z-00-DX1,12.9448512502105,-16.7882102986871,4
3_#_BRCA_01062_TCGA-LL-A8F5-01Z-00-DX1,-9.52292864065957,-18.175645488201,2
4_#_BRCA_01062_TCGA-LL-A8F5-01Z-00-DX1,-4.36760978992301,1.48571904203887,6
0_#_BRCA_01063_TCGA-LL-A9Q3-01Z-00-DX1,1.39420947062645,17.725851746219,1
1_#_BRCA_01063_TCGA-LL-A9Q3-01Z-00-DX1,-2.34163454504548,21.5411519437827,1
2_#_BRCA_01063_TCGA-LL-A9Q3-01Z-00-DX1,25.8032181753344,16.3828056024878,7
6_#_BRCA_01063_TCGA-LL-A9Q3-01Z-00-DX1,1.56033087385671,17.6788366229835,1
3_#_BRCA_01063_TCGA-LL-A9Q3-01Z-00-DX1,1.28101222156646,17.4388923936366,1
4_#_BRCA_01063_TCGA-LL-A9Q3-01Z-00-DX1,8.30649665580578,15.1867195196154,1
5_#_BRCA_01063_TCGA-LL-A9Q3-01Z-00-DX1,-3.39919062741516,26.0808852727132,6
0_#_BRCA_01064_TCGA-LQ-A4E4-01Z-00-DX1,-9.54544224371501,14.7238039271745,5
1_#_BRCA_01064_TCGA-LQ-A4E4-01Z-00-DX1,10.5245711060383,18.504107525748,1
2_#_BRCA_01064_TCGA-LQ-A4E4-01Z-00-DX1,10.0515143296132,18.4008026534707,1
4_#_BRCA_01064_TCGA-LQ-A4E4-01Z-00-DX1,11.2163008995758,18.7423369980273,1
3_#_BRCA_01064_TCGA-LQ-A4E4-01Z-00-DX1,14.3919502007512,-5.02657473082739,5
5_#_BRCA_01064_TCGA-LQ-A4E4-01Z-00-DX1,10.6369014910637,18.1982587248329,1
6_#_BRCA_01064_TCGA-LQ-A4E4-01Z-00-DX1,11.1661282716538,-4.72322833966602,1
0_#_BRCA_01065_TCGA-MS-A51U-01Z-00-DX1,12.8826396891061,3.68855001724135,1
1_#_BRCA_01065_TCGA-MS-A51U-01Z-00-DX1,8.99142304436491,-8.67864158688474,10
3_#_BRCA_01065_TCGA-MS-A51U-01Z-00-DX1,9.08554590970481,-8.47916150571476,10
2_#_BRCA_01065_TCGA-MS-A51U-01Z-00-DX1,12.7390088268737,3.84568314481885,1
5_#_BRCA_01065_TCGA-MS-A51U-01Z-00-DX1,7.82420227203193,-4.2100720204577,1
7_#_BRCA_01065_TCGA-MS-A51U-01Z-00-DX1,11.7825046872297,14.9759168404839,1
4_#_BRCA_01065_TCGA-MS-A51U-01Z-00-DX1,16.0634674412706,-17.2368612385639,9
6_#_BRCA_01065_TCGA-MS-A51U-01Z-00-DX1,8.99228332711243,-8.67107551171899,10
1_#_BRCA_01066_TCGA-OK-A5Q2-01Z-00-DX1,12.634775595927,15.4834992789219,1
0_#_BRCA_01066_TCGA-OK-A5Q2-01Z-00-DX1,13.2106539280334,16.570863042604,1
2_#_BRCA_01066_TCGA-OK-A5Q2-01Z-00-DX1,28.7809766182507,-19.563327519095,4
3_#_BRCA_01066_TCGA-OK-A5Q2-01Z-00-DX1,37.149249683555,-1.66384328741382,1
6_#_BRCA_01066_TCGA-OK-A5Q2-01Z-00-DX1,16.0028101898718,3.91964371595805,1
4_#_BRCA_01066_TCGA-OK-A5Q2-01Z-00-DX1,28.2839758991317,13.2054846289702,7
5_#_BRCA_01066_TCGA-OK-A5Q2-01Z-00-DX1,-15.2509783954492,-29.2739664900545,2
0_#_BRCA_01067_TCGA-OK-A5Q2-01Z-00-DX2,12.3416668642,17.6890027170787,1
2_#_BRCA_01067_TCGA-OK-A5Q2-01Z-00-DX2,23.6991022032747,-13.7118274203677,4
5_#_BRCA_01067_TCGA-OK-A5Q2-01Z-00-DX2,14.9934859892701,-9.83133010356167,4
3_#_BRCA_01067_TCGA-OK-A5Q2-01Z-00-DX2,10.6047405935796,17.0008948974096,1
4_#_BRCA_01067_TCGA-OK-A5Q2-01Z-00-DX2,29.2493258372024,-14.5484527011522,4
1_#_BRCA_01067_TCGA-OK-A5Q2-01Z-00-DX2,18.0924808872223,1.54848536042495,4
7_#_BRCA_01067_TCGA-OK-A5Q2-01Z-00-DX2,12.8970675899033,17.4492232095849,1
6_#_BRCA_01067_TCGA-OK-A5Q2-01Z-00-DX2,5.99489147373293,0.276640862718329,1
0_#_BRCA_01068_TCGA-OK-A5Q2-01Z-00-DX3,11.0018634681814,16.0341089687162,1
2_#_BRCA_01068_TCGA-OK-A5Q2-01Z-00-DX3,28.2138084371601,13.3752866825283,7
5_#_BRCA_01068_TCGA-OK-A5Q2-01Z-00-DX3,10.4455064023278,16.8153128282815,1
1_#_BRCA_01068_TCGA-OK-A5Q2-01Z-00-DX3,10.3885384910202,4.17206643853915,1
3_#_BRCA_01068_TCGA-OK-A5Q2-01Z-00-DX3,12.8035095096945,17.3748273971887,1
4_#_BRCA_01068_TCGA-OK-A5Q2-01Z-00-DX3,28.5070059596892,-15.260997209939,4
6_#_BRCA_01068_TCGA-OK-A5Q2-01Z-00-DX3,12.885711138269,17.0452256993659,1
0_#_BRCA_01069_TCGA-OK-A5Q2-01Z-00-DX4,10.7114561613387,4.39645276592067,1
4_#_BRCA_01069_TCGA-OK-A5Q2-01Z-00-DX4,12.0771907563273,15.4368413964493,1
1_#_BRCA_01069_TCGA-OK-A5Q2-01Z-00-DX4,29.4135259947852,-19.0433151889295,4
2_#_BRCA_01069_TCGA-OK-A5Q2-01Z-00-DX4,-15.2292617706672,-28.9951452874313,2
3_#_BRCA_01069_TCGA-OK-A5Q2-01Z-00-DX4,13.0960653801751,16.0086952437266,1
5_#_BRCA_01069_TCGA-OK-A5Q2-01Z-00-DX4,9.38773429852875,3.28577840181224,1
1_#_BRCA_01070_TCGA-OL-A5D6-01Z-00-DX1,-23.3198693002852,17.0303845139933,5
0_#_BRCA_01070_TCGA-OL-A5D6-01Z-00-DX1,-23.3259613429839,17.2126673289111,5
2_#_BRCA_01070_TCGA-OL-A5D6-01Z-00-DX1,24.2879089953546,-11.2317400093801,4
5_#_BRCA_01070_TCGA-OL-A5D6-01Z-00-DX1,-23.4026222456891,17.1892889127388,5
3_#_BRCA_01070_TCGA-OL-A5D6-01Z-00-DX1,-1.74134722927837,8.13117809896615,5
4_#_BRCA_01070_TCGA-OL-A5D6-01Z-00-DX1,-7.65609422605495,8.1855641268819,5
6_#_BRCA_01070_TCGA-OL-A5D6-01Z-00-DX1,-23.7979650636885,17.5146097128835,5
7_#_BRCA_01070_TCGA-OL-A5D6-01Z-00-DX1,-20.5497647604197,6.02045688310573,5
2_#_BRCA_01071_TCGA-OL-A5D7-01Z-00-DX1,-15.8307707978102,8.10217949714566,5
1_#_BRCA_01071_TCGA-OL-A5D7-01Z-00-DX1,-15.7812687966246,8.1323327642492,5
0_#_BRCA_01071_TCGA-OL-A5D7-01Z-00-DX1,-15.7707315934898,8.30868288034736,5
4_#_BRCA_01071_TCGA-OL-A5D7-01Z-00-DX1,-16.8057505927999,8.54107489240708,5
5_#_BRCA_01071_TCGA-OL-A5D7-01Z-00-DX1,-18.4892327374034,14.2136697366076,5
3_#_BRCA_01071_TCGA-OL-A5D7-01Z-00-DX1,-6.60137018764942,15.6380952656677,6
1_#_BRCA_01072_TCGA-OL-A5D8-01Z-00-DX1,-10.7895803051711,-13.5652736337026,2
2_#_BRCA_01072_TCGA-OL-A5D8-01Z-00-DX1,4.74327105891625,-2.85773491719666,10
0_#_BRCA_01072_TCGA-OL-A5D8-01Z-00-DX1,-9.88738479175127,-14.3493346706005,2
6_#_BRCA_01072_TCGA-OL-A5D8-01Z-00-DX1,-9.82690952265772,-14.4274061817532,2
3_#_BRCA_01072_TCGA-OL-A5D8-01Z-00-DX1,-17.6114776588533,-12.7149108434964,2
5_#_BRCA_01072_TCGA-OL-A5D8-01Z-00-DX1,-10.8553591020667,-13.1447649391428,2
7_#_BRCA_01072_TCGA-OL-A5D8-01Z-00-DX1,-10.9996567869177,-13.6514759369729,2
4_#_BRCA_01072_TCGA-OL-A5D8-01Z-00-DX1,18.6715722587862,-18.6251933203742,10
0_#_BRCA_01073_TCGA-OL-A5DA-01Z-00-DX1,33.606900997127,13.7568605089234,7
6_#_BRCA_01073_TCGA-OL-A5DA-01Z-00-DX1,34.4232537556469,17.9564946127881,7
2_#_BRCA_01073_TCGA-OL-A5DA-01Z-00-DX1,21.6939722840795,-3.9382305173084,1
1_#_BRCA_01073_TCGA-OL-A5DA-01Z-00-DX1,39.5298114856961,-5.58894136015676,1
4_#_BRCA_01073_TCGA-OL-A5DA-01Z-00-DX1,-5.03095491141688,30.2064273882389,6
3_#_BRCA_01073_TCGA-OL-A5DA-01Z-00-DX1,-5.78003210681295,2.42653550423208,6
5_#_BRCA_01073_TCGA-OL-A5DA-01Z-00-DX1,30.6578205732686,-15.870093616599,4
0_#_BRCA_01074_TCGA-OL-A5RU-01Z-00-DX1,-19.5650898213019,-2.75159516815782,9
2_#_BRCA_01074_TCGA-OL-A5RU-01Z-00-DX1,-17.6608804991096,12.2678575776677,5
3_#_BRCA_01074_TCGA-OL-A5RU-01Z-00-DX1,-12.7648709042521,20.3060083105523,9
1_#_BRCA_01074_TCGA-OL-A5RU-01Z-00-DX1,2.46291004693184,-18.5991204051946,9
5_#_BRCA_01074_TCGA-OL-A5RU-01Z-00-DX1,-12.7723376511299,20.2722298490351,9
4_#_BRCA_01074_TCGA-OL-A5RU-01Z-00-DX1,2.52230125216394,-18.6151367326728,9
0_#_BRCA_01077_TCGA-OL-A5RX-01Z-00-DX1,-18.4889012802699,1.02006528599416,9
1_#_BRCA_01077_TCGA-OL-A5RX-01Z-00-DX1,-18.551803036045,0.914955689119827,9
2_#_BRCA_01077_TCGA-OL-A5RX-01Z-00-DX1,-18.4947995981372,1.1288694816436,9
3_#_BRCA_01077_TCGA-OL-A5RX-01Z-00-DX1,-18.4514623550108,1.08584580342105,9
4_#_BRCA_01077_TCGA-OL-A5RX-01Z-00-DX1,2.51010925528387,-18.5602488674744,9
5_#_BRCA_01077_TCGA-OL-A5RX-01Z-00-DX1,-18.5509750363843,0.849685007801421,9
0_#_BRCA_01078_TCGA-OL-A5RY-01Z-00-DX1,-19.5666041415314,-2.82601996066302,9
2_#_BRCA_01078_TCGA-OL-A5RY-01Z-00-DX1,-12.7510602818178,20.2626101895716,9
3_#_BRCA_01078_TCGA-OL-A5RY-01Z-00-DX1,-18.8283979287261,29.2878892132267,6
1_#_BRCA_01078_TCGA-OL-A5RY-01Z-00-DX1,-12.7047628457715,20.5433025735336,6
4_#_BRCA_01078_TCGA-OL-A5RY-01Z-00-DX1,-29.5856217733388,9.45476337585797,2
6_#_BRCA_01078_TCGA-OL-A5RY-01Z-00-DX1,-12.7428984151145,20.4648198586419,9
5_#_BRCA_01078_TCGA-OL-A5RY-01Z-00-DX1,-29.5037696793492,9.43933674390684,5
0_#_BRCA_01080_TCGA-OL-A5S0-01Z-00-DX1,-21.1628851620095,-1.61007245012969,9
1_#_BRCA_01080_TCGA-OL-A5S0-01Z-00-DX1,-21.1131212029418,-1.56927006843377,9
3_#_BRCA_01080_TCGA-OL-A5S0-01Z-00-DX1,2.4392495437449,-18.4915898047747,9
2_#_BRCA_01080_TCGA-OL-A5S0-01Z-00-DX1,-21.2660998103573,-1.63462249100395,9
5_#_BRCA_01080_TCGA-OL-A5S0-01Z-00-DX1,2.45466235861159,-18.5900823337207,9
6_#_BRCA_01080_TCGA-OL-A5S0-01Z-00-DX1,-21.1258781533255,-1.65745816715612,9
4_#_BRCA_01080_TCGA-OL-A5S0-01Z-00-DX1,-21.3359808271555,-1.66323403617646,9
0_#_BRCA_01082_TCGA-OL-A66I-01Z-00-DX1,-4.40041268217549,-9.84099792636481,7
4_#_BRCA_01082_TCGA-OL-A66I-01Z-00-DX1,1.82278342276492,-2.95455415945118,7
3_#_BRCA_01082_TCGA-OL-A66I-01Z-00-DX1,-20.5830275093704,-13.1509369427906,2
1_#_BRCA_01082_TCGA-OL-A66I-01Z-00-DX1,1.81251734791289,-2.91252869859177,7
2_#_BRCA_01082_TCGA-OL-A66I-01Z-00-DX1,-11.2274776119995,26.9998942196662,6
5_#_BRCA_01082_TCGA-OL-A66I-01Z-00-DX1,32.3987543529786,4.31358602287855,7
0_#_BRCA_01083_TCGA-OL-A66J-01Z-00-DX1,-7.14961554531498,-11.7222289050487,2
4_#_BRCA_01083_TCGA-OL-A66J-01Z-00-DX1,34.9453245124801,15.9346959680512,7
1_#_BRCA_01083_TCGA-OL-A66J-01Z-00-DX1,35.9891264246672,16.4630066415695,7
3_#_BRCA_01083_TCGA-OL-A66J-01Z-00-DX1,12.2263650679268,-1.32634841558362,7
2_#_BRCA_01083_TCGA-OL-A66J-01Z-00-DX1,35.2016222784675,15.7881957397255,7
5_#_BRCA_01083_TCGA-OL-A66J-01Z-00-DX1,33.917510977437,11.19820058142,7
6_#_BRCA_01083_TCGA-OL-A66J-01Z-00-DX1,4.14930154942593,-17.5780451340781,2
0_#_BRCA_01084_TCGA-OL-A66K-01Z-00-DX1,-11.4733500245645,10.261890296832,1
1_#_BRCA_01084_TCGA-OL-A66K-01Z-00-DX1,25.5695465850966,5.05658166429857,7
2_#_BRCA_01084_TCGA-OL-A66K-01Z-00-DX1,30.4423741036464,6.35332452095769,7
4_#_BRCA_01084_TCGA-OL-A66K-01Z-00-DX1,28.8695076562881,2.35288309031553,7
3_#_BRCA_01084_TCGA-OL-A66K-01Z-00-DX1,36.0470152137487,16.3983772755858,7
5_#_BRCA_01084_TCGA-OL-A66K-01Z-00-DX1,36.5025881290358,16.5885229246111,7
6_#_BRCA_01084_TCGA-OL-A66K-01Z-00-DX1,24.4979481249692,-10.1340631603797,4
0_#_BRCA_01085_TCGA-OL-A66L-01Z-00-DX1,32.6344511598827,12.3361562001874,7
1_#_BRCA_01085_TCGA-OL-A66L-01Z-00-DX1,30.8019666579849,-17.4119024546583,4
2_#_BRCA_01085_TCGA-OL-A66L-01Z-00-DX1,35.9940126676186,16.421218611032,7
4_#_BRCA_01085_TCGA-OL-A66L-01Z-00-DX1,-8.25635055043338,-23.0304107058526,2
3_#_BRCA_01085_TCGA-OL-A66L-01Z-00-DX1,32.6297406423425,4.20687483417126,7
5_#_BRCA_01085_TCGA-OL-A66L-01Z-00-DX1,36.9385580713782,16.590256051441,7
0_#_BRCA_01086_TCGA-OL-A66N-01Z-00-DX1,36.597875768234,16.5620731641721,7
2_#_BRCA_01086_TCGA-OL-A66N-01Z-00-DX1,35.7232853825582,15.9002823415493,7
4_#_BRCA_01086_TCGA-OL-A66N-01Z-00-DX1,36.8502472769208,16.8051721981185,7
1_#_BRCA_01086_TCGA-OL-A66N-01Z-00-DX1,36.8101386246512,16.7423771440217,7
3_#_BRCA_01086_TCGA-OL-A66N-01Z-00-DX1,35.9835059342598,16.4457438694804,7
5_#_BRCA_01086_TCGA-OL-A66N-01Z-00-DX1,-9.48374670641461,38.5863840962729,6
6_#_BRCA_01086_TCGA-OL-A66N-01Z-00-DX1,34.4415853004546,15.4437681266577,7
5_#_BRCA_01087_TCGA-OL-A66O-01Z-00-DX1,-17.7245061744571,-17.4333963440651,2
3_#_BRCA_01087_TCGA-OL-A66O-01Z-00-DX1,-18.1126684938419,-16.2677793690705,2
6_#_BRCA_01087_TCGA-OL-A66O-01Z-00-DX1,-17.7549636497208,-17.3179778414508,2
2_#_BRCA_01087_TCGA-OL-A66O-01Z-00-DX1,-17.6112445516714,-17.5114217724907,2
1_#_BRCA_01087_TCGA-OL-A66O-01Z-00-DX1,-18.1588351100992,-16.0785216054693,2
4_#_BRCA_01087_TCGA-OL-A66O-01Z-00-DX1,-17.843959535652,-16.9947392570418,2
0_#_BRCA_01087_TCGA-OL-A66O-01Z-00-DX1,-17.6708048058096,-17.500944145851,2
7_#_BRCA_01087_TCGA-OL-A66O-01Z-00-DX1,36.3351042040921,16.7836952135818,7
2_#_BRCA_01088_TCGA-OL-A66P-01Z-00-DX1,35.9072475254781,16.3463686547574,7
1_#_BRCA_01088_TCGA-OL-A66P-01Z-00-DX1,6.44538380801951,1.65010156652215,1
0_#_BRCA_01088_TCGA-OL-A66P-01Z-00-DX1,1.78070776470972,-13.6744647934605,1
3_#_BRCA_01088_TCGA-OL-A66P-01Z-00-DX1,3.68662099684438,35.1938099432021,7
4_#_BRCA_01088_TCGA-OL-A66P-01Z-00-DX1,32.2315945492588,4.39366449665053,7
5_#_BRCA_01088_TCGA-OL-A66P-01Z-00-DX1,2.55514610935777,-3.52272780484431,7
6_#_BRCA_01088_TCGA-OL-A66P-01Z-00-DX1,1.78963199253205,-13.6883283295272,1
0_#_BRCA_01090_TCGA-OL-A6VQ-01Z-00-DX1,30.2105659779925,-17.0873937052357,4
1_#_BRCA_01090_TCGA-OL-A6VQ-01Z-00-DX1,-9.83109244236159,-24.6358581925188,2
2_#_BRCA_01090_TCGA-OL-A6VQ-01Z-00-DX1,-18.4886189829937,-0.30811736233672,5
4_#_BRCA_01090_TCGA-OL-A6VQ-01Z-00-DX1,-9.74397248350054,-24.6509262132391,2
3_#_BRCA_01090_TCGA-OL-A6VQ-01Z-00-DX1,-3.94444196183133,-19.5197942843542,2
5_#_BRCA_01090_TCGA-OL-A6VQ-01Z-00-DX1,5.18033154815371,-19.8248540887914,2
0_#_BRCA_01091_TCGA-OL-A97C-01Z-00-DX1,19.7397183768163,-13.4561886818113,4
1_#_BRCA_01091_TCGA-OL-A97C-01Z-00-DX1,-3.23181115596484,7.36111625637874,5
4_#_BRCA_01091_TCGA-OL-A97C-01Z-00-DX1,2.62209139268991,4.40319548828537,1
2_#_BRCA_01091_TCGA-OL-A97C-01Z-00-DX1,-16.8123354497506,19.9451445106544,5
3_#_BRCA_01091_TCGA-OL-A97C-01Z-00-DX1,-1.17156539078949,6.11973980865356,1
7_#_BRCA_01091_TCGA-OL-A97C-01Z-00-DX1,-3.46460567006421,8.38995806097039,5
5_#_BRCA_01091_TCGA-OL-A97C-01Z-00-DX1,-15.0136331016607,24.2297778071307,2
6_#_BRCA_01091_TCGA-OL-A97C-01Z-00-DX1,-3.19204989415733,7.09993866068899,5
2_#_BRCA_01092_TCGA-PE-A5DC-01Z-00-DX1,17.4257488739267,17.8419628600606,7
1_#_BRCA_01092_TCGA-PE-A5DC-01Z-00-DX1,16.1951739115226,11.9763724816569,7
0_#_BRCA_01092_TCGA-PE-A5DC-01Z-00-DX1,16.4221590238689,18.3104004567754,6
5_#_BRCA_01092_TCGA-PE-A5DC-01Z-00-DX1,-20.0921189024983,-20.072203879963,7
6_#_BRCA_01092_TCGA-PE-A5DC-01Z-00-DX1,16.2275431823869,12.0729739043177,7
4_#_BRCA_01092_TCGA-PE-A5DC-01Z-00-DX1,17.8411395741631,17.468437592968,7
3_#_BRCA_01092_TCGA-PE-A5DC-01Z-00-DX1,15.063203164462,18.4857599947119,1
2_#_BRCA_01093_TCGA-PE-A5DD-01Z-00-DX1,13.8113287962666,18.5620039330375,1
0_#_BRCA_01093_TCGA-PE-A5DD-01Z-00-DX1,13.6907179580043,18.298883315437,1
1_#_BRCA_01093_TCGA-PE-A5DD-01Z-00-DX1,18.0000051404968,17.2914627028439,5
5_#_BRCA_01093_TCGA-PE-A5DD-01Z-00-DX1,14.7723137886684,18.6740374002601,1
3_#_BRCA_01093_TCGA-PE-A5DD-01Z-00-DX1,17.9938773966023,17.3242680445248,5
4_#_BRCA_01093_TCGA-PE-A5DD-01Z-00-DX1,18.0799771916548,17.2467744108875,7
6_#_BRCA_01093_TCGA-PE-A5DD-01Z-00-DX1,14.7561148790019,18.3538330050312,1
0_#_BRCA_01094_TCGA-PE-A5DE-01Z-00-DX1,16.2117257522728,11.1057896157999,7
1_#_BRCA_01094_TCGA-PE-A5DE-01Z-00-DX1,14.1630997494904,18.8724115866932,1
3_#_BRCA_01094_TCGA-PE-A5DE-01Z-00-DX1,14.4909385090047,18.7670254932281,1
2_#_BRCA_01094_TCGA-PE-A5DE-01Z-00-DX1,13.6477967171781,17.3554070434639,1
4_#_BRCA_01094_TCGA-PE-A5DE-01Z-00-DX1,27.309822581711,-7.67172295392603,4
5_#_BRCA_01094_TCGA-PE-A5DE-01Z-00-DX1,16.1976856783593,11.487502463407,7
0_#_BRCA_01097_TCGA-PL-A8LX-01A-01-DX1,-21.5603887407725,-19.7292359571451,2
2_#_BRCA_01097_TCGA-PL-A8LX-01A-01-DX1,-24.810664401152,-20.0468707879564,2
1_#_BRCA_01097_TCGA-PL-A8LX-01A-01-DX1,-21.6876239229022,-19.6569189345572,2
4_#_BRCA_01097_TCGA-PL-A8LX-01A-01-DX1,9.27232622510819,-0.856860279838961,3
3_#_BRCA_01097_TCGA-PL-A8LX-01A-01-DX1,-24.7705307449568,-20.0106446919804,2
6_#_BRCA_01097_TCGA-PL-A8LX-01A-01-DX1,-21.6478603593947,-19.6650754637998,2
5_#_BRCA_01097_TCGA-PL-A8LX-01A-01-DX1,-21.9173300417244,-19.5741647585241,2
1_#_BRCA_01100_TCGA-PL-A8LY-01A-02-DX2,-23.5321483485569,-18.0214291805573,2
0_#_BRCA_01100_TCGA-PL-A8LY-01A-02-DX2,-5.85600986210753,-40.1376791730507,11
2_#_BRCA_01100_TCGA-PL-A8LY-01A-02-DX2,-21.7175846168044,-17.7129862469478,2
4_#_BRCA_01100_TCGA-PL-A8LY-01A-02-DX2,-23.3252583735583,-17.7794976065977,2
3_#_BRCA_01100_TCGA-PL-A8LY-01A-02-DX2,-21.6837084855192,-17.6749771957412,3
5_#_BRCA_01100_TCGA-PL-A8LY-01A-02-DX2,-21.6402584476764,-17.6095465696994,2
6_#_BRCA_01100_TCGA-PL-A8LY-01A-02-DX2,9.78398135258362,-0.692155396263986,3
0_#_BRCA_01102_TCGA-PL-A8LZ-01A-02-DX2,-25.1187243095645,-20.6189599723436,2
3_#_BRCA_01102_TCGA-PL-A8LZ-01A-02-DX2,-23.9631998495487,-18.8697013353084,2
1_#_BRCA_01102_TCGA-PL-A8LZ-01A-02-DX2,-25.0475178191829,-20.5622553422594,2
2_#_BRCA_01102_TCGA-PL-A8LZ-01A-02-DX2,-24.7809317100706,-20.0194122992819,2
4_#_BRCA_01102_TCGA-PL-A8LZ-01A-02-DX2,-25.0697727334309,-20.5347867792625,2
5_#_BRCA_01102_TCGA-PL-A8LZ-01A-02-DX2,-24.9735443131756,-20.3525818527041,2
0_#_BRCA_01103_TCGA-PL-A8LZ-01A-03-DX3,-23.874813917911,-18.3529812617281,2
2_#_BRCA_01103_TCGA-PL-A8LZ-01A-03-DX3,-24.1117904384361,-18.3212060619595,2
1_#_BRCA_01103_TCGA-PL-A8LZ-01A-03-DX3,-23.7368162006006,-18.244751175861,2
4_#_BRCA_01103_TCGA-PL-A8LZ-01A-03-DX3,-23.7202788560462,-18.6920408810228,2
3_#_BRCA_01103_TCGA-PL-A8LZ-01A-03-DX3,-24.3759811112144,-18.2333517065538,2
0_#_BRCA_01104_TCGA-S3-A6ZF-01Z-00-DX1,0.299506604879681,30.5024869302813,6
2_#_BRCA_01104_TCGA-S3-A6ZF-01Z-00-DX1,25.9429497067545,7.5275928544581,4
1_#_BRCA_01104_TCGA-S3-A6ZF-01Z-00-DX1,-9.95464959281733,34.723309069083,6
3_#_BRCA_01104_TCGA-S3-A6ZF-01Z-00-DX1,-10.5506820215336,35.5865998231479,6
6_#_BRCA_01104_TCGA-S3-A6ZF-01Z-00-DX1,-11.0965848029409,36.1432020565299,6
4_#_BRCA_01104_TCGA-S3-A6ZF-01Z-00-DX1,29.2405855460403,20.4353938582546,7
5_#_BRCA_01104_TCGA-S3-A6ZF-01Z-00-DX1,24.3064573406849,4.72884469704716,7
5_#_BRCA_01105_TCGA-S3-A6ZG-01Z-00-DX1,1.48800032571174,25.2885484177086,1
4_#_BRCA_01105_TCGA-S3-A6ZG-01Z-00-DX1,32.8769795604027,-8.18872025132623,4
2_#_BRCA_01105_TCGA-S3-A6ZG-01Z-00-DX1,27.7539789228125,-21.294059271224,4
3_#_BRCA_01105_TCGA-S3-A6ZG-01Z-00-DX1,35.6264991616548,-7.26225542924923,4
1_#_BRCA_01105_TCGA-S3-A6ZG-01Z-00-DX1,-16.9160549944655,-10.3338964078748,2
0_#_BRCA_01105_TCGA-S3-A6ZG-01Z-00-DX1,6.14386581202499,23.1151344723167,1
6_#_BRCA_01105_TCGA-S3-A6ZG-01Z-00-DX1,4.62609367582312,30.2452395442123,6
7_#_BRCA_01105_TCGA-S3-A6ZG-01Z-00-DX1,14.8429092130311,13.2299412099446,6
0_#_BRCA_01106_TCGA-S3-A6ZH-01Z-00-DX1,-16.320498169508,13.4509328022185,5
2_#_BRCA_01106_TCGA-S3-A6ZH-01Z-00-DX1,-16.7583733503432,13.8486916893682,5
1_#_BRCA_01106_TCGA-S3-A6ZH-01Z-00-DX1,-6.44358507959951,25.7231401199803,1
5_#_BRCA_01106_TCGA-S3-A6ZH-01Z-00-DX1,16.6718593824559,2.63303144465976,9
4_#_BRCA_01106_TCGA-S3-A6ZH-01Z-00-DX1,-24.3427571635552,19.1069220951471,5
3_#_BRCA_01106_TCGA-S3-A6ZH-01Z-00-DX1,-16.368079975975,13.4147000521983,5
6_#_BRCA_01106_TCGA-S3-A6ZH-01Z-00-DX1,5.021345770366,25.6335175498591,1
7_#_BRCA_01106_TCGA-S3-A6ZH-01Z-00-DX1,11.7699063299195,-19.6309044228474,4
0_#_BRCA_01107_TCGA-S3-AA0Z-01Z-00-DX1,30.0518580751963,-20.7039915199152,4
1_#_BRCA_01107_TCGA-S3-AA0Z-01Z-00-DX1,-6.3742822953445,2.29363158615342,6
4_#_BRCA_01107_TCGA-S3-AA0Z-01Z-00-DX1,-6.55075067009325,3.06069031521114,6
3_#_BRCA_01107_TCGA-S3-AA0Z-01Z-00-DX1,-7.52361797456651,-26.7360660711487,2
2_#_BRCA_01107_TCGA-S3-AA0Z-01Z-00-DX1,2.26251672314607,-15.542301136403,2
5_#_BRCA_01107_TCGA-S3-AA0Z-01Z-00-DX1,32.3607588686687,-8.88212343773311,4
1_#_BRCA_01108_TCGA-S3-AA10-01Z-00-DX1,30.1368971444797,-20.4045405529605,4
0_#_BRCA_01108_TCGA-S3-AA10-01Z-00-DX1,-8.75145276582804,0.521179375362547,6
2_#_BRCA_01108_TCGA-S3-AA10-01Z-00-DX1,31.3854087117352,-9.84942296039971,4
6_#_BRCA_01108_TCGA-S3-AA10-01Z-00-DX1,-4.97579749628098,34.4871043917277,6
3_#_BRCA_01108_TCGA-S3-AA10-01Z-00-DX1,-7.84637224746828,35.2690055993551,6
4_#_BRCA_01108_TCGA-S3-AA10-01Z-00-DX1,-14.9903535644083,6.77823764828958,5
5_#_BRCA_01108_TCGA-S3-AA10-01Z-00-DX1,-8.41362981718204,-26.5140514997386,2
0_#_BRCA_01109_TCGA-S3-AA11-01Z-00-DX1,-12.3051745612974,-30.0888308615778,2
2_#_BRCA_01109_TCGA-S3-AA11-01Z-00-DX1,29.7561524902947,-21.0291634278921,4
4_#_BRCA_01109_TCGA-S3-AA11-01Z-00-DX1,30.9277403593475,-18.9470628605688,10
3_#_BRCA_01109_TCGA-S3-AA11-01Z-00-DX1,-4.3124256740732,0.720719343755044,6
5_#_BRCA_01109_TCGA-S3-AA11-01Z-00-DX1,-12.0971000834886,-30.4548861530243,2
1_#_BRCA_01109_TCGA-S3-AA11-01Z-00-DX1,31.2987362263882,-10.0276362726034,4
7_#_BRCA_01109_TCGA-S3-AA11-01Z-00-DX1,-7.87498532209232,-26.8139880753214,2
6_#_BRCA_01109_TCGA-S3-AA11-01Z-00-DX1,-8.81412379852525,-25.9473394296256,2
0_#_BRCA_01110_TCGA-S3-AA12-01Z-00-DX1,1.57715371098936,-9.51194463120165,2
2_#_BRCA_01110_TCGA-S3-AA12-01Z-00-DX1,7.03431882744384,6.43365077240804,2
1_#_BRCA_01110_TCGA-S3-AA12-01Z-00-DX1,1.86066184904324,6.56338157839302,1
5_#_BRCA_01110_TCGA-S3-AA12-01Z-00-DX1,-16.3613590929611,-28.8510085245531,2
3_#_BRCA_01110_TCGA-S3-AA12-01Z-00-DX1,7.18215156703705,6.44853254244358,1
4_#_BRCA_01110_TCGA-S3-AA12-01Z-00-DX1,31.8285693453336,-11.7571430284382,4
6_#_BRCA_01110_TCGA-S3-AA12-01Z-00-DX1,1.6298835475898,-9.19896941524477,2
0_#_BRCA_01111_TCGA-S3-AA12-01Z-00-DX2,5.18146406788553,10.789967805326,1
1_#_BRCA_01111_TCGA-S3-AA12-01Z-00-DX2,7.20043571656078,4.7337733932429,1
3_#_BRCA_01111_TCGA-S3-AA12-01Z-00-DX2,7.46471432353937,4.12194365996828,1
2_#_BRCA_01111_TCGA-S3-AA12-01Z-00-DX2,-13.1195917284331,-15.4080862531562,1
6_#_BRCA_01111_TCGA-S3-AA12-01Z-00-DX2,-13.1937688751095,-15.3261259067294,1
4_#_BRCA_01111_TCGA-S3-AA12-01Z-00-DX2,-12.8654663302314,-15.3998220755121,1
5_#_BRCA_01111_TCGA-S3-AA12-01Z-00-DX2,-4.86385927531504,36.8371074367365,6
0_#_BRCA_01112_TCGA-S3-AA14-01Z-00-DX1,5.08097365319215,-20.3773156682237,4
3_#_BRCA_01112_TCGA-S3-AA14-01Z-00-DX1,29.6289746451623,15.781482455124,7
1_#_BRCA_01112_TCGA-S3-AA14-01Z-00-DX1,31.7029033342609,10.0242306434529,7
2_#_BRCA_01112_TCGA-S3-AA14-01Z-00-DX1,24.9954135978429,-5.31808486152538,4
4_#_BRCA_01112_TCGA-S3-AA14-01Z-00-DX1,-15.3632393606681,30.6189935490546,6
0_#_BRCA_01113_TCGA-S3-AA15-01Z-00-DX1,5.69440419265132,-3.07910016337046,1
1_#_BRCA_01113_TCGA-S3-AA15-01Z-00-DX1,-1.01810491835413,-31.1963970275054,9
4_#_BRCA_01113_TCGA-S3-AA15-01Z-00-DX1,6.83398519868616,-8.07616868579506,10
2_#_BRCA_01113_TCGA-S3-AA15-01Z-00-DX1,-1.89436192234022,19.00975028658,1
5_#_BRCA_01113_TCGA-S3-AA15-01Z-00-DX1,4.24190209432901,-26.6347391376397,9
3_#_BRCA_01113_TCGA-S3-AA15-01Z-00-DX1,0.549202595458448,-21.0324619692251,2
6_#_BRCA_01113_TCGA-S3-AA15-01Z-00-DX1,-1.29736116002588,-13.6669144195672,5
0_#_BRCA_01114_TCGA-S3-AA15-01Z-00-DX2,-22.949800536165,-15.5543035624876,2
1_#_BRCA_01114_TCGA-S3-AA15-01Z-00-DX2,-23.4159558686097,-15.6767464464896,2
3_#_BRCA_01114_TCGA-S3-AA15-01Z-00-DX2,4.68275850045228,-3.30474344814284,10
4_#_BRCA_01114_TCGA-S3-AA15-01Z-00-DX2,-23.5610807291627,-14.8532328926186,2
5_#_BRCA_01114_TCGA-S3-AA15-01Z-00-DX2,-22.8104356494974,-15.5569076412702,2
2_#_BRCA_01114_TCGA-S3-AA15-01Z-00-DX2,-22.9827541280181,-15.7174675476383,2
6_#_BRCA_01114_TCGA-S3-AA15-01Z-00-DX2,-23.438189187187,-15.7070634565301,2
7_#_BRCA_01114_TCGA-S3-AA15-01Z-00-DX2,-5.3284482478022,12.2102202688791,7
0_#_BRCA_01115_TCGA-S3-AA17-01Z-00-DX1,8.87086506657778,12.2518904581676,1
1_#_BRCA_01115_TCGA-S3-AA17-01Z-00-DX1,33.4559248060302,11.2451467367378,7
3_#_BRCA_01115_TCGA-S3-AA17-01Z-00-DX1,-10.0123397600767,-9.21267630034339,5
5_#_BRCA_01115_TCGA-S3-AA17-01Z-00-DX1,7.99688076831923,23.6137194305596,1
2_#_BRCA_01115_TCGA-S3-AA17-01Z-00-DX1,8.44608552029031,4.87573460823976,1
4_#_BRCA_01115_TCGA-S3-AA17-01Z-00-DX1,33.1743773648952,6.72638366711338,7
0_#_BRCA_01116_TCGA-UL-AAZ6-01Z-00-DX1,31.8687163143387,5.41040836987252,7
2_#_BRCA_01116_TCGA-UL-AAZ6-01Z-00-DX1,-18.396534312958,-14.3983994502938,7
3_#_BRCA_01116_TCGA-UL-AAZ6-01Z-00-DX1,33.5298271584281,9.74275259902129,7
1_#_BRCA_01116_TCGA-UL-AAZ6-01Z-00-DX1,12.1174843956913,-1.75654328217779,7
4_#_BRCA_01116_TCGA-UL-AAZ6-01Z-00-DX1,11.7159855433813,-1.8008977997911,10
5_#_BRCA_01116_TCGA-UL-AAZ6-01Z-00-DX1,-18.4210779937515,-14.2603385837739,7
6_#_BRCA_01116_TCGA-UL-AAZ6-01Z-00-DX1,24.2066742991644,4.72601131220711,7
0_#_BRCA_01117_TCGA-UU-A93S-01Z-00-DX1,-5.25902961163371,-21.2846867628529,2
2_#_BRCA_01117_TCGA-UU-A93S-01Z-00-DX1,5.11849714760873,-27.6372889955065,5
1_#_BRCA_01117_TCGA-UU-A93S-01Z-00-DX1,-5.26432890119827,-21.2728744318617,2
5_#_BRCA_01117_TCGA-UU-A93S-01Z-00-DX1,-5.27932211073198,-21.3421006578587,2
4_#_BRCA_01117_TCGA-UU-A93S-01Z-00-DX1,-0.308157967033472,1.43699947836138,5
3_#_BRCA_01117_TCGA-UU-A93S-01Z-00-DX1,-9.79500083002621,15.4310624825258,5
2_#_BRCA_01118_TCGA-W8-A86G-01Z-00-DX2,12.9583240888557,-7.22512550239472,5
1_#_BRCA_01118_TCGA-W8-A86G-01Z-00-DX2,-11.9878096650152,32.2939066171471,6
3_#_BRCA_01118_TCGA-W8-A86G-01Z-00-DX2,27.2743468611521,0.613013955088476,4
4_#_BRCA_01118_TCGA-W8-A86G-01Z-00-DX2,-8.69270949539998,1.06942372707092,6
5_#_BRCA_01118_TCGA-W8-A86G-01Z-00-DX2,9.21106017260092,-5.2149281917886,4
0_#_BRCA_01118_TCGA-W8-A86G-01Z-00-DX2,26.5825992063219,-0.14070861667517,4
6_#_BRCA_01118_TCGA-W8-A86G-01Z-00-DX2,-5.39587136150044,-1.62936450035015,7
7_#_BRCA_01118_TCGA-W8-A86G-01Z-00-DX2,-7.81706603544707,27.3076500330036,6
8_#_BRCA_01118_TCGA-W8-A86G-01Z-00-DX2,32.7380065367384,-9.11542921712792,4
9_#_BRCA_01118_TCGA-W8-A86G-01Z-00-DX2,-13.7453838213117,28.3830416884211,6
2_#_BRCA_01119_TCGA-WT-AB41-01Z-00-DX1,-21.6889499869414,11.8383465113374,5
1_#_BRCA_01119_TCGA-WT-AB41-01Z-00-DX1,30.5020499922746,4.76934534957693,7
0_#_BRCA_01119_TCGA-WT-AB41-01Z-00-DX1,33.6948591405068,15.5750736957799,7
4_#_BRCA_01119_TCGA-WT-AB41-01Z-00-DX1,-13.5646318276313,6.95511378349835,5
3_#_BRCA_01119_TCGA-WT-AB41-01Z-00-DX1,-5.24883880564836,-20.7520435366167,5
5_#_BRCA_01119_TCGA-WT-AB41-01Z-00-DX1,32.7359884007105,2.86808156558578,7
6_#_BRCA_01119_TCGA-WT-AB41-01Z-00-DX1,28.8377425296508,-3.57817151480378,4
8_#_BRCA_01119_TCGA-WT-AB41-01Z-00-DX1,30.4952377546883,6.30991256990843,7
7_#_BRCA_01119_TCGA-WT-AB41-01Z-00-DX1,-3.86852007188806,-15.8723054334576,2
0_#_BRCA_01120_TCGA-WT-AB44-01Z-00-DX1,-20.8883612360808,20.6275874544378,5
2_#_BRCA_01120_TCGA-WT-AB44-01Z-00-DX1,-29.1322060882512,12.3648168223407,5
5_#_BRCA_01120_TCGA-WT-AB44-01Z-00-DX1,18.9509376305853,15.2308642889455,7
1_#_BRCA_01120_TCGA-WT-AB44-01Z-00-DX1,21.3644810059172,-0.374055213354482,4
3_#_BRCA_01120_TCGA-WT-AB44-01Z-00-DX1,3.88117970368595,-3.39883154614838,10
4_#_BRCA_01120_TCGA-WT-AB44-01Z-00-DX1,-18.9594074188959,-5.47621623165818,2
6_#_BRCA_01120_TCGA-WT-AB44-01Z-00-DX1,-9.33127348152426,-0.678705575864258,2
0_#_BRCA_01121_TCGA-XX-A899-01Z-00-DX1,25.9945214059449,-14.941973826597,4
2_#_BRCA_01121_TCGA-XX-A899-01Z-00-DX1,29.8703510403741,-19.9590177313959,4
1_#_BRCA_01121_TCGA-XX-A899-01Z-00-DX1,34.5120709495292,-6.36595621084752,4
3_#_BRCA_01121_TCGA-XX-A899-01Z-00-DX1,35.5401721753977,-6.2457347172276,4
4_#_BRCA_01121_TCGA-XX-A899-01Z-00-DX1,29.6289969999297,13.3827322333855,7
6_#_BRCA_01121_TCGA-XX-A899-01Z-00-DX1,5.05037275485187,25.4534989580885,5
5_#_BRCA_01121_TCGA-XX-A899-01Z-00-DX1,25.4615327281388,-13.4206168839749,4
0_#_BRCA_01122_TCGA-XX-A89A-01Z-00-DX1,37.1495989948843,-1.61848881204013,1
1_#_BRCA_01122_TCGA-XX-A89A-01Z-00-DX1,37.1674452738531,-1.67705786021764,1
2_#_BRCA_01122_TCGA-XX-A89A-01Z-00-DX1,12.1282362382214,16.610040892536,1
4_#_BRCA_01122_TCGA-XX-A89A-01Z-00-DX1,13.7220259873696,16.5516056072851,1
3_#_BRCA_01122_TCGA-XX-A89A-01Z-00-DX1,16.8269236751387,4.76467212148742,4
5_#_BRCA_01122_TCGA-XX-A89A-01Z-00-DX1,37.1657425379971,-1.69393886459918,1
6_#_BRCA_01122_TCGA-XX-A89A-01Z-00-DX1,28.7262233959549,-14.2316879433938,4
1_#_BRCA_01123_TCGA-Z7-A8R5-01Z-00-DX1,13.4215254794493,20.467209481483,1
4_#_BRCA_01123_TCGA-Z7-A8R5-01Z-00-DX1,13.0470812430264,20.1134830624696,1
5_#_BRCA_01123_TCGA-Z7-A8R5-01Z-00-DX1,34.5479141834994,8.1639054694757,7
6_#_BRCA_01123_TCGA-Z7-A8R5-01Z-00-DX1,21.5189819098293,16.9114054083145,7
0_#_BRCA_01123_TCGA-Z7-A8R5-01Z-00-DX1,21.5463568598578,17.0553640151625,7
7_#_BRCA_01123_TCGA-Z7-A8R5-01Z-00-DX1,13.360575260309,20.9159543600787,1
3_#_BRCA_01123_TCGA-Z7-A8R5-01Z-00-DX1,-2.84741313524299,8.94300828678286,5
2_#_BRCA_01123_TCGA-Z7-A8R5-01Z-00-DX1,24.1321690080844,-3.24099010102901,4
8_#_BRCA_01123_TCGA-Z7-A8R5-01Z-00-DX1,-0.11288006705089,-26.494166966274,9
0_#_BRCA_01124_TCGA-Z7-A8R6-01Z-00-DX1,0.314321768232564,4.70167125310266,1
1_#_BRCA_01124_TCGA-Z7-A8R6-01Z-00-DX1,23.5909946515452,0.432640240728201,4
4_#_BRCA_01124_TCGA-Z7-A8R6-01Z-00-DX1,6.35821157324115,17.3582412703041,1
3_#_BRCA_01124_TCGA-Z7-A8R6-01Z-00-DX1,6.72143421323949,23.6865562768041,1
2_#_BRCA_01124_TCGA-Z7-A8R6-01Z-00-DX1,6.23731381543136,17.6717656898412,1
5_#_BRCA_01124_TCGA-Z7-A8R6-01Z-00-DX1,23.9148375251101,0.337864964402557,4
